pass,keyword,segmento,intencion,encaje,busquedas_mes,competencia,idx_comp,cpc_usd,puja_baja,puja_alta,var_anual_pct,pico_mes,variantes,otras_variantes,tags
en_world,"find vessel",OTRO,GENERICA,EXCLUIR,450000,LOW,1,2503.84,371.72,2906.15,29,6,1,"","url:gac.com url:24marine.com"
en_world,"panama canal",INFO_CANAL,INFORMACIONAL,EXCLUIR,368000,LOW,3,4276.95,742.24,4703.81,-50,1,2,"panama and the canal","url:adimarships.com url:panamashipservice.com url:gac.com url:lethagencies.com url:orcashipsagents.com"
en_world,"panama canal panama canal",INFO_CANAL,INFORMACIONAL,BLOG_GENERAL,368000,LOW,3,4276.95,742.24,4703.81,-50,1,1,"","url:adimarships.com url:panamashipservice.com url:gac.com url:lethagencies.com url:orcashipsagents.com"
en_world,"panama canal panama",INFO_CANAL,INFORMACIONAL,BLOG_GENERAL,368000,LOW,3,4276.95,742.24,4703.81,-50,1,4,"panama panama canal | panama canal in panama | panama and panama canal","url:adimarships.com url:panamashipservice.com url:gac.com url:lethagencies.com url:orcashipsagents.com"
en_world,"panama canal canal",INFO_CANAL,INFORMACIONAL,BLOG_GENERAL,368000,LOW,3,4276.95,742.24,4703.81,-50,1,1,"","url:adimarships.com url:panamashipservice.com url:lethagencies.com url:orcashipsagents.com"
en_world,"panama cl",OTRO,COMERCIAL,EXCLUIR,368000,LOW,3,4276.95,742.24,4703.81,-50,1,1,"","url:adimarships.com url:panamashipservice.com url:lethagencies.com url:orcashipsagents.com"
en_world,"panamanian canal",INFO_CANAL,INFORMACIONAL,EXCLUIR,368000,LOW,3,4276.95,742.24,4703.81,-50,1,1,"","url:lethagencies.com url:orcashipsagents.com"
en_world,"panama city panama canal",INFO_CANAL,INFORMACIONAL,EXCLUIR,368000,LOW,3,4308.83,747.77,4738.86,-50,1,1,"","url:orcashipsagents.com"
en_world,"vessel tracking",OTRO,GENERICA,EXCLUIR,201000,LOW,3,2808.27,347.60,3201.34,16,4,1,"","url:gac.com"
en_world,"agency marketing",FUERA,COMERCIAL,EXCLUIR,135000,LOW,20,24596.84,2506.54,31301.25,-25,2,5,"marketing agency | a marketing agency | agency for marketing","url:crossworldagency.com"
en_world,"marketing agency marketing agency",FUERA,COMERCIAL,EXCLUIR,135000,LOW,20,24596.84,2506.54,31301.25,-25,2,1,"","url:crossworldagency.com"
en_world,"shipping services",OTRO,COMERCIAL,EXCLUIR,110000,LOW,15,20999.22,3739.57,36208.49,52,9,1,"","url:adimarships.com url:gac.com url:lethagencies.com"
en_world,"ship services",OTRO,COMERCIAL,EXCLUIR,110000,LOW,15,20999.22,3739.57,36208.49,52,9,2,"ships services","url:panamashipservice.com"
en_world,"ship container ship",OTRO,GENERICA,EXCLUIR,110000,HIGH,99,13171.54,3971.66,18679.25,-15,10,1,"","url:orcashipsagents.com"
en_world,"imo testing",OTRO,GENERICA,EXCLUIR,110000,LOW,0,7395.45,610.22,9654.82,17482,5,1,"","url:24marine.com"
en_world,"cargo vessel ship",OTRO,GENERICA,REVISAR,90500,LOW,2,12738.91,1409.79,15171.63,-36,6,1,"","url:adimarships.com url:orcashipsagents.com"
en_world,"cargo ship",OTRO,GENERICA,EXCLUIR,90500,LOW,2,12833.84,1420.30,15284.68,-36,6,3,"cargo in ship | cargo of ship","url:orcashipsagents.com"
en_world,"cargo ship cargo ship",OTRO,GENERICA,EXCLUIR,90500,LOW,2,12833.84,1420.30,15284.68,-36,6,1,"","url:orcashipsagents.com"
en_world,"ship cargo ship",OTRO,GENERICA,EXCLUIR,90500,LOW,2,12833.84,1420.30,15284.68,-36,6,1,"","url:orcashipsagents.com"
en_world,"ship as cargo",OTRO,GENERICA,REVISAR,90500,LOW,2,12833.84,1420.30,15284.68,-36,6,1,"","url:orcashipsagents.com"
en_world,"ship with cargo",OTRO,GENERICA,REVISAR,90500,LOW,2,12833.84,1420.30,15284.68,-36,6,1,"","url:orcashipsagents.com"
en_world,"freight forwarding agency",FUERA,COMERCIAL,EXCLUIR,74000,LOW,25,19719.81,2305.50,22295.80,-1,3,1,"","agencia"
en_world,"towage company",OTRO,COMERCIAL,EXCLUIR,74000,MEDIUM,40,27643.74,7193.78,28203.30,-14,3,1,"","agencia"
en_world,"find ship",OTRO,GENERICA,EXCLUIR,74000,LOW,2,1209.61,187.65,1942.38,12,3,1,"","url:adimarships.com url:panamashipservice.com url:gac.com"
en_world,"ship per",OTRO,GENERICA,REVISAR,74000,LOW,4,8209.48,1278.55,24058.47,3,1,1,"","url:panamashipservice.com"
en_world,"authority port",INFO_CANAL,INFORMACIONAL,EXCLUIR,74000,LOW,18,8508.95,1645.65,8260.79,-28,12,1,"","url:lethagencies.com"
en_world,"us maritime",OTRO,INFORMACIONAL,REVISAR,74000,LOW,5,24076.15,9346.32,55264.52,-1,3,1,"","url:24marine.com"
en_world,"owner ship",OTRO,GENERICA,EXCLUIR,60500,LOW,0,15346.64,2695.28,18619.26,2,1,1,"","url:adimarships.com"
en_world,"panama de canal",INFO_CANAL,INFORMACIONAL,EXCLUIR,60500,LOW,2,2582.65,602.98,3282.22,-54,1,1,"","url:orcashipsagents.com"
en_world,"container vessel",OTRO,GENERICA,REVISAR,60500,LOW,4,18327.04,3534.97,27775.20,16,3,1,"","url:orcashipsagents.com url:24marine.com"
en_world,"gas tankers",OTRO,GENERICA,EXCLUIR,49500,HIGH,79,2605.62,811.26,10643.17,-5,3,1,"","url:24marine.com"
en_world,"survey world",FUERA,GENERICA,EXCLUIR,49500,LOW,16,5439.46,1427.94,4640.99,-4,3,1,"","url:crossworldagency.com"
en_world,"shipping company",CONSULT,COMERCIAL,SERVICIO,40500,LOW,29,21384.94,1686.87,28446.05,-49,12,3,"shipping companies | company for shipping","url:panamashipservice.com"
en_world,"ship company",OTRO,COMERCIAL,REVISAR,40500,LOW,29,21384.94,1686.87,28446.05,-49,12,2,"company ships","url:gac.com"
en_world,"port of calls",INFO_CANAL,INFORMACIONAL,EXCLUIR,40500,LOW,3,2400.83,716.77,5682.81,-1,3,1,"","url:lethagencies.com"
en_world,"biggest ship",OTRO,GENERICA,REVISAR,40500,LOW,2,1221.38,224.31,2254.46,6,1,1,"","url:orcashipsagents.com"
en_world,"ship's parts",OTRO,GENERICA,EXCLUIR,33100,LOW,1,3473.66,1065.18,3450.42,-21,11,1,"","url:panamashipservice.com"
en_world,"international ship",OTRO,GENERICA,EXCLUIR,33100,LOW,14,15284.22,2756.93,17427.28,-1,7,2,"international ships","url:gac.com"
en_world,"part ship",OTRO,GENERICA,REVISAR,33100,LOW,1,3473.66,1065.18,3450.42,-21,11,2,"ship parts","url:lethagencies.com"
en_world,"suez canal map",INFO_CANAL,INFORMACIONAL,EXCLUIR,33100,LOW,19,189.40,0.00,0.00,30,3,1,"","url:lethagencies.com"
en_world,"panama canal map",INFO_CANAL,INFORMACIONAL,EXCLUIR,27100,MEDIUM,38,207.17,1218.19,9664.74,-34,1,1,"","url:lethagencies.com"
en_world,"shipping authority",INFO_CANAL,INFORMACIONAL,EXCLUIR,27100,LOW,6,742.63,718.58,1614.75,14,3,1,"","url:lethagencies.com"
en_world,"hull shipping",OTRO,GENERICA,REVISAR,22200,LOW,0,2107.28,0.00,0.00,-12,9,1,"","url:gac.com"
en_world,"colon colon panama",OTRO,COMERCIAL,REVISAR,22200,LOW,5,3571.40,605.19,4178.80,15,1,1,"","url:orcashipsagents.com"
en_world,"bulk carriers",OTRO,GENERICA,REVISAR,22200,LOW,2,4523.75,970.16,5209.65,2,3,1,"","url:24marine.com"
en_world,"panama miraflores visitor center",OTRO,COMERCIAL,EXCLUIR,18100,LOW,7,3277.39,1013.70,3715.33,23,1,1,"","info"
en_world,"marketing company",OTRO,COMERCIAL,EXCLUIR,18100,LOW,33,45695.44,5295.45,54866.50,-34,9,1,"","url:crossworldagency.com"
en_world,"canal suez",INFO_CANAL,INFORMACIONAL,EXCLUIR,14800,LOW,0,89.77,6.69,45.76,32,3,1,"","url:lethagencies.com"
en_world,"ship supplier",OTRO,COMERCIAL,REVISAR,14800,HIGH,90,22470.03,4737.94,25248.95,-9,4,1,"","url:orcashipsagents.com"
en_world,"kinds of ship",OTRO,GENERICA,REVISAR,14800,LOW,0,6906.31,1390.10,7196.12,-25,3,1,"","url:orcashipsagents.com"
en_world,"tankers vessel",OTRO,GENERICA,REVISAR,14800,LOW,1,10386.59,1633.91,12698.29,-5,3,1,"","url:24marine.com"
en_world,"analytics agencies",FUERA,GENERICA,EXCLUIR,14800,MEDIUM,52,43060.78,23993.29,114909.63,-3,3,1,"","url:crossworldagency.com"
en_world,"products and marketing",OTRO,GENERICA,EXCLUIR,14800,LOW,18,21478.26,1890.78,32741.11,-42,9,2,"products for marketing","url:crossworldagency.com"
en_world,"ships information",OTRO,GENERICA,REVISAR,12100,LOW,6,1374.70,136.47,1566.44,-9,1,1,"","url:adimarships.com"
en_world,"ship chandler",CONSULT,COMERCIAL,SERVICIO,12100,LOW,5,3310.99,868.44,5964.83,-7,7,2,"ship chandlers","url:lethagencies.com"
en_world,"ships cost",OTRO,INFORMACIONAL,REVISAR,12100,LOW,15,10475.47,1503.78,18670.24,-17,3,1,"","url:panamashipservice.com"
en_world,"freight ship",OTRO,GENERICA,REVISAR,12100,LOW,20,53824.34,11153.03,65126.39,-38,10,1,"","url:gac.com url:orcashipsagents.com"
en_world,"maritime transportation",OTRO,INFORMACIONAL,REVISAR,12100,LOW,4,12116.16,2430.15,13482.75,-7,9,1,"","url:orcashipsagents.com"
en_world,"freightliner ship",OTRO,GENERICA,REVISAR,12100,LOW,20,54225.42,11236.14,65611.68,-38,10,1,"","url:orcashipsagents.com"
en_world,"smart marine",OTRO,GENERICA,REVISAR,12100,MEDIUM,56,400.42,90.56,1217.51,-2,12,1,"","url:24marine.com"
en_world,"gas carriers",OTRO,GENERICA,REVISAR,12100,LOW,1,2241.08,1170.48,7132.37,174,3,1,"","url:24marine.com"
en_world,"panama canal when was it built",INFO_CANAL,INFORMACIONAL,EXCLUIR,9900,LOW,1,6717.56,37.21,10129.71,-21,1,1,"","url:adimarships.com"
en_world,"ships sales",OTRO,GENERICA,REVISAR,9900,LOW,14,1227.47,105.97,1951.68,-9,1,1,"","url:gac.com"
en_world,"shipping line",OTRO,GENERICA,REVISAR,9900,LOW,14,7643.97,1086.21,8099.01,-8,11,1,"","url:lethagencies.com"
en_world,"shipping liners",OTRO,GENERICA,REVISAR,9900,LOW,14,7643.97,1086.21,8099.01,-8,11,1,"","url:lethagencies.com"
en_world,"merchant vessels",OTRO,GENERICA,REVISAR,9900,LOW,0,113594.46,1325.61,48627.43,-2,3,1,"","url:orcashipsagents.com"
en_world,"lpg gas tankers",OTRO,GENERICA,EXCLUIR,9900,MEDIUM,47,3607.06,1766.73,12921.79,-7,3,1,"","url:24marine.com"
en_world,"lpg tankers",OTRO,GENERICA,REVISAR,9900,MEDIUM,47,3607.06,1766.73,12921.79,-7,3,1,"","url:24marine.com"
en_world,"vehicle shipping agent",AGENCIA,COMERCIAL,EXCLUIR,8100,LOW,5,2486.26,5388.26,31268.78,911,10,1,"","agencia"
en_world,"marine services",OTRO,COMERCIAL,REVISAR,8100,LOW,12,13157.00,2625.81,38795.33,-24,3,1,"","url:panamashipservice.com url:gac.com url:24marine.com"
en_world,"marine survey",SURVEY,GENERICA,SERVICIO,8100,LOW,8,14000.19,2284.06,15151.24,-18,3,1,"","url:panamashipservice.com url:24marine.com"
en_world,"worldwide ship",OTRO,GENERICA,REVISAR,8100,MEDIUM,35,8151.79,1284.04,8511.00,-25,1,1,"","url:gac.com"
en_world,"ship location",OTRO,GENERICA,REVISAR,8100,LOW,3,2110.28,419.17,2150.96,-10,3,1,"","url:gac.com"
en_world,"global ship",OTRO,GENERICA,REVISAR,8100,LOW,21,9381.97,1710.32,13428.07,-29,10,1,"","url:gac.com"
en_world,"ship store",OTRO,GENERICA,REVISAR,8100,LOW,9,4285.83,2273.09,19075.26,-61,12,1,"","url:lethagencies.com"
en_world,"lpg carriers",OTRO,GENERICA,REVISAR,8100,LOW,0,4696.01,1060.87,9477.57,31,3,1,"","url:24marine.com"
en_world,"lpg vessel",OTRO,GENERICA,REVISAR,8100,LOW,0,4696.01,1060.87,9477.57,31,3,1,"","url:24marine.com"
en_world,"marketing services",OTRO,COMERCIAL,EXCLUIR,8100,LOW,19,29426.43,4310.12,39433.58,-26,1,1,"","url:crossworldagency.com"
en_world,"panama canal locks",INFO_CANAL,INFORMACIONAL,BLOG_GENERAL,6600,LOW,3,3956.17,901.51,3330.20,-30,1,1,"","info url:adimarships.com"
en_world,"gatun locks",INFO_CANAL,INFORMACIONAL,BLOG_GENERAL,6600,LOW,3,3956.17,901.51,3330.20,-30,1,1,"","info"
en_world,"gatun locks panama",INFO_CANAL,INFORMACIONAL,BLOG_GENERAL,6600,LOW,3,3956.17,901.51,3330.20,-30,1,1,"","info"
en_world,"locks panama",INFO_CANAL,INFORMACIONAL,BLOG_GENERAL,6600,LOW,3,3956.17,901.51,3330.20,-30,1,1,"","info"
en_world,"panama canal gates",INFO_CANAL,INFORMACIONAL,BLOG_GENERAL,6600,LOW,3,3956.17,901.51,3330.20,-30,1,1,"","info"
en_world,"panama canal water locks",INFO_CANAL,INFORMACIONAL,BLOG_GENERAL,6600,LOW,3,3956.17,901.51,3330.20,-30,1,1,"","info"
en_world,"shipping vessel",OTRO,GENERICA,REVISAR,6600,LOW,2,5430.46,1218.25,5586.35,-11,3,2,"vessel shipping","url:gac.com"
en_world,"ship charterers",CONSULT,GENERICA,SERVICIO,6600,LOW,3,8223.49,1994.49,9739.13,-21,9,1,"","url:adimarships.com url:panamashipservice.com"
en_world,"canal locks",INFO_CANAL,INFORMACIONAL,BLOG_GENERAL,6600,LOW,0,9439.84,1591.23,18115.31,5,3,1,"","url:adimarships.com"
en_world,"sides of a ship",OTRO,GENERICA,REVISAR,6600,LOW,1,193.73,37.84,277.87,-1,3,1,"","url:panamashipservice.com"
en_world,"engine of ship",OTRO,GENERICA,REVISAR,6600,LOW,3,26465.33,1823.93,16760.88,2,1,1,"","url:panamashipservice.com"
en_world,"vessel ship",OTRO,GENERICA,REVISAR,6600,LOW,2,5470.93,1227.33,5627.98,-11,3,3,"ship and vessel | ships and vessels","url:orcashipsagents.com"
en_world,"shipper vessel",OTRO,GENERICA,REVISAR,6600,LOW,2,5430.46,1218.25,5586.35,-11,3,1,"","url:panamashipservice.com"
en_world,"shipping port",OTRO,GENERICA,REVISAR,6600,LOW,1,36265.11,1566.44,16131.84,-12,4,1,"","url:gac.com"
en_world,"ship chartering",CONSULT,GENERICA,SERVICIO,6600,LOW,3,8284.77,2009.35,9811.71,-21,9,1,"","url:orcashipsagents.com"
en_world,"vessel chartering",CONSULT,GENERICA,SERVICIO,6600,LOW,3,8284.77,2009.35,9811.71,-21,9,1,"","url:orcashipsagents.com"
en_world,"smart surveyors",FUERA,COMERCIAL,EXCLUIR,6600,LOW,30,7218.33,6292.78,15580.11,-24,3,1,"","url:24marine.com"
en_world,"marketing firms",OTRO,COMERCIAL,EXCLUIR,6600,MEDIUM,35,46123.42,9502.32,47890.91,-27,9,1,"","url:crossworldagency.com"
en_world,"media agency",FUERA,COMERCIAL,EXCLUIR,6600,LOW,21,19554.87,3568.34,28038.68,-32,9,1,"","url:crossworldagency.com"
en_world,"business by home",OTRO,GENERICA,REVISAR,6600,LOW,13,9098.50,611.63,12139.71,-19,3,2,"business on home","url:crossworldagency.com"
en_world,"shipping agent",AGENCIA,COMERCIAL,SERVICIO,5400,LOW,32,13471.03,2195.50,16273.83,-33,12,1,"","agencia url:adimarships.com url:lethagencies.com url:orcashipsagents.com"
en_world,"panama canal history",INFO_CANAL,INFORMACIONAL,EXCLUIR,5400,LOW,4,10273.89,63.18,13123.18,-74,1,1,"","url:adimarships.com url:lethagencies.com"
en_world,"ship a ship",OTRO,GENERICA,REVISAR,5400,LOW,2,5486.93,1052.72,28731.87,0,1,2,"ship in ship","url:adimarships.com url:panamashipservice.com url:orcashipsagents.com"
en_world,"marine transportation",OTRO,GENERICA,REVISAR,5400,LOW,4,12404.95,2223.50,17266.01,-34,1,1,"","url:panamashipservice.com url:orcashipsagents.com"
en_world,"one quote",OTRO,GENERICA,REVISAR,5400,LOW,6,12432.00,3399.59,22692.54,15,6,1,"","url:panamashipservice.com"
en_world,"ship management",CONSULT,GENERICA,SERVICIO,5400,LOW,9,11677.10,2269.45,13532.57,-33,2,1,"","url:gac.com"
en_world,"shipping international company",OTRO,COMERCIAL,REVISAR,5400,MEDIUM,35,29435.69,3385.53,31181.04,-34,3,1,"","url:gac.com"
en_world,"ship in the world",OTRO,GENERICA,REVISAR,5400,LOW,13,4300.97,1159.16,7351.47,-4,9,1,"","url:gac.com"
en_world,"expert ship",OTRO,GENERICA,REVISAR,5400,LOW,7,3385.12,3233.42,13106.08,55,12,1,"","url:gac.com"
en_world,"port calls",AGENCIA,GENERICA,SERVICIO,5400,LOW,0,11074.46,1002.18,4536.89,12,4,1,"","url:lethagencies.com"
en_world,"ship shipped",OTRO,GENERICA,REVISAR,5400,LOW,2,5486.93,1052.72,28731.87,0,1,1,"","url:lethagencies.com"
en_world,"container ships",OTRO,GENERICA,REVISAR,5400,LOW,6,2289.96,695.72,5417.47,-10,5,1,"","url:orcashipsagents.com"
en_world,"transportation maritime",OTRO,INFORMACIONAL,REVISAR,5400,LOW,19,8771.48,1983.37,10828.74,-10,3,1,"","url:orcashipsagents.com"
en_world,"marine transpo",OTRO,GENERICA,REVISAR,5400,LOW,4,12497.38,2240.07,17394.67,-34,1,1,"","url:orcashipsagents.com"
en_world,"imo vessel",OTRO,GENERICA,REVISAR,5400,LOW,1,11841.74,376.78,5485.30,-4,3,1,"","url:24marine.com"
en_world,"marine technical",OTRO,GENERICA,REVISAR,5400,LOW,12,11899.96,1115.46,28009.37,11,3,1,"","url:24marine.com"
en_world,"oil storage terminal",OTRO,GENERICA,REVISAR,4400,LOW,1,124.33,0.00,0.00,-39,9,1,"","offshore_sts"
en_world,"cocolí locks panama canal expansion",INFO_CANAL,INFORMACIONAL,BLOG_GENERAL,4400,LOW,1,0.00,0.00,0.00,-22,1,1,"","info"
en_world,"shipping inc",OTRO,GENERICA,REVISAR,4400,LOW,0,11174.36,99.99,34999.94,56,7,1,"","url:adimarships.com"
en_world,"ship time",OTRO,INFORMACIONAL,REVISAR,4400,LOW,1,10187.58,2129.04,15437.92,-15,7,1,"","url:adimarships.com url:panamashipservice.com"
en_world,"shipping timeline",OTRO,INFORMACIONAL,REVISAR,4400,LOW,1,10187.58,2129.04,15437.92,-15,7,1,"","url:adimarships.com"
en_world,"shipping delays",OTRO,INFORMACIONAL,REVISAR,4400,LOW,0,0.00,0.00,0.00,12,12,1,"","url:adimarships.com"
en_world,"marine shipping",OTRO,GENERICA,REVISAR,4400,LOW,5,7956.33,1409.79,7112.82,-4,3,2,"marine and shipping","url:panamashipservice.com url:gac.com url:orcashipsagents.com"
en_world,"ship propeller",OTRO,GENERICA,REVISAR,4400,LOW,3,2533.18,1386.86,5135.78,-15,5,1,"","url:panamashipservice.com"
en_world,"making ship",OTRO,GENERICA,REVISAR,4400,MEDIUM,37,200.84,184.22,2286.12,-7,2,1,"","url:panamashipservice.com"
en_world,"world ship",OTRO,GENERICA,REVISAR,4400,LOW,13,17805.36,1942.38,26499.29,-4,3,1,"","url:gac.com"
en_world,"shipping office",OTRO,GENERICA,REVISAR,4400,LOW,4,17309.70,8751.11,41077.27,50,6,1,"","url:gac.com"
en_world,"ship & bunker",BUNKER,GENERICA,SERVICIO,4400,LOW,2,17903.71,2149.85,8750.74,16,3,1,"","url:gac.com"
en_world,"shipping company in dubai united arab emirates",CONSULT,COMERCIAL,SERVICIO,4400,MEDIUM,53,9119.11,1812.80,12785.85,-39,1,1,"","url:gac.com"
en_world,"bunker and ship",BUNKER,GENERICA,SERVICIO,4400,LOW,2,17903.71,2149.85,8750.74,16,3,1,"","url:gac.com"
en_world,"united arab emirates port",OTRO,INFORMACIONAL,REVISAR,4400,LOW,0,0.00,2024.20,96874.64,80,3,1,"","url:gac.com"
en_world,"cargo vessel",OTRO,GENERICA,REVISAR,4400,LOW,1,0.00,1589.12,7220.41,-4,3,2,"vessel cargo","url:orcashipsagents.com"
en_world,"cargo ship vessel",OTRO,GENERICA,EXCLUIR,4400,LOW,1,0.00,1589.12,7220.41,-4,3,1,"","url:orcashipsagents.com"
en_world,"kinds of vessel",OTRO,GENERICA,REVISAR,4400,LOW,1,5729.48,1952.61,7208.04,-20,9,1,"","url:orcashipsagents.com"
en_world,"freight vessel",OTRO,GENERICA,REVISAR,4400,LOW,1,0.00,1589.12,7220.41,-4,3,1,"","url:orcashipsagents.com"
en_world,"sea cargo",OTRO,GENERICA,REVISAR,4400,LOW,15,2911.87,341.78,9100.89,-9,1,1,"","url:24marine.com"
en_world,"vessel type",OTRO,GENERICA,REVISAR,4400,LOW,1,5687.10,1938.17,7154.73,-20,9,1,"","url:24marine.com"
en_world,"company survey",FUERA,COMERCIAL,EXCLUIR,4400,LOW,17,23221.61,5194.39,34028.50,-9,9,2,"company surveys","url:crossworldagency.com"
en_world,"ship brokering",CONSULT,COMERCIAL,SERVICIO,3600,LOW,23,38610.84,5288.39,47039.01,-25,3,1,"","consultoria"
en_world,"panama port",OTRO,COMERCIAL,REVISAR,3600,LOW,1,3689.82,1925.29,121570.01,-40,3,4,"port panama | panama ports | ports in panama","url:orcashipsagents.com"
en_world,"manzanillo panama",INFO_CANAL,INFORMACIONAL,BLOG_CORE,3600,LOW,0,5843.36,7004.59,97839.69,-16,3,1,"","info url:orcashipsagents.com"
en_world,"panama canal port",INFO_CANAL,INFORMACIONAL,BLOG_GENERAL,3600,LOW,0,0.00,0.00,0.00,36,2,2,"port of panama canal","info url:lethagencies.com"
en_world,"panama port panama",OTRO,COMERCIAL,REVISAR,3600,LOW,1,3662.53,1911.05,120670.81,-40,3,1,"","info url:lethagencies.com url:orcashipsagents.com"
en_world,"panama seaport",OTRO,COMERCIAL,REVISAR,3600,LOW,1,3662.53,1911.05,120670.81,-40,3,1,"","info"
en_world,"panama canal where",INFO_CANAL,INFORMACIONAL,BLOG_GENERAL,3600,LOW,2,8591.69,40.05,7340.53,-47,1,2,"panama canal is where","url:orcashipsagents.com"
en_world,"repair ship",OTRO,GENERICA,REVISAR,3600,LOW,7,9008.41,2997.50,16974.44,-16,9,2,"ship repair","url:panamashipservice.com url:lethagencies.com"
en_world,"marine company",OTRO,COMERCIAL,REVISAR,3600,LOW,10,10533.65,1310.12,9550.90,-4,9,1,"","url:panamashipservice.com url:24marine.com"
en_world,"propeller on ship",OTRO,GENERICA,REVISAR,3600,LOW,5,3202.60,1457.09,6312.47,-11,9,1,"","url:panamashipservice.com"
en_world,"marine vessel",OTRO,GENERICA,REVISAR,3600,LOW,4,3024.30,1013.30,5374.64,2,3,1,"","url:panamashipservice.com url:24marine.com"
en_world,"propeller vessel",OTRO,GENERICA,REVISAR,3600,LOW,5,3202.60,1457.09,6312.47,-11,9,1,"","url:panamashipservice.com"
en_world,"shipping logistics company",OTRO,COMERCIAL,REVISAR,3600,LOW,14,18717.81,1264.01,22001.44,-29,3,1,"","url:gac.com"
en_world,"logistics ship",OTRO,GENERICA,REVISAR,3600,LOW,14,12336.10,1441.12,19884.30,-30,3,1,"","url:gac.com"
en_world,"vessel enquiry",OTRO,GENERICA,REVISAR,3600,LOW,0,10055.21,1041.29,8123.85,-11,1,1,"","url:gac.com"
en_world,"panama canal building",INFO_CANAL,INFORMACIONAL,BLOG_GENERAL,3600,LOW,1,10980.08,2036.37,17176.02,-29,1,1,"","url:lethagencies.com"
en_world,"ship broker",CONSULT,COMERCIAL,SERVICIO,3600,LOW,23,38898.55,5327.79,47389.53,-25,3,1,"","url:orcashipsagents.com"
en_world,"chartering companies",CONSULT,GENERICA,SERVICIO,3600,LOW,7,21846.97,6091.50,43618.96,-20,9,1,"","url:orcashipsagents.com"
en_world,"bulk cargo",OTRO,GENERICA,REVISAR,3600,LOW,2,9704.58,1455.59,13660.30,-26,1,1,"","url:24marine.com"
en_world,"bulk shippers",OTRO,GENERICA,REVISAR,3600,LOW,10,28930.95,2945.82,37823.07,-27,1,1,"","url:24marine.com"
en_world,"marketing business",OTRO,GENERICA,EXCLUIR,3600,LOW,30,21532.87,2121.21,35395.49,-26,9,1,"","url:crossworldagency.com"
en_world,"agency 4",FUERA,COMERCIAL,EXCLUIR,3600,LOW,1,4188.33,532.26,8189.16,16,3,1,"","url:crossworldagency.com"
en_world,"crewing companies",OTRO,GENERICA,REVISAR,2900,HIGH,80,2020.86,1551.97,5575.94,-6,11,1,"","agencia"
en_world,"ic shipbrokers",CONSULT,COMERCIAL,SERVICIO,2900,LOW,5,4233.42,1165.21,6796.26,-10,2,1,"","consultoria"
en_world,"ics shipbrokers",CONSULT,COMERCIAL,SERVICIO,2900,LOW,5,4233.42,1165.21,6796.26,-10,2,1,"","consultoria"
en_world,"ship solutions",OTRO,GENERICA,REVISAR,2900,LOW,12,58776.11,4166.72,45749.60,-5,5,1,"","url:adimarships.com url:panamashipservice.com url:gac.com"
en_world,"panama canal cameras",INFO_CANAL,INFORMACIONAL,EXCLUIR,2900,LOW,0,0.00,0.00,0.00,-2,1,1,"","url:adimarships.com"
en_world,"panama canal live cameras",INFO_CANAL,INFORMACIONAL,EXCLUIR,2900,LOW,0,0.00,0.00,0.00,-2,1,1,"","url:adimarships.com"
en_world,"fleet management shipping",OTRO,GENERICA,REVISAR,2900,LOW,9,4706.05,826.99,3877.06,-17,4,1,"","url:panamashipservice.com"
en_world,"ship agencies",AGENCIA,GENERICA,SERVICIO,2900,LOW,11,10029.16,1285.65,11770.76,-29,9,1,"","url:panamashipservice.com"
en_world,"bunker rates",BUNKER,INFORMACIONAL,BLOG_CORE,2900,LOW,3,4737.54,1222.63,6922.19,7,3,1,"","url:panamashipservice.com"
en_world,"shipping agency",AGENCIA,COMERCIAL,SERVICIO,2900,LOW,11,10029.16,1285.65,11770.76,-29,9,1,"","url:gac.com"
en_world,"gac uae",CONQUEST,NAVEGACIONAL,CONQUEST,2900,MEDIUM,49,2149.71,1126.76,4753.52,-1,5,1,"","url:gac.com"
en_world,"shipping crew",OTRO,GENERICA,REVISAR,2900,LOW,1,9913.46,545.33,5439.11,-14,3,1,"","url:gac.com"
en_world,"ports worldwide",OTRO,GENERICA,REVISAR,2900,LOW,9,6495.63,3123.99,15607.35,2,11,1,"","url:gac.com"
en_world,"freight ship companies",OTRO,GENERICA,REVISAR,2900,LOW,18,53141.60,12684.03,75303.55,-46,10,1,"","url:gac.com"
en_world,"fuel for ship",BUNKER,GENERICA,SERVICIO,2900,LOW,2,5802.64,1801.47,14979.29,55,4,1,"","url:gac.com"
en_world,"cargo ship prices",OTRO,INFORMACIONAL,EXCLUIR,2900,LOW,6,9439.39,493.82,6881.09,-32,3,1,"","url:orcashipsagents.com"
en_world,"ship sea",OTRO,GENERICA,REVISAR,2900,LOW,1,1414.37,1487.92,19797.06,-4,3,2,"sea and ship","url:orcashipsagents.com"
en_world,"cargo ship costs",OTRO,INFORMACIONAL,EXCLUIR,2900,LOW,6,9439.39,493.82,6881.09,-32,3,1,"","url:orcashipsagents.com"
en_world,"tankers services",OTRO,COMERCIAL,REVISAR,2900,LOW,11,11927.01,2856.51,18520.11,-8,3,1,"","url:24marine.com"
en_world,"take surveys",FUERA,GENERICA,EXCLUIR,2900,LOW,17,10861.32,907.74,14911.46,-54,10,1,"","url:crossworldagency.com"
en_world,"maritime medical consultancy",CONSULT,INFORMACIONAL,EXCLUIR,2400,LOW,4,103.33,0.00,0.00,-12,10,1,"","consultoria"
en_world,"balboa panama port",INFO_CANAL,INFORMACIONAL,BLOG_CORE,2400,LOW,0,0.00,0.00,0.00,-9,3,1,"","info"
en_world,"balboa port",INFO_CANAL,INFORMACIONAL,BLOG_CORE,2400,LOW,0,0.00,0.00,0.00,-9,3,1,"","info"
en_world,"freight forwarders services",OTRO,COMERCIAL,EXCLUIR,2400,LOW,5,26511.72,4294.21,39497.54,143,7,1,"","url:adimarships.com url:gac.com url:lethagencies.com"
en_world,"shipping ship shipping",OTRO,GENERICA,REVISAR,2400,LOW,0,0.00,0.00,0.00,17,1,1,"","url:adimarships.com"
en_world,"ship shipping ship shipping",OTRO,GENERICA,REVISAR,2400,LOW,0,0.00,0.00,0.00,17,1,3,"ship shipping shipping ship | shipping ship shipping ships","url:adimarships.com"
en_world,"panama canal located",INFO_CANAL,INFORMACIONAL,BLOG_GENERAL,2400,LOW,0,108.82,34.96,3336.58,-35,1,1,"","url:adimarships.com url:lethagencies.com url:orcashipsagents.com"
en_world,"ship for shipping ships",OTRO,GENERICA,REVISAR,2400,LOW,0,0.00,0.00,0.00,17,1,1,"","url:adimarships.com url:orcashipsagents.com"
en_world,"ship shipping ship shipping shipping ship",OTRO,GENERICA,REVISAR,2400,LOW,0,0.00,0.00,0.00,17,1,1,"","url:adimarships.com url:orcashipsagents.com"
en_world,"marine industry",OTRO,GENERICA,REVISAR,2400,LOW,7,14935.19,2125.39,25227.82,-26,3,1,"","url:panamashipservice.com"
en_world,"shipping market",OTRO,GENERICA,REVISAR,2400,LOW,7,13029.71,1395.12,16204.07,-22,5,1,"","url:panamashipservice.com"
en_world,"bunker pricing",BUNKER,GENERICA,SERVICIO,2400,LOW,3,4582.54,1160.53,6455.49,15,3,1,"","url:panamashipservice.com"
en_world,"ships navigation",OTRO,GENERICA,REVISAR,2400,LOW,7,3739.08,858.18,4523.83,0,3,1,"","url:panamashipservice.com"
en_world,"by sea shipping",OTRO,GENERICA,REVISAR,2400,MEDIUM,36,29815.94,2807.93,27495.07,-28,3,2,"shipping by sea","url:gac.com"
en_world,"marine fuels",BUNKER,GENERICA,SERVICIO,2400,LOW,5,12839.56,2353.50,16249.47,-9,3,1,"","url:gac.com"
en_world,"port operations",OTRO,GENERICA,REVISAR,2400,LOW,4,2478.58,1004.13,2666.95,-3,9,1,"","url:gac.com url:lethagencies.com"
en_world,"port management",OTRO,GENERICA,REVISAR,2400,LOW,4,2230.12,967.80,4577.46,4,9,1,"","url:gac.com"
en_world,"shipping line in sri lanka",OTRO,GENERICA,REVISAR,2400,LOW,2,2058.94,894.68,7909.54,14,1,1,"","url:gac.com"
en_world,"port service",OTRO,COMERCIAL,REVISAR,2400,LOW,12,12733.69,4217.45,15953.56,-23,9,1,"","url:lethagencies.com url:orcashipsagents.com"
en_world,"port companies",OTRO,GENERICA,REVISAR,2400,MEDIUM,47,6005.86,1094.97,5550.75,-13,7,1,"","url:lethagencies.com"
en_world,"port operators",OTRO,GENERICA,REVISAR,2400,LOW,4,2478.58,1004.13,2666.95,-3,9,1,"","url:lethagencies.com"
en_world,"egypt canal",INFO_CANAL,INFORMACIONAL,EXCLUIR,2400,LOW,0,6686.51,0.00,0.00,25,3,1,"","url:lethagencies.com"
en_world,"port of ships",INFO_CANAL,INFORMACIONAL,BLOG_CORE,2400,LOW,1,15769.15,6653.04,42947.97,-9,3,1,"","url:orcashipsagents.com"
en_world,"name of vessel",OTRO,GENERICA,REVISAR,2400,LOW,0,0.00,2202.44,60072.58,-15,3,1,"","url:orcashipsagents.com"
en_world,"shipping ship shipping shipping ships",OTRO,GENERICA,REVISAR,2400,LOW,0,0.00,0.00,0.00,17,1,1,"","url:orcashipsagents.com"
en_world,"bulk tankers",OTRO,GENERICA,REVISAR,2400,LOW,32,62431.81,3289.52,20987.98,-7,3,1,"","url:24marine.com"
en_world,"business from home",OTRO,GENERICA,REVISAR,2400,LOW,27,7764.22,544.69,9880.73,-27,3,2,"home from business","url:crossworldagency.com"
en_world,"all ocean maritime agency",AGENCIA,COMERCIAL,SERVICIO,1900,LOW,2,1113.27,0.00,0.00,34,1,1,"","agencia"
en_world,"all ocean maritime agency inc",AGENCIA,COMERCIAL,SERVICIO,1900,LOW,2,1113.27,0.00,0.00,34,1,1,"","agencia"
en_world,"sharaf shipping agency ssa",AGENCIA,COMERCIAL,SERVICIO,1900,LOW,5,8176.23,1757.09,5926.99,3,1,1,"","agencia"
en_world,"ship to ship transfer",STS_OFFSHORE,GENERICA,SERVICIO,1900,LOW,2,30930.99,2997.21,25938.90,-5,3,1,"","offshore_sts"
en_world,"offshore supply boat",STS_OFFSHORE,GENERICA,SERVICIO,1900,LOW,9,31397.15,2757.79,13323.94,-15,3,2,"supply boat offshore","offshore_sts"
en_world,"port of balboa",INFO_CANAL,INFORMACIONAL,BLOG_CORE,1900,LOW,2,0.00,0.00,0.00,-3,3,1,"","info"
en_world,"balboa port panama",INFO_CANAL,INFORMACIONAL,BLOG_CORE,1900,LOW,2,0.00,0.00,0.00,-3,3,1,"","info"
en_world,"pedro miguel locks",INFO_CANAL,INFORMACIONAL,BLOG_GENERAL,1900,LOW,2,0.00,0.00,0.00,6,1,1,"","info"
en_world,"shipping industry",OTRO,GENERICA,REVISAR,1900,LOW,4,8841.27,2513.26,21763.79,-34,3,2,"shipping industries","url:adimarships.com url:panamashipservice.com"
en_world,"ship to ship",STS_OFFSHORE,GENERICA,SERVICIO,1900,LOW,2,30930.99,2997.21,25938.90,-5,3,1,"","url:adimarships.com url:panamashipservice.com url:gac.com"
en_world,"panama canal facts",INFO_CANAL,INFORMACIONAL,BLOG_GENERAL,1900,LOW,1,21947.67,703.96,14666.91,8,1,1,"","url:adimarships.com"
en_world,"ship vessel tracking",OTRO,GENERICA,EXCLUIR,1900,LOW,9,3021.29,400.86,3018.17,30,3,1,"","url:adimarships.com"
en_world,"us canal",INFO_CANAL,INFORMACIONAL,EXCLUIR,1900,LOW,1,2481.73,1812.13,19737.11,-52,12,1,"","url:adimarships.com url:lethagencies.com"
en_world,"marine repairs",OTRO,GENERICA,REVISAR,1900,LOW,14,16016.97,5005.29,34675.25,-14,6,1,"","url:panamashipservice.com url:gac.com"
en_world,"vessel supply",OTRO,GENERICA,REVISAR,1900,LOW,3,11992.45,1224.12,7225.48,-19,3,2,"vessel supplies","url:gac.com"
en_world,"ship transportation",OTRO,GENERICA,REVISAR,1900,LOW,10,12515.63,1572.33,22226.40,-29,9,2,"transportation ships","url:panamashipservice.com"
en_world,"maritime services",CONSULT,COMERCIAL,SERVICIO,1900,LOW,7,10420.03,1521.76,10744.35,-11,2,1,"","url:gac.com url:24marine.com"
en_world,"shipping agency china",AGENCIA,COMERCIAL,SERVICIO,1900,MEDIUM,64,18659.94,2692.68,17030.33,-27,1,1,"","url:gac.com"
en_world,"shipping company in us",CONSULT,COMERCIAL,SERVICIO,1900,MEDIUM,51,16163.72,3558.50,17648.98,-50,3,2,"shipping companies in the us","url:gac.com"
en_world,"ship maritime",OTRO,INFORMACIONAL,REVISAR,1900,LOW,6,24652.58,2318.33,26594.37,0,3,1,"","url:gac.com"
en_world,"suez canal authority",INFO_CANAL,INFORMACIONAL,EXCLUIR,1900,LOW,0,0.00,0.00,0.00,7,7,1,"","url:lethagencies.com"
en_world,"shipping now",OTRO,GENERICA,REVISAR,1900,LOW,12,4948.29,713.79,17352.70,44,3,1,"","url:lethagencies.com"
en_world,"history suez canal",INFO_CANAL,INFORMACIONAL,EXCLUIR,1900,LOW,2,681.60,66.29,3574.59,-11,3,1,"","url:lethagencies.com"
en_world,"maritime shipping",OTRO,INFORMACIONAL,REVISAR,1900,LOW,6,24836.29,2335.60,26792.54,0,3,2,"maritime and shipping","url:orcashipsagents.com"
en_world,"panama city port",OTRO,COMERCIAL,REVISAR,1900,LOW,3,2310.33,0.00,0.00,15,1,1,"","url:orcashipsagents.com"
en_world,"international cargo ships",OTRO,GENERICA,REVISAR,1900,MEDIUM,38,47933.28,4039.49,40047.90,-45,3,1,"","url:orcashipsagents.com"
en_world,"ships details",OTRO,GENERICA,REVISAR,1900,LOW,4,4390.88,402.73,4481.83,-9,1,1,"","url:orcashipsagents.com"
en_world,"mlc marine",OTRO,GENERICA,REVISAR,1900,LOW,3,6934.82,1079.25,6862.69,-20,3,1,"","url:24marine.com"
en_world,"sea marine",OTRO,GENERICA,REVISAR,1900,LOW,4,1648.64,822.75,6664.55,5,7,1,"","url:24marine.com"
en_world,"marketing services agencies",FUERA,COMERCIAL,EXCLUIR,1900,LOW,14,26883.79,2156.62,31849.10,-16,9,1,"","url:crossworldagency.com"
en_world,"grimaldi shipping company",CONSULT,COMERCIAL,SERVICIO,1600,LOW,7,22788.95,1763.64,17705.00,2,3,1,"","agencia"
en_world,"draft survey",SURVEY,GENERICA,SERVICIO,1600,LOW,2,2434.76,1064.24,3965.92,-16,1,1,"","survey url:panamashipservice.com url:24marine.com"
en_world,"chartering broker",CONSULT,COMERCIAL,SERVICIO,1600,LOW,13,15835.30,5186.46,131768.72,1,6,1,"","consultoria url:orcashipsagents.com"
en_world,"port of cristobal",INFO_CANAL,INFORMACIONAL,BLOG_CORE,1600,LOW,0,0.00,0.00,0.00,-27,3,1,"","info"
en_world,"colon panama cruise port",OTRO,COMERCIAL,EXCLUIR,1600,LOW,7,5343.29,858.75,11194.11,35,1,2,"cruise port in colon panama","info url:orcashipsagents.com"
en_world,"miraflores locks panama",INFO_CANAL,INFORMACIONAL,BLOG_GENERAL,1600,LOW,21,4204.37,892.72,4402.81,404,9,1,"","info"
en_world,"cristobal panama port",INFO_CANAL,INFORMACIONAL,BLOG_CORE,1600,LOW,0,0.00,0.00,0.00,-27,3,1,"","info"
en_world,"we shipping",OTRO,GENERICA,REVISAR,1600,LOW,14,15058.04,4018.88,31279.20,-5,1,1,"","url:adimarships.com url:panamashipservice.com url:gac.com"
en_world,"ship supply",OTRO,GENERICA,REVISAR,1600,MEDIUM,34,2992.80,1707.47,5378.48,-4,3,1,"","url:panamashipservice.com url:gac.com url:lethagencies.com"
en_world,"survey vessel",SURVEY,GENERICA,SERVICIO,1600,LOW,2,6739.72,4302.88,8608.98,18,2,1,"","url:panamashipservice.com"
en_world,"fleet management shipping company",CONSULT,COMERCIAL,SERVICIO,1600,LOW,10,5638.21,689.23,2897.81,-4,1,1,"","url:panamashipservice.com"
en_world,"ship owners",OTRO,GENERICA,REVISAR,1600,LOW,3,6713.88,1621.25,7313.10,-17,1,1,"","url:panamashipservice.com"
en_world,"ship shipping ship",OTRO,GENERICA,REVISAR,1600,LOW,1,618.88,1368.78,10777.09,-35,1,2,"ships shipping ships","url:gac.com url:orcashipsagents.com"
en_world,"all ports",OTRO,GENERICA,REVISAR,1600,LOW,5,3875.42,2864.36,9606.09,-12,9,1,"","url:gac.com"
en_world,"panama canal authority",INFO_CANAL,INFORMACIONAL,BLOG_CORE,1600,LOW,0,41818.00,0.00,0.00,-50,2,1,"","url:lethagencies.com url:orcashipsagents.com"
en_world,"panama canal how does it work",INFO_CANAL,INFORMACIONAL,BLOG_GENERAL,1600,LOW,1,3203.64,2059.02,4772.25,-30,1,1,"","url:lethagencies.com"
en_world,"inchcape company",CONQUEST,NAVEGACIONAL,CONQUEST,1600,LOW,1,0.00,814.58,6591.38,-23,7,1,"","url:lethagencies.com"
en_world,"shipping yards",OTRO,GENERICA,REVISAR,1600,LOW,1,2244.26,0.00,0.00,-3,1,1,"","url:lethagencies.com"
en_world,"colon cruise terminal",OTRO,COMERCIAL,EXCLUIR,1600,LOW,2,3920.53,0.00,0.00,56,1,1,"","url:orcashipsagents.com"
en_world,"canal de panama historia",INFO_CANAL,INFORMACIONAL,EXCLUIR,1600,LOW,1,46.51,8.01,315.62,-13,8,1,"","url:orcashipsagents.com"
en_world,"shipping ships",OTRO,GENERICA,REVISAR,1600,LOW,1,623.49,1378.98,10857.40,-35,1,1,"","url:orcashipsagents.com"
en_world,"type of cargo vessel",OTRO,GENERICA,REVISAR,1600,LOW,0,2774.48,718.59,2414.00,-18,1,1,"","url:orcashipsagents.com"
en_world,"kinds of cargo ships",OTRO,GENERICA,REVISAR,1600,LOW,0,2774.48,718.59,2414.00,-18,1,1,"","url:orcashipsagents.com"
en_world,"chartering services",CONSULT,COMERCIAL,SERVICIO,1600,LOW,22,36580.64,7078.50,42351.88,-33,3,1,"","url:orcashipsagents.com"
en_world,"professional marine",OTRO,GENERICA,REVISAR,1600,MEDIUM,53,6486.76,1373.14,11458.58,-3,6,1,"","url:24marine.com"
en_world,"bulk vessel",OTRO,GENERICA,REVISAR,1600,LOW,1,1521.80,2036.37,9505.63,-18,9,2,"vessel bulk","url:24marine.com"
en_world,"bulk cargo vessel",OTRO,GENERICA,REVISAR,1600,LOW,1,1521.80,2036.37,9505.63,-18,9,1,"","url:24marine.com"
en_world,"agency company",FUERA,COMERCIAL,EXCLUIR,1600,LOW,13,18556.90,2292.00,22521.55,-24,9,1,"","url:crossworldagency.com"
en_world,"marketing world",OTRO,GENERICA,EXCLUIR,1600,LOW,16,1508.28,668.43,8337.05,-3,10,1,"","url:crossworldagency.com"
en_world,"marketing corporations",OTRO,GENERICA,EXCLUIR,1600,LOW,8,8439.25,5124.94,43821.75,-30,9,1,"","url:crossworldagency.com"
en_world,"port agent",AGENCIA,COMERCIAL,SERVICIO,1300,LOW,3,2665.11,1127.03,14662.04,-31,3,1,"","agencia url:gac.com url:lethagencies.com url:orcashipsagents.com"
en_world,"crewing agencies",AGENCIA,GENERICA,SERVICIO,1300,LOW,12,1323.06,90.90,2575.82,-8,1,1,"","agencia"
en_world,"evergreen shipping agency corp",AGENCIA,COMERCIAL,SERVICIO,1300,LOW,5,29596.53,1555.10,21378.82,-1,3,1,"","agencia"
en_world,"cristobal panama",INFO_CANAL,INFORMACIONAL,BLOG_CORE,1300,LOW,0,2249.01,0.00,0.00,-28,9,1,"","info"
en_world,"miraflores locks panama city",INFO_CANAL,INFORMACIONAL,BLOG_GENERAL,1300,LOW,2,3125.06,984.31,3899.16,134,7,1,"","info"
en_world,"miraflores visitor center panama",OTRO,COMERCIAL,EXCLUIR,1300,LOW,2,3125.06,984.31,3899.16,134,7,1,"","info"
en_world,"miraflores visitor center panama canal",INFO_CANAL,INFORMACIONAL,EXCLUIR,1300,LOW,3,3619.84,881.36,4067.17,200,7,1,"","info"
en_world,"gac panama",CONQUEST,NAVEGACIONAL,CONQUEST,1300,LOW,14,458.80,402.15,1940.57,17,3,1,"","conquest"
en_world,"best for shipping",OTRO,GENERICA,REVISAR,1300,LOW,9,25997.97,3469.71,26858.67,-6,1,1,"","url:adimarships.com url:panamashipservice.com"
en_world,"ship in transit",OTRO,GENERICA,REVISAR,1300,LOW,1,5060.09,1679.37,7703.79,-1,12,1,"","url:adimarships.com url:panamashipservice.com url:lethagencies.com"
en_world,"vessel tank",OTRO,GENERICA,REVISAR,1300,LOW,19,10012.63,2037.97,10143.69,-14,3,1,"","url:panamashipservice.com"
en_world,"offshore services",STS_OFFSHORE,COMERCIAL,SERVICIO,1300,LOW,5,21309.47,1215.47,9822.05,-15,9,1,"","url:gac.com"
en_world,"ship world wide",OTRO,GENERICA,REVISAR,1300,LOW,27,10570.83,1374.59,10392.15,-21,3,1,"","url:gac.com"
en_world,"panama suez canal",INFO_CANAL,INFORMACIONAL,EXCLUIR,1300,LOW,0,4667.08,0.00,0.00,-10,1,2,"panama and suez canal","url:lethagencies.com"
en_world,"panama canal suez canal",INFO_CANAL,INFORMACIONAL,EXCLUIR,1300,LOW,0,4667.08,0.00,0.00,-10,1,2,"suez canal and panama canal","url:lethagencies.com"
en_world,"singapore ship",OTRO,GENERICA,REVISAR,1300,LOW,8,5437.99,1529.48,11219.21,-12,6,1,"","url:lethagencies.com"
en_world,"fuerte amador panama",OTRO,COMERCIAL,REVISAR,1300,LOW,9,3970.75,949.60,8177.50,8,1,1,"","url:orcashipsagents.com"
en_world,"sea vessel",OTRO,GENERICA,REVISAR,1300,LOW,4,4127.69,830.88,6107.24,-1,9,1,"","url:orcashipsagents.com"
en_world,"company maritime",OTRO,COMERCIAL,REVISAR,1300,LOW,13,6877.42,1387.78,8865.56,-32,6,1,"","url:orcashipsagents.com url:24marine.com"
en_world,"vessel operation",OTRO,GENERICA,REVISAR,1300,LOW,2,3925.37,1011.58,7656.75,43,7,1,"","url:orcashipsagents.com"
en_world,"cruise ship cargo",OTRO,GENERICA,EXCLUIR,1300,LOW,8,5592.17,2269.93,11615.10,-16,4,1,"","url:orcashipsagents.com"
en_world,"multi purpose ships",OTRO,GENERICA,REVISAR,1300,LOW,4,5697.34,1922.15,12631.51,-17,9,1,"","url:orcashipsagents.com"
en_world,"vessel search",OTRO,GENERICA,REVISAR,1300,LOW,3,3893.57,460.07,2756.93,7,7,1,"","url:24marine.com"
en_world,"marine profession",OTRO,GENERICA,REVISAR,1300,LOW,21,1280.25,223.30,3608.96,-8,7,1,"","url:24marine.com"
en_world,"business agency",FUERA,COMERCIAL,EXCLUIR,1300,LOW,17,23262.28,1558.50,36970.35,-38,9,1,"","url:crossworldagency.com"
en_world,"you agency",FUERA,COMERCIAL,EXCLUIR,1300,LOW,5,1312.70,919.03,10133.67,23,6,1,"","url:crossworldagency.com"
en_world,"agency maritime",AGENCIA,COMERCIAL,SERVICIO,1000,LOW,4,7595.43,994.92,6609.04,-31,1,2,"maritime agency","url:gac.com"
en_world,"manning agency near me",FUERA,COMERCIAL,EXCLUIR,1000,LOW,1,1722.24,714.50,2388.43,10,2,1,"","agencia"
en_world,"panama maritime authority",INFO_CANAL,INFORMACIONAL,BLOG_CORE,1000,LOW,0,2452.55,0.00,0.00,-7,4,1,"","info"
en_world,"miraflores locks panama canal",INFO_CANAL,INFORMACIONAL,BLOG_GENERAL,1000,LOW,1,4082.80,934.27,4371.75,79,7,1,"","info"
en_world,"panama canal visitors center",INFO_CANAL,INFORMACIONAL,BLOG_GENERAL,1000,LOW,30,4123.53,844.15,3609.91,3,1,1,"","info"
en_world,"panama canal important",INFO_CANAL,INFORMACIONAL,BLOG_GENERAL,1000,LOW,1,0.00,0.00,0.00,-30,1,1,"","url:adimarships.com"
en_world,"marine shipping company",CONSULT,COMERCIAL,SERVICIO,1000,LOW,16,12333.47,1104.68,11495.88,-36,3,2,"shipping marine company","url:orcashipsagents.com"
en_world,"ship technologies",OTRO,GENERICA,REVISAR,1000,LOW,6,26863.91,2194.02,10526.46,-12,1,1,"","url:panamashipservice.com"
en_world,"ship business",OTRO,GENERICA,REVISAR,1000,LOW,19,37991.47,3096.40,34943.63,-31,1,1,"","url:gac.com"
en_world,"ship search",OTRO,GENERICA,REVISAR,1000,LOW,5,2734.44,738.27,4323.37,24,1,1,"","url:gac.com"
en_world,"europe ship",OTRO,GENERICA,REVISAR,1000,LOW,26,11829.95,2308.17,14254.19,-9,3,1,"","url:gac.com"
en_world,"logo gac",CONQUEST,NAVEGACIONAL,CONQUEST,1000,LOW,1,15229.07,745.33,9568.81,76,5,1,"","url:gac.com"
en_world,"logistics panama",OTRO,COMERCIAL,REVISAR,1000,LOW,20,377.61,62.32,1262.49,-17,3,1,"","url:gac.com"
en_world,"marine ship company",OTRO,COMERCIAL,REVISAR,1000,LOW,16,12242.24,1096.51,11410.85,-36,3,1,"","url:gac.com"
en_world,"shipping company singapore",CONSULT,COMERCIAL,SERVICIO,1000,MEDIUM,45,7534.19,2185.30,15791.46,-40,3,1,"","url:lethagencies.com"
en_world,"port suez",OTRO,GENERICA,EXCLUIR,1000,LOW,0,0.00,0.00,0.00,-6,1,1,"","url:lethagencies.com"
en_world,"suez canal vessel",INFO_CANAL,INFORMACIONAL,EXCLUIR,1000,LOW,0,4702.34,0.00,0.00,-8,3,1,"","url:lethagencies.com"
en_world,"panama canal opening",INFO_CANAL,INFORMACIONAL,BLOG_GENERAL,1000,LOW,0,0.00,0.00,0.00,21,1,1,"","url:lethagencies.com url:orcashipsagents.com"
en_world,"ship docking",OTRO,GENERICA,REVISAR,1000,LOW,0,0.00,0.00,0.00,26,9,1,"","url:lethagencies.com"
en_world,"maritime agent",AGENCIA,COMERCIAL,SERVICIO,1000,LOW,4,7652.03,1002.33,6658.29,-31,1,1,"","url:orcashipsagents.com"
en_world,"master shipping",OTRO,GENERICA,REVISAR,1000,LOW,8,9885.74,1237.48,10927.90,-1,1,1,"","url:orcashipsagents.com"
en_world,"container cargo ship",OTRO,GENERICA,EXCLUIR,1000,LOW,10,2297.95,4044.65,12397.55,-23,9,1,"","url:orcashipsagents.com"
en_world,"significance of panama canal",INFO_CANAL,INFORMACIONAL,BLOG_GENERAL,1000,LOW,1,0.00,0.00,0.00,-30,1,1,"","url:orcashipsagents.com"
en_world,"name of ships",OTRO,GENERICA,REVISAR,1000,LOW,0,0.00,0.00,0.00,-34,3,1,"","url:orcashipsagents.com"
en_world,"global marine services",OTRO,COMERCIAL,REVISAR,1000,LOW,6,8779.95,950.10,6225.36,-2,3,1,"","url:24marine.com"
en_world,"maritime marine",OTRO,INFORMACIONAL,REVISAR,1000,LOW,6,10547.02,3043.32,20614.68,11,3,1,"","url:24marine.com"
en_world,"cargo marine",OTRO,GENERICA,REVISAR,1000,LOW,6,11043.25,2779.30,20107.64,-6,3,1,"","url:24marine.com"
en_world,"marine surveyor job",SURVEY,COMERCIAL,EXCLUIR,1000,LOW,4,1138.51,62.77,1862.22,-11,1,1,"","url:24marine.com"
en_world,"marketing learn",OTRO,GENERICA,EXCLUIR,1000,MEDIUM,54,21405.89,1868.45,22948.57,-33,3,1,"","url:crossworldagency.com"
en_world,"canal cross",INFO_CANAL,INFORMACIONAL,EXCLUIR,1000,LOW,13,3156.50,986.62,3251.15,2,3,1,"","url:crossworldagency.com"
en_world,"about us of a company",OTRO,COMERCIAL,REVISAR,1000,LOW,1,5425.53,1565.06,5921.75,10,2,2,"about us for a company","url:crossworldagency.com"
en_world,"industries in marketing",OTRO,GENERICA,EXCLUIR,1000,LOW,3,16399.04,2998.29,24907.82,-59,5,1,"","url:crossworldagency.com"
en_world,"cruise ship agents",AGENCIA,COMERCIAL,EXCLUIR,880,LOW,24,5823.55,433.40,5877.71,-19,1,1,"","agencia"
en_world,"zodiac shipping company",CONSULT,COMERCIAL,SERVICIO,880,LOW,2,4065.19,893.37,2882.24,110,2,1,"","agencia"
en_world,"seafarers shipping agency inc manning agency",AGENCIA,COMERCIAL,SERVICIO,880,LOW,2,0.00,0.00,0.00,54,3,1,"","agencia"
en_world,"qapla maritime consultancy services",CONSULT,COMERCIAL,SERVICIO,880,LOW,3,276.79,0.00,0.00,7,11,1,"","consultoria"
en_world,"panama canal expansion",INFO_CANAL,INFORMACIONAL,BLOG_GENERAL,880,LOW,1,21581.58,7856.70,21540.73,-58,2,1,"","info"
en_world,"balboa port terminal",INFO_CANAL,INFORMACIONAL,BLOG_CORE,880,LOW,0,0.00,0.00,0.00,-19,10,1,"","info"
en_world,"colon container terminal panama",INFO_CANAL,INFORMACIONAL,BLOG_GENERAL,880,LOW,0,0.00,2558.77,94785.73,-14,3,1,"","info"
en_world,"colon port",OTRO,COMERCIAL,REVISAR,880,LOW,2,2477.59,1050.88,3876.64,-7,1,2,"port of colon","info"
en_world,"panama canal expansion project",INFO_CANAL,INFORMACIONAL,BLOG_GENERAL,880,LOW,1,21581.58,7856.70,21540.73,-58,2,1,"","info"
en_world,"panama canal upgrade",INFO_CANAL,INFORMACIONAL,BLOG_GENERAL,880,LOW,1,21581.58,7856.70,21540.73,-58,2,1,"","info url:adimarships.com url:lethagencies.com url:orcashipsagents.com"
en_world,"panama canal fee",INFO_CANAL,INFORMACIONAL,BLOG_CORE,880,LOW,2,2021.85,535.69,1966.23,-87,2,3,"panama canal fees | fee for panama canal","url:orcashipsagents.com"
en_world,"panama canal price",INFO_CANAL,INFORMACIONAL,BLOG_CORE,880,LOW,2,2005.13,531.26,1949.97,-87,2,1,"","info_2"
en_world,"panama canal rates",INFO_CANAL,INFORMACIONAL,BLOG_CORE,880,LOW,2,2005.13,531.26,1949.97,-87,2,1,"","info_2"
en_world,"canal shipping",INFO_CANAL,INFORMACIONAL,BLOG_GENERAL,880,LOW,1,0.00,0.00,0.00,-12,3,1,"","url:adimarships.com url:panamashipservice.com url:gac.com url:lethagencies.com url:orcashipsagents.com"
en_world,"panama canal cost",INFO_CANAL,INFORMACIONAL,BLOG_CORE,880,LOW,2,2006.90,531.73,1951.68,-87,2,2,"panama canal costs","url:adimarships.com url:panamashipservice.com"
en_world,"panama canal pricing",INFO_CANAL,INFORMACIONAL,BLOG_GENERAL,880,LOW,2,2006.90,531.73,1951.68,-87,2,1,"","url:adimarships.com url:lethagencies.com url:orcashipsagents.com"
en_world,"marine services company",OTRO,COMERCIAL,REVISAR,880,LOW,16,39267.34,2315.23,37594.50,8,11,1,"","url:panamashipservice.com url:24marine.com"
en_world,"cargo survey",SURVEY,GENERICA,SERVICIO,880,LOW,15,11259.90,1345.87,14787.17,-14,1,1,"","url:panamashipservice.com"
en_world,"underwater ship",OTRO,INFORMACIONAL,REVISAR,880,LOW,0,5049.88,0.00,0.00,-12,3,1,"","url:panamashipservice.com"
en_world,"commercial vessels",OTRO,GENERICA,REVISAR,880,LOW,1,5349.72,678.11,5154.95,12,4,1,"","url:panamashipservice.com"
en_world,"all vessel",OTRO,GENERICA,REVISAR,880,LOW,10,1560.68,315.59,1781.97,15,4,1,"","url:panamashipservice.com url:gac.com url:24marine.com"
en_world,"ocean freight services",OTRO,COMERCIAL,REVISAR,880,LOW,4,15187.49,2134.70,24414.32,37,6,1,"","url:gac.com"
en_world,"vessel location",OTRO,GENERICA,REVISAR,880,LOW,8,1404.09,205.69,2138.20,-6,3,1,"","url:gac.com"
en_world,"united arab agency",FUERA,COMERCIAL,EXCLUIR,880,LOW,4,8430.57,3482.97,8438.36,-54,11,1,"","url:gac.com"
en_world,"ship from location",OTRO,GENERICA,REVISAR,880,LOW,8,1404.09,205.69,2138.20,-6,3,1,"","url:gac.com"
en_world,"shipping company in sri lanka",CONSULT,COMERCIAL,SERVICIO,880,LOW,8,1124.53,570.71,2454.74,-17,10,1,"","url:gac.com"
en_world,"vessel port",OTRO,GENERICA,REVISAR,880,LOW,1,13858.11,2252.84,7226.00,-22,3,1,"","url:gac.com url:lethagencies.com"
en_world,"commercial ship",OTRO,GENERICA,REVISAR,880,LOW,1,3300.87,396.33,4332.10,15,3,1,"","url:orcashipsagents.com"
en_world,"ship arrival",OTRO,GENERICA,REVISAR,880,LOW,0,0.00,0.00,0.00,-3,1,1,"","url:orcashipsagents.com"
en_world,"cargo surveyor",SURVEY,COMERCIAL,SERVICIO,880,LOW,15,11259.90,1345.87,14787.17,-14,1,1,"","url:24marine.com"
en_world,"container carriers",OTRO,GENERICA,REVISAR,880,LOW,11,8235.50,1848.56,14442.63,-18,3,1,"","url:24marine.com"
en_world,"marketing inc",OTRO,GENERICA,EXCLUIR,880,LOW,2,21507.83,6981.97,24745.61,110,7,1,"","url:crossworldagency.com"
en_world,"authority agency",FUERA,COMERCIAL,EXCLUIR,880,LOW,5,109621.74,13707.56,78253.13,-9,1,1,"","url:crossworldagency.com"
en_world,"surveys help",FUERA,GENERICA,EXCLUIR,880,LOW,2,46389.76,3567.09,49127.07,62,4,1,"","url:crossworldagency.com"
en_world,"marketing agency for manufacturing industry",FUERA,COMERCIAL,EXCLUIR,880,LOW,10,185190.67,42224.56,257250.07,-30,9,1,"","url:crossworldagency.com"
en_world,"facility shipping agency",AGENCIA,COMERCIAL,SERVICIO,720,LOW,2,1143.95,845.88,18318.97,16,9,2,"facilities shipping agencies","agencia"
en_world,"reham shipping agency llc",AGENCIA,COMERCIAL,SERVICIO,720,LOW,5,1436.08,689.14,909.12,28,5,1,"","agencia"
en_world,"solpia marine",OTRO,GENERICA,REVISAR,720,LOW,0,0.00,0.00,0.00,-23,3,1,"","agencia"
en_world,"marine warranty survey",SURVEY,GENERICA,SERVICIO,720,LOW,5,8843.84,2031.91,11808.67,-20,9,1,"","survey_2"
en_world,"fuerte amador panama cruise port",OTRO,COMERCIAL,EXCLUIR,720,LOW,4,11833.90,1805.56,5964.86,130,1,1,"","info url:orcashipsagents.com"
en_world,"panama cruise terminal",OTRO,COMERCIAL,EXCLUIR,720,LOW,3,10892.53,0.00,0.00,13,10,1,"","info url:orcashipsagents.com"
en_world,"ship shipping",OTRO,GENERICA,REVISAR,720,LOW,7,7311.18,2060.01,22167.56,-11,1,1,"","url:adimarships.com url:panamashipservice.com url:gac.com"
en_world,"crewing agency",AGENCIA,COMERCIAL,SERVICIO,720,LOW,7,4362.58,688.72,6975.06,-31,3,1,"","url:adimarships.com url:gac.com url:lethagencies.com"
en_world,"shipping owner",OTRO,GENERICA,REVISAR,720,LOW,2,4601.39,1141.52,7140.86,-21,3,1,"","url:adimarships.com"
en_world,"bunker cost",BUNKER,INFORMACIONAL,BLOG_CORE,720,LOW,1,3273.48,3132.88,30982.05,-19,3,1,"","url:panamashipservice.com"
en_world,"ship maintenance",OTRO,GENERICA,REVISAR,720,LOW,11,9769.68,1891.25,13979.99,-20,9,1,"","url:panamashipservice.com"
en_world,"supply ship",OTRO,GENERICA,REVISAR,720,LOW,1,0.00,1738.52,5713.43,-4,10,1,"","url:panamashipservice.com url:gac.com"
en_world,"shipping trade",OTRO,GENERICA,REVISAR,720,LOW,8,4188.72,1615.86,7346.54,1,3,1,"","url:panamashipservice.com"
en_world,"ship management services",CONSULT,COMERCIAL,SERVICIO,720,LOW,1,13011.04,1827.70,14807.16,129,7,1,"","url:panamashipservice.com"
en_world,"class of ship",OTRO,GENERICA,REVISAR,720,LOW,0,0.00,0.00,0.00,-5,3,1,"","url:panamashipservice.com"
en_world,"support vessels",OTRO,GENERICA,REVISAR,720,LOW,3,10433.59,2639.26,7167.00,-7,4,1,"","url:panamashipservice.com"
en_world,"shipping company worldwide",CONSULT,COMERCIAL,SERVICIO,720,MEDIUM,35,18544.81,908.19,12529.83,-30,10,1,"","url:gac.com"
en_world,"ship europe",OTRO,GENERICA,REVISAR,720,LOW,33,7816.82,2290.77,15451.79,110,4,1,"","url:gac.com"
en_world,"business maritime",OTRO,INFORMACIONAL,REVISAR,720,LOW,8,17226.85,2651.05,20846.92,-20,1,1,"","url:gac.com"
en_world,"sri lanka shipping",OTRO,GENERICA,REVISAR,720,LOW,3,22074.32,858.08,4495.88,21,3,1,"","url:gac.com"
en_world,"shipping operators",OTRO,GENERICA,REVISAR,720,LOW,3,3530.95,1274.92,7612.89,-20,9,1,"","url:lethagencies.com"
en_world,"eta ship",OTRO,GENERICA,REVISAR,720,LOW,1,0.00,489.54,7533.50,-28,9,1,"","url:lethagencies.com"
en_world,"crew change",AGENCIA,GENERICA,SERVICIO,720,LOW,0,0.00,0.00,0.00,-13,3,1,"","url:lethagencies.com url:orcashipsagents.com"
en_world,"fuerte amador",OTRO,GENERICA,REVISAR,720,LOW,4,6391.84,695.53,7980.18,7,1,1,"","url:orcashipsagents.com"
en_world,"sea agent",FUERA,COMERCIAL,EXCLUIR,720,LOW,6,71705.34,25160.86,86289.55,9,9,1,"","url:orcashipsagents.com"
en_world,"ships operation",OTRO,GENERICA,REVISAR,720,LOW,3,3557.26,1284.42,7669.61,-20,9,1,"","url:orcashipsagents.com"
en_world,"ship owning",OTRO,GENERICA,REVISAR,720,LOW,2,4635.68,1150.03,7194.07,-21,3,1,"","url:orcashipsagents.com"
en_world,"maritime vessel",OTRO,INFORMACIONAL,REVISAR,720,LOW,2,10541.27,1420.30,6407.13,0,3,1,"","url:orcashipsagents.com url:24marine.com"
en_world,"maritime businesses",OTRO,INFORMACIONAL,REVISAR,720,LOW,8,17355.21,2670.80,21002.26,-20,1,1,"","url:orcashipsagents.com"
en_world,"dry cargo ship",OTRO,GENERICA,EXCLUIR,720,LOW,1,0.00,473.66,4675.74,-14,9,1,"","url:orcashipsagents.com"
en_world,"dry cargo vessel",OTRO,GENERICA,REVISAR,720,LOW,1,0.00,473.66,4675.74,-14,9,1,"","url:orcashipsagents.com"
en_world,"deck cargo vessel",OTRO,GENERICA,REVISAR,720,LOW,1,2193.51,960.47,6230.32,5,3,1,"","url:orcashipsagents.com"
en_world,"deck cargo ship",OTRO,GENERICA,EXCLUIR,720,LOW,1,2193.51,960.47,6230.32,5,3,1,"","url:orcashipsagents.com"
en_world,"marine 24",OTRO,GENERICA,REVISAR,720,LOW,7,4248.62,772.87,7079.17,52,4,1,"","url:24marine.com"
en_world,"marine operation",OTRO,GENERICA,REVISAR,720,LOW,3,7375.23,1330.29,6338.69,3,3,1,"","url:24marine.com"
en_world,"we marine",OTRO,GENERICA,REVISAR,720,LOW,1,7302.85,2066.38,11690.46,-36,3,1,"","url:24marine.com"
en_world,"your surveys",FUERA,GENERICA,EXCLUIR,720,LOW,21,5152.60,346.46,9703.39,-30,9,1,"","url:crossworldagency.com"
en_world,"business marketing services",OTRO,COMERCIAL,EXCLUIR,720,LOW,13,37020.60,7655.07,72678.45,-31,9,1,"","url:crossworldagency.com"
en_world,"agencies in sa",FUERA,GENERICA,EXCLUIR,720,LOW,2,3439.27,248.46,6593.17,55,4,1,"","url:crossworldagency.com"
en_world,"contact us to learn more",OTRO,GENERICA,REVISAR,720,LOW,0,0.00,0.00,0.00,1155,6,1,"","url:crossworldagency.com"
en_world,"business is marketing",OTRO,GENERICA,EXCLUIR,720,MEDIUM,34,75504.95,7195.87,77676.91,-28,9,1,"","url:crossworldagency.com"
en_world,"business marketing business",OTRO,GENERICA,EXCLUIR,720,MEDIUM,34,75504.95,7195.87,77676.91,-28,9,1,"","url:crossworldagency.com"
en_world,"diamond h marine services & shipping agency inc",AGENCIA,COMERCIAL,SERVICIO,590,LOW,2,1680.98,0.00,0.00,68,7,1,"","agencia"
en_world,"korpil shipmanagement and manning corp",OTRO,GENERICA,REVISAR,590,LOW,2,0.00,0.00,0.00,7,3,1,"","agencia"
en_world,"magsaysay shipping",OTRO,GENERICA,REVISAR,590,LOW,2,817.72,613.87,2469.27,-17,3,1,"","agencia"
en_world,"moran shipping agencies inc",AGENCIA,GENERICA,SERVICIO,590,LOW,1,0.00,0.00,0.00,-4,1,1,"","agencia"
en_world,"raj shipping agency",AGENCIA,COMERCIAL,SERVICIO,590,LOW,2,0.00,0.00,0.00,17,1,1,"","agencia"
en_world,"united shipping agency",AGENCIA,COMERCIAL,SERVICIO,590,LOW,3,0.00,1872.55,13591.68,108,1,1,"","agencia"
en_world,"bunker survey",BUNKER,GENERICA,SERVICIO,590,LOW,5,6490.86,1057.48,10553.17,-24,5,2,"bunker surveys","bunker"
en_world,"cargo claims",CLAIMS,GENERICA,SERVICIO,590,LOW,3,38857.86,14160.59,56274.52,-25,3,1,"","claims url:24marine.com"
en_world,"freight claims",FUERA,GENERICA,EXCLUIR,590,LOW,3,38857.86,14160.59,56274.52,-25,3,1,"","claims"
en_world,"maritime consulting",CONSULT,INFORMACIONAL,BLOG_CORE,590,LOW,5,4799.99,2079.15,13840.44,-19,1,1,"","consultoria"
en_world,"manzanillo panama port",INFO_CANAL,INFORMACIONAL,BLOG_CORE,590,LOW,1,26321.87,0.00,0.00,-10,3,2,"manzanillo port panama","info"
en_world,"panama canal times",INFO_CANAL,INFORMACIONAL,BLOG_GENERAL,590,LOW,1,4109.88,719.26,1756.73,-22,4,1,"","url:adimarships.com url:panamashipservice.com url:orcashipsagents.com"
en_world,"ship system",OTRO,GENERICA,REVISAR,590,LOW,7,40774.08,1844.58,58640.61,-80,9,1,"","url:adimarships.com url:panamashipservice.com"
en_world,"panama canal description",INFO_CANAL,INFORMACIONAL,BLOG_GENERAL,590,LOW,1,0.00,0.00,0.00,96,10,2,"description of the panama canal","url:adimarships.com"
en_world,"panama canal where is it located",INFO_CANAL,INFORMACIONAL,BLOG_GENERAL,590,LOW,3,3104.14,0.00,0.00,-40,1,1,"","url:adimarships.com url:gac.com url:lethagencies.com url:orcashipsagents.com"
en_world,"condition surveys",SURVEY,GENERICA,SERVICIO,590,LOW,4,42537.47,11702.88,33824.91,144,4,1,"","url:panamashipservice.com url:24marine.com"
en_world,"ship repair and maintenance",OTRO,GENERICA,REVISAR,590,LOW,8,10406.73,1611.10,16572.28,-28,9,1,"","url:panamashipservice.com"
en_world,"yout ship",OTRO,GENERICA,REVISAR,590,LOW,2,2417.30,792.56,4864.03,31,1,1,"","url:panamashipservice.com"
en_world,"dubai shipping",OTRO,GENERICA,REVISAR,590,LOW,23,12828.82,1518.24,10927.00,-26,3,1,"","url:gac.com"
en_world,"new zealand shipping",OTRO,GENERICA,REVISAR,590,LOW,11,7470.83,1635.55,11339.52,-61,10,1,"","url:gac.com"
en_world,"shipping company in south africa",CONSULT,COMERCIAL,SERVICIO,590,MEDIUM,45,14783.67,2304.18,12028.18,-34,3,1,"","url:gac.com"
en_world,"shipping company in abu dhabi",CONSULT,COMERCIAL,SERVICIO,590,MEDIUM,40,9296.41,2377.13,16837.05,-50,1,1,"","url:gac.com"
en_world,"agency world",FUERA,COMERCIAL,EXCLUIR,590,LOW,2,12771.03,4161.28,19763.43,205,5,1,"","url:gac.com"
en_world,"find ship location",OTRO,GENERICA,EXCLUIR,590,LOW,5,1197.37,180.11,1362.41,45,10,1,"","url:gac.com"
en_world,"saudi arabia shipping company",CONSULT,COMERCIAL,SERVICIO,590,LOW,28,7563.89,1617.29,8358.88,-38,10,1,"","url:gac.com"
en_world,"location of panama canal",INFO_CANAL,INFORMACIONAL,BLOG_GENERAL,590,LOW,3,3104.14,0.00,0.00,-40,1,1,"","url:gac.com"
en_world,"sa shipping companies",OTRO,GENERICA,REVISAR,590,MEDIUM,45,14783.67,2304.18,12028.18,-34,3,1,"","url:gac.com url:lethagencies.com"
en_world,"shipping sri lanka",OTRO,GENERICA,REVISAR,590,LOW,20,3640.95,921.25,4850.55,-10,3,1,"","url:gac.com"
en_world,"shipping line companies",OTRO,GENERICA,REVISAR,590,LOW,22,9707.31,1135.77,8301.83,-34,3,1,"","url:lethagencies.com"
en_world,"full style",OTRO,GENERICA,REVISAR,590,LOW,2,0.00,0.00,0.00,-26,9,1,"","url:lethagencies.com"
en_world,"inland shipping",OTRO,GENERICA,REVISAR,590,LOW,2,0.00,1623.20,5303.91,-13,9,1,"","url:lethagencies.com"
en_world,"suez canal company",INFO_CANAL,COMERCIAL,EXCLUIR,590,LOW,0,0.00,0.00,0.00,10,4,1,"","url:lethagencies.com"
en_world,"ins shipping",OTRO,GENERICA,REVISAR,590,LOW,1,1959.97,755.14,8714.99,8,7,1,"","url:lethagencies.com"
en_world,"panama waterway",OTRO,INFORMACIONAL,REVISAR,590,MEDIUM,35,2260.26,0.00,0.00,5,3,1,"","url:lethagencies.com"
en_world,"shipping families",OTRO,GENERICA,REVISAR,590,LOW,7,1778.13,13.54,9117.46,1,10,1,"","url:lethagencies.com"
en_world,"ship certificates",OTRO,GENERICA,REVISAR,590,LOW,5,6526.38,1357.17,12086.59,-18,9,1,"","url:orcashipsagents.com"
en_world,"a ship shipping shipping ships",OTRO,GENERICA,REVISAR,590,LOW,0,0.00,0.00,0.00,-1,3,1,"","url:orcashipsagents.com"
en_world,"a ship shipping ship shipping shipping ships",OTRO,GENERICA,REVISAR,590,LOW,0,0.00,0.00,0.00,-1,3,1,"","url:orcashipsagents.com"
en_world,"name of cargo ship",OTRO,GENERICA,EXCLUIR,590,LOW,0,0.00,0.00,0.00,-22,11,1,"","url:orcashipsagents.com"
en_world,"a shipping ship shipping shipping ships",OTRO,GENERICA,REVISAR,590,LOW,0,0.00,0.00,0.00,-1,3,1,"","url:orcashipsagents.com"
en_world,"cargo vessel names",OTRO,GENERICA,REVISAR,590,LOW,0,0.00,0.00,0.00,-22,11,1,"","url:orcashipsagents.com"
en_world,"marine inspection",SURVEY,GENERICA,SERVICIO,590,LOW,7,15538.04,2146.94,56977.28,1,9,1,"","url:24marine.com"
en_world,"marine engineering services",OTRO,COMERCIAL,REVISAR,590,LOW,5,7089.17,2508.02,8803.38,60,5,1,"","url:24marine.com"
en_world,"independent surveyors",FUERA,COMERCIAL,EXCLUIR,590,LOW,26,30564.97,9191.05,29018.97,-12,7,1,"","url:24marine.com"
en_world,"3d marine",OTRO,GENERICA,REVISAR,590,LOW,6,1846.21,0.00,0.00,-3,7,1,"","url:24marine.com"
en_world,"bulk freighters",OTRO,GENERICA,REVISAR,590,LOW,7,10726.67,4974.02,28509.16,-9,3,1,"","url:24marine.com"
en_world,"marine and naval engineering",OTRO,GENERICA,REVISAR,590,LOW,1,2670.98,762.35,17048.53,24,9,1,"","url:24marine.com"
en_world,"vessel number",OTRO,GENERICA,REVISAR,590,LOW,16,10027.59,1796.35,6940.37,-2,5,1,"","url:24marine.com"
en_world,"vessel s",OTRO,GENERICA,REVISAR,590,LOW,1,3161.65,0.00,0.00,15,10,1,"","url:24marine.com"
en_world,"marketing help",OTRO,GENERICA,EXCLUIR,590,LOW,31,78086.17,13870.81,84832.31,-39,4,1,"","url:crossworldagency.com"
en_world,"marketing agency us",FUERA,COMERCIAL,EXCLUIR,590,MEDIUM,56,21995.63,6779.73,18059.27,-21,4,1,"","url:crossworldagency.com"
en_world,"marketing company services",OTRO,COMERCIAL,EXCLUIR,590,LOW,14,9035.02,2942.32,45191.83,-22,9,1,"","url:crossworldagency.com"
en_world,"surveys for business",FUERA,GENERICA,EXCLUIR,590,LOW,20,65269.44,11023.20,70819.99,-26,3,1,"","url:crossworldagency.com"
en_world,"about us marketing agency",FUERA,COMERCIAL,EXCLUIR,590,MEDIUM,56,21995.63,6779.73,18059.27,-21,4,1,"","url:crossworldagency.com"
en_world,"industrial agency",FUERA,COMERCIAL,EXCLUIR,590,LOW,7,2733.72,1539.25,16357.08,-9,2,1,"","url:crossworldagency.com"
en_world,"marketing professional services",OTRO,COMERCIAL,EXCLUIR,590,LOW,12,35841.96,9032.98,57343.61,-44,4,1,"","url:crossworldagency.com"
en_world,"home marketing",OTRO,GENERICA,EXCLUIR,590,LOW,6,27060.65,2768.55,37324.57,4,3,2,"marketing home","url:crossworldagency.com"
en_world,"home for action",OTRO,GENERICA,REVISAR,590,LOW,16,20164.22,2817.11,32587.65,-3,4,1,"","url:crossworldagency.com"
en_world,"shipping agents near me",AGENCIA,COMERCIAL,SERVICIO,480,MEDIUM,55,18111.40,2130.67,22854.96,-25,3,1,"","agencia"
en_world,"panama canal transit",INFO_CANAL,INFORMACIONAL,BLOG_GENERAL,480,LOW,10,7199.14,1522.66,6903.82,-92,2,1,"","agencia url:adimarships.com url:panamashipservice.com url:gac.com url:lethagencies.com url:orcashipsagents.com"
en_world,"turkish shipping companies",OTRO,GENERICA,REVISAR,480,LOW,23,10017.67,1297.38,8624.91,-39,10,1,"","agencia"
en_world,"al barrak shipping agencies",AGENCIA,GENERICA,SERVICIO,480,LOW,4,2800.98,876.26,7554.21,45,1,1,"","agencia"
en_world,"husbandry shipping",AGENCIA,GENERICA,SERVICIO,480,LOW,1,0.00,0.00,0.00,-26,1,1,"","agencia url:orcashipsagents.com"
en_world,"sharaf shipping tracking",OTRO,GENERICA,REVISAR,480,LOW,3,460.11,93.99,1488.84,3,7,1,"","agencia"
en_world,"vessel husbandry",AGENCIA,GENERICA,SERVICIO,480,LOW,1,0.00,0.00,0.00,-26,1,1,"","agencia url:orcashipsagents.com"
en_world,"bunker delivery note",BUNKER,GENERICA,SERVICIO,480,LOW,1,9481.60,2380.99,4049.16,-22,10,1,"","bunker"
en_world,"petroleum inspection",SURVEY,GENERICA,SERVICIO,480,LOW,2,183.05,124.98,6703.69,-24,3,1,"","survey_2"
en_world,"petrol inspection",FUERA,GENERICA,EXCLUIR,480,LOW,2,183.05,124.98,6703.69,-24,3,1,"","survey_2"
en_world,"panama ship registry",INFO_CANAL,INFORMACIONAL,BLOG_CORE,480,LOW,4,2243.90,1378.46,1942.38,-16,10,1,"","info"
en_world,"colon panama port",OTRO,COMERCIAL,REVISAR,480,LOW,3,2943.04,1058.49,5912.62,-20,1,3,"panama colon port | panama port colon","info"
en_world,"how much does it cost to go through panama canal",INFO_CANAL,INFORMACIONAL,BLOG_CORE,480,LOW,2,16940.41,0.00,0.00,-33,1,1,"","info"
en_world,"how much does it cost to pass the panama canal",INFO_CANAL,INFORMACIONAL,BLOG_CORE,480,LOW,2,16940.41,0.00,0.00,-33,1,1,"","info"
en_world,"how much does it cost to transit the panama canal",INFO_CANAL,INFORMACIONAL,BLOG_CORE,480,LOW,2,16940.41,0.00,0.00,-33,1,1,"","info"
en_world,"panama ship registration",OTRO,COMERCIAL,REVISAR,480,LOW,4,2243.90,1378.46,1942.38,-16,10,1,"","info conquest"
en_world,"norton lilly panama",CONQUEST,NAVEGACIONAL,CONQUEST,480,LOW,2,2224.37,0.00,0.00,12,1,1,"","conquest"
en_world,"panama canal ship",INFO_CANAL,INFORMACIONAL,BLOG_GENERAL,480,LOW,2,430.63,0.00,0.00,-7,2,3,"panama canal ships | ships in panama canal","url:panamashipservice.com url:gac.com"
en_world,"vessel services",OTRO,COMERCIAL,REVISAR,480,LOW,2,134209.57,2013.01,17761.79,1,7,1,"","url:adimarships.com url:panamashipservice.com url:gac.com url:lethagencies.com url:24marine.com"
en_world,"panama canal tickets",INFO_CANAL,INFORMACIONAL,BLOG_GENERAL,480,MEDIUM,45,3742.86,1107.19,4338.05,6,12,1,"","url:adimarships.com url:lethagencies.com url:orcashipsagents.com"
en_world,"shipping today",OTRO,GENERICA,EXCLUIR,480,LOW,3,13893.58,2318.33,16038.35,18,10,1,"","url:adimarships.com"
en_world,"panama canal us",INFO_CANAL,INFORMACIONAL,BLOG_GENERAL,480,LOW,0,0.00,0.00,0.00,-76,1,2,"us panama canal","url:adimarships.com url:panamashipservice.com url:lethagencies.com url:orcashipsagents.com"
en_world,"vessel services inc",OTRO,COMERCIAL,REVISAR,480,LOW,2,134209.57,2013.01,17761.79,1,7,1,"","url:adimarships.com"
en_world,"panama canal today",INFO_CANAL,INFORMACIONAL,BLOG_GENERAL,480,LOW,0,0.00,0.00,0.00,-49,1,1,"","url:adimarships.com"
en_world,"panama canal new canal",INFO_CANAL,INFORMACIONAL,BLOG_GENERAL,480,LOW,1,7216.73,740.41,8324.31,-58,1,1,"","url:adimarships.com url:orcashipsagents.com"
en_world,"panama canal ownership",INFO_CANAL,INFORMACIONAL,BLOG_GENERAL,480,LOW,0,0.00,0.00,0.00,-90,12,1,"","url:adimarships.com url:orcashipsagents.com"
en_world,"new panama canal",INFO_CANAL,INFORMACIONAL,BLOG_GENERAL,480,LOW,1,7216.73,740.41,8324.31,-58,1,2,"panama new canal","url:adimarships.com"
en_world,"ship repair companies",OTRO,GENERICA,REVISAR,480,LOW,26,10672.35,1298.06,10309.58,-26,9,1,"","url:panamashipservice.com"
en_world,"ship repair service",OTRO,COMERCIAL,REVISAR,480,LOW,2,3322.69,1317.91,6438.89,8,9,1,"","url:panamashipservice.com"
en_world,"ship one",OTRO,GENERICA,REVISAR,480,LOW,5,13877.07,1319.99,22471.06,12,7,1,"","url:panamashipservice.com url:gac.com"
en_world,"shipping fleet",OTRO,GENERICA,REVISAR,480,LOW,1,0.00,3307.08,11170.24,0,9,1,"","url:panamashipservice.com"
en_world,"ship fleet",OTRO,GENERICA,REVISAR,480,LOW,1,0.00,3307.08,11170.24,0,9,1,"","url:panamashipservice.com"
en_world,"marine fleet",OTRO,GENERICA,REVISAR,480,LOW,1,0.00,716.70,3710.59,16,3,1,"","url:panamashipservice.com"
en_world,"panama transportation",OTRO,COMERCIAL,REVISAR,480,LOW,16,4325.76,1159.16,5539.57,-22,10,2,"transportation in panama","url:panamashipservice.com url:gac.com url:lethagencies.com url:orcashipsagents.com"
en_world,"steel ship",OTRO,GENERICA,REVISAR,480,LOW,1,0.00,1314.81,6145.23,2,4,1,"","url:panamashipservice.com"
en_world,"united states shipping companies",OTRO,GENERICA,REVISAR,480,MEDIUM,46,14488.96,3132.88,17336.15,-33,3,1,"","url:gac.com"
en_world,"shipping to sa",OTRO,GENERICA,EXCLUIR,480,MEDIUM,48,10315.94,2040.01,12729.59,-24,3,1,"","url:gac.com url:lethagencies.com"
en_world,"ship spare",OTRO,GENERICA,REVISAR,480,LOW,8,6735.32,996.27,5819.14,-19,3,2,"ship spares","url:lethagencies.com"
en_world,"ship united states",OTRO,GENERICA,REVISAR,480,LOW,2,5369.52,1629.09,11185.69,-52,2,1,"","url:gac.com"
en_world,"gac south africa",CONQUEST,NAVEGACIONAL,CONQUEST,480,LOW,31,814.55,582.69,1333.23,7,1,1,"","url:gac.com"
en_world,"united states panama canal",INFO_CANAL,INFORMACIONAL,BLOG_GENERAL,480,LOW,0,0.00,0.00,0.00,-76,1,1,"","url:gac.com"
en_world,"shipping in south africa",OTRO,GENERICA,REVISAR,480,MEDIUM,48,10315.94,2040.01,12729.59,-24,3,1,"","url:gac.com"
en_world,"ship hong kong",OTRO,GENERICA,REVISAR,480,MEDIUM,38,12381.79,2535.50,17208.09,-34,1,1,"","url:gac.com"
en_world,"ship ireland",OTRO,GENERICA,REVISAR,480,MEDIUM,49,18398.66,3356.47,18230.65,-40,9,1,"","url:gac.com"
en_world,"vessel arrival",OTRO,GENERICA,REVISAR,480,LOW,1,1631.26,1123.38,6400.46,-18,3,1,"","url:gac.com url:orcashipsagents.com"
en_world,"ya sa shipping",OTRO,GENERICA,REVISAR,480,LOW,2,3471.83,1572.60,4873.83,0,3,1,"","url:gac.com"
en_world,"panama canal shipping",INFO_CANAL,INFORMACIONAL,BLOG_GENERAL,480,LOW,2,430.63,0.00,0.00,-7,2,1,"","url:lethagencies.com"
en_world,"shipping company norway",CONSULT,COMERCIAL,SERVICIO,480,LOW,9,6347.06,1544.17,7707.79,-65,3,1,"","url:lethagencies.com"
en_world,"sts operations",STS_OFFSHORE,GENERICA,SERVICIO,480,LOW,1,0.00,0.00,0.00,-16,10,1,"","url:lethagencies.com"
en_world,"shipping company egypt",CONSULT,COMERCIAL,EXCLUIR,480,LOW,28,4906.78,1168.57,4534.01,-31,9,1,"","url:lethagencies.com"
en_world,"anchorage ship",OTRO,GENERICA,REVISAR,480,LOW,1,1256.16,7756.94,19985.55,-2,3,1,"","url:lethagencies.com"
en_world,"shipping magnates",OTRO,GENERICA,REVISAR,480,LOW,0,0.00,0.00,0.00,3,3,1,"","url:lethagencies.com"
en_world,"panama canal year",INFO_CANAL,INFORMACIONAL,BLOG_GENERAL,480,LOW,0,0.00,0.00,0.00,48,10,1,"","url:orcashipsagents.com"
en_world,"yacht surveyor",SURVEY,COMERCIAL,SERVICIO,480,LOW,19,11620.35,2894.52,14302.10,-28,3,1,"","url:24marine.com"
en_world,"marine expert",OTRO,GENERICA,REVISAR,480,MEDIUM,44,1700.54,2215.67,6602.32,-31,4,1,"","url:24marine.com"
en_world,"inside marine",OTRO,GENERICA,REVISAR,480,LOW,1,9101.47,580.34,5558.11,-1,7,1,"","url:24marine.com"
en_world,"marine secure",OTRO,GENERICA,REVISAR,480,LOW,3,8167.11,656.48,6270.83,-10,9,1,"","url:24marine.com"
en_world,"type of bulk carriers",OTRO,GENERICA,REVISAR,480,LOW,1,0.00,0.00,0.00,-15,9,1,"","url:24marine.com"
en_world,"vessel valuation",OTRO,GENERICA,REVISAR,480,LOW,2,11601.49,751.50,16207.60,-22,1,1,"","url:24marine.com"
en_world,"business marketing agency",FUERA,COMERCIAL,EXCLUIR,480,LOW,27,73254.66,2764.87,77493.71,-32,9,1,"","url:crossworldagency.com"
en_world,"under agency",FUERA,COMERCIAL,EXCLUIR,480,LOW,0,0.00,0.00,0.00,29,4,1,"","url:crossworldagency.com"
en_world,"business learn",OTRO,GENERICA,REVISAR,480,LOW,31,9905.02,1991.25,20021.71,-21,9,1,"","url:crossworldagency.com"
en_world,"world of business",OTRO,GENERICA,REVISAR,480,LOW,2,14726.92,2177.65,15181.11,-13,2,1,"","url:crossworldagency.com"
en_world,"meridian shipping company",CONSULT,COMERCIAL,SERVICIO,390,LOW,5,882.19,748.95,4511.34,-11,5,1,"","agencia"
en_world,"geepee shipping agencies",AGENCIA,GENERICA,SERVICIO,390,LOW,0,0.00,0.00,0.00,10,1,1,"","agencia"
en_world,"international clearing & shipping agency",AGENCIA,COMERCIAL,SERVICIO,390,LOW,3,1602.79,811.86,4858.53,-7,7,1,"","agencia"
en_world,"international shipping and clearing agency",AGENCIA,COMERCIAL,SERVICIO,390,LOW,3,1602.79,811.86,4858.53,-7,7,1,"","agencia"
en_world,"island shipping agencies",AGENCIA,GENERICA,SERVICIO,390,LOW,3,512.00,0.00,0.00,39,5,1,"","agencia"
en_world,"maxicon shipping agency",AGENCIA,COMERCIAL,SERVICIO,390,LOW,1,182.59,0.00,0.00,-14,10,1,"","agencia"
en_world,"draught survey",SURVEY,GENERICA,SERVICIO,390,LOW,1,1901.62,0.00,0.00,-7,1,1,"","survey"
en_world,"panama shipping",OTRO,COMERCIAL,REVISAR,390,LOW,3,2721.93,1879.72,7512.59,-17,3,1,"","consultoria conquest url:adimarships.com url:panamashipservice.com url:gac.com url:lethagencies.com url:orcashipsagents.com"
en_world,"msc yashi b",OTRO,GENERICA,REVISAR,390,LOW,0,0.00,0.00,0.00,-35,6,1,"","consultoria"
en_world,"lock system panama canal",INFO_CANAL,INFORMACIONAL,BLOG_GENERAL,390,LOW,0,0.00,0.00,0.00,1,1,1,"","info"
en_world,"ship cargo services",OTRO,COMERCIAL,REVISAR,390,LOW,26,10719.55,1315.81,14862.28,-49,7,1,"","url:adimarships.com url:panamashipservice.com"
en_world,"cargo shipping services",OTRO,COMERCIAL,EXCLUIR,390,LOW,26,10719.55,1315.81,14862.28,-49,7,1,"","url:adimarships.com"
en_world,"panama canal information",INFO_CANAL,INFORMACIONAL,BLOG_GENERAL,390,LOW,8,19990.41,70.32,12437.84,23,1,1,"","url:adimarships.com"
en_world,"panama canal info",INFO_CANAL,INFORMACIONAL,BLOG_GENERAL,390,LOW,8,19990.41,70.32,12437.84,23,1,1,"","url:adimarships.com"
en_world,"panama canal purpose",INFO_CANAL,INFORMACIONAL,BLOG_GENERAL,390,LOW,2,0.00,34.91,5450.20,-18,1,1,"","url:adimarships.com url:lethagencies.com url:orcashipsagents.com"
en_world,"vessel repair",OTRO,GENERICA,REVISAR,390,LOW,2,0.00,3164.20,18345.42,-4,9,1,"","url:panamashipservice.com url:lethagencies.com"
en_world,"inspection ship",SURVEY,GENERICA,SERVICIO,390,LOW,8,7819.34,2937.31,16231.40,-26,9,2,"ship inspection","url:panamashipservice.com"
en_world,"marine management",OTRO,GENERICA,REVISAR,390,LOW,5,16787.09,1629.04,19925.72,-26,11,1,"","url:panamashipservice.com url:gac.com"
en_world,"rudder marine services & ship repairs",OTRO,COMERCIAL,REVISAR,390,LOW,4,3618.51,3222.84,7881.04,7,3,1,"","url:panamashipservice.com"
en_world,"company vessel",OTRO,COMERCIAL,REVISAR,390,LOW,6,11329.96,1070.22,6131.97,-33,1,2,"vessel companies","url:panamashipservice.com url:gac.com url:24marine.com"
en_world,"information about the panama canal",INFO_CANAL,INFORMACIONAL,BLOG_GENERAL,390,LOW,8,19990.41,70.32,12437.84,23,1,1,"","url:panamashipservice.com"
en_world,"nautical ships",OTRO,GENERICA,REVISAR,390,LOW,13,337.97,0.00,0.00,-35,1,1,"","url:panamashipservice.com"
en_world,"shipping to africa",OTRO,GENERICA,EXCLUIR,390,LOW,19,8931.75,2308.73,13580.27,-26,1,1,"","url:gac.com"
en_world,"gac website",CONQUEST,NAVEGACIONAL,CONQUEST,390,LOW,4,1258.94,844.59,4144.97,16,7,1,"","url:gac.com"
en_world,"marine agents",AGENCIA,COMERCIAL,SERVICIO,390,LOW,6,12843.38,1545.02,67189.05,-34,12,1,"","url:gac.com url:orcashipsagents.com"
en_world,"world shipping companies",OTRO,GENERICA,REVISAR,390,LOW,16,4753.79,855.71,6738.40,-18,3,1,"","url:gac.com"
en_world,"africa ship",OTRO,GENERICA,REVISAR,390,LOW,4,11959.51,4484.63,17220.88,-14,5,1,"","url:gac.com"
en_world,"shipping group",OTRO,GENERICA,REVISAR,390,LOW,9,22177.81,1284.48,19517.81,-24,3,1,"","url:gac.com"
en_world,"gac global",CONQUEST,NAVEGACIONAL,CONQUEST,390,LOW,3,3180.43,1096.29,12528.84,161,7,1,"","url:gac.com"
en_world,"hong kong ship",OTRO,GENERICA,REVISAR,390,LOW,9,8317.43,2304.85,17230.81,-37,4,1,"","url:gac.com"
en_world,"shipping company denmark",CONSULT,COMERCIAL,SERVICIO,390,LOW,21,14718.34,1260.50,9553.27,-25,1,1,"","url:lethagencies.com"
en_world,"panama canal in us history",INFO_CANAL,INFORMACIONAL,EXCLUIR,390,LOW,1,0.00,0.00,0.00,2,10,1,"","url:lethagencies.com"
en_world,"port transportation",OTRO,GENERICA,REVISAR,390,LOW,16,7668.22,1065.82,10735.50,-15,12,1,"","url:lethagencies.com"
en_world,"1914 panama canal",INFO_CANAL,INFORMACIONAL,BLOG_GENERAL,390,LOW,0,0.00,0.00,0.00,4,12,1,"","url:lethagencies.com"
en_world,"the ship company",OTRO,COMERCIAL,REVISAR,390,LOW,2,2190.82,857.01,8851.96,10,6,1,"","url:lethagencies.com"
en_world,"message ship",OTRO,GENERICA,REVISAR,390,LOW,3,9086.25,2038.76,14265.40,0,6,1,"","url:lethagencies.com"
en_world,"panama canal completed",INFO_CANAL,INFORMACIONAL,BLOG_GENERAL,390,LOW,1,6580.13,0.00,0.00,31,10,1,"","url:lethagencies.com url:orcashipsagents.com"
en_world,"panama city canal",INFO_CANAL,INFORMACIONAL,BLOG_GENERAL,390,LOW,14,7909.94,918.32,4916.61,-15,1,1,"","url:orcashipsagents.com"
en_world,"international maritime service",OTRO,COMERCIAL,REVISAR,390,LOW,4,9020.58,3260.06,20248.22,46,4,1,"","url:orcashipsagents.com"
en_world,"id shipping",OTRO,GENERICA,REVISAR,390,LOW,3,0.00,7196.54,31130.77,24,12,1,"","url:orcashipsagents.com"
en_world,"all kinds of ships",OTRO,GENERICA,REVISAR,390,LOW,0,0.00,0.00,0.00,10,7,1,"","url:orcashipsagents.com"
en_world,"container ship at sea",OTRO,GENERICA,EXCLUIR,390,LOW,0,0.00,0.00,0.00,635,2,1,"","url:orcashipsagents.com"
en_world,"ship chandlers near me",CONSULT,COMERCIAL,SERVICIO,390,LOW,31,1777.42,674.69,5199.77,-11,9,1,"","url:orcashipsagents.com"
en_world,"inspection vessel",SURVEY,GENERICA,SERVICIO,390,LOW,7,12591.35,3706.67,13399.99,-27,9,2,"vessel inspection","url:24marine.com"
en_world,"maritime certification",OTRO,INFORMACIONAL,REVISAR,390,LOW,16,9631.88,1151.99,9822.06,-37,9,1,"","url:24marine.com"
en_world,"marine surveyor courses",SURVEY,COMERCIAL,EXCLUIR,390,LOW,23,4065.79,430.60,4192.26,-22,1,1,"","url:24marine.com"
en_world,"marine carriers",OTRO,GENERICA,REVISAR,390,LOW,2,36442.11,2353.69,27228.54,-9,3,1,"","url:24marine.com"
en_world,"it marketing company",OTRO,COMERCIAL,EXCLUIR,390,LOW,13,54294.95,4295.20,59643.03,-49,5,1,"","url:crossworldagency.com"
en_world,"panama canal booking",AGENCIA,COMERCIAL,SERVICIO_PANAMA,320,HIGH,69,2395.44,909.20,6721.76,-34,1,1,"","agencia info url:orcashipsagents.com"
en_world,"chinese shipping agent",AGENCIA,COMERCIAL,SERVICIO,320,MEDIUM,66,19204.42,3697.06,16870.56,13,4,1,"","agencia"
en_world,"international shipping agent",AGENCIA,COMERCIAL,SERVICIO,320,LOW,24,12977.40,2440.23,25307.46,-4,3,1,"","agencia"
en_world,"elite shipping company",CONSULT,COMERCIAL,SERVICIO,320,LOW,7,5532.17,1472.45,21616.84,-12,5,1,"","agencia"
en_world,"rennies ships agency pty ltd",AGENCIA,COMERCIAL,SERVICIO,320,LOW,1,0.00,0.00,0.00,-14,10,1,"","agencia"
en_world,"us forwarding agency",FUERA,COMERCIAL,EXCLUIR,320,LOW,4,18357.43,5048.31,29690.30,2,5,1,"","agencia"
en_world,"zaf shipping lines agents llc",AGENCIA,COMERCIAL,SERVICIO,320,LOW,2,4068.59,0.00,0.00,1180,4,1,"","agencia"
en_world,"audit ism",SURVEY,GENERICA,SERVICIO,320,LOW,2,245.71,0.00,0.00,-22,1,2,"ism audit","survey"
en_world,"cargo damage",CLAIMS,GENERICA,SERVICIO,320,LOW,8,981.14,1335.61,10290.33,-5,10,2,"damage cargo","claims"
en_world,"marine consultancy services",CONSULT,COMERCIAL,SERVICIO,320,LOW,7,10671.20,1912.28,17828.79,13,9,1,"","consultoria"
en_world,"global maritime consultancy ltd",CONSULT,INFORMACIONAL,BLOG_CORE,320,LOW,4,220.43,0.00,0.00,7,7,1,"","consultoria"
en_world,"maersk consulting",FUERA,GENERICA,EXCLUIR,320,LOW,4,59586.05,17437.04,66418.77,-37,10,1,"","consultoria"
en_world,"panama canal toll",INFO_CANAL,INFORMACIONAL,BLOG_CORE,320,LOW,0,0.00,0.00,0.00,-19,4,2,"panama canal tolls","url:lethagencies.com"
en_world,"panama cruise port",OTRO,COMERCIAL,EXCLUIR,320,LOW,15,3763.02,1212.14,7760.62,13,1,1,"","info url:gac.com url:orcashipsagents.com"
en_world,"new panama canal locks",INFO_CANAL,INFORMACIONAL,BLOG_GENERAL,320,LOW,2,11501.77,677.89,4838.37,-38,1,3,"new locks at panama canal | new locks on panama canal","url:adimarships.com"
en_world,"panama canal locks diagram",INFO_CANAL,INFORMACIONAL,BLOG_GENERAL,320,LOW,0,0.00,0.00,0.00,-20,1,1,"","info"
en_world,"panama cruise ship port",OTRO,COMERCIAL,EXCLUIR,320,LOW,15,3763.02,1212.14,7760.62,13,1,1,"","info url:gac.com url:orcashipsagents.com"
en_world,"panama shipping company",CONSULT,COMERCIAL,SERVICIO_PANAMA,320,LOW,13,5764.22,1464.09,8999.46,-23,3,1,"","conquest url:panamashipservice.com url:gac.com url:lethagencies.com url:orcashipsagents.com"
en_world,"panama agent",FUERA,COMERCIAL,EXCLUIR,320,LOW,4,5383.79,3562.92,4298.97,19,1,1,"","url:adimarships.com url:lethagencies.com url:orcashipsagents.com"
en_world,"canal services",INFO_CANAL,COMERCIAL,SERVICIO,320,LOW,3,3186.57,412.91,2550.02,-12,1,1,"","url:adimarships.com url:panamashipservice.com url:gac.com url:lethagencies.com"
en_world,"canal information",INFO_CANAL,INFORMACIONAL,BLOG_GENERAL,320,LOW,5,7505.39,218.58,1745.63,-15,9,1,"","url:adimarships.com"
en_world,"ship s",OTRO,GENERICA,REVISAR,320,LOW,5,11870.77,765.07,14402.26,-3,1,1,"","url:adimarships.com url:panamashipservice.com"
en_world,"owner vessel",OTRO,GENERICA,REVISAR,320,LOW,4,6432.75,1761.90,17977.11,13,2,2,"vessel owners","url:adimarships.com url:orcashipsagents.com"
en_world,"husbandry service",AGENCIA,COMERCIAL,SERVICIO,320,LOW,1,0.00,0.00,0.00,-31,3,2,"husbandry services","url:adimarships.com url:orcashipsagents.com"
en_world,"get it ship",OTRO,GENERICA,REVISAR,320,LOW,6,11827.39,3380.01,10965.06,-20,1,1,"","url:adimarships.com url:panamashipservice.com url:gac.com"
en_world,"ship transit",OTRO,GENERICA,REVISAR,320,LOW,8,18129.45,1556.43,17982.19,-39,10,1,"","url:adimarships.com url:panamashipservice.com url:gac.com url:lethagencies.com"
en_world,"pre purchase survey",SURVEY,GENERICA,SERVICIO,320,MEDIUM,45,22792.91,7634.50,18418.82,-10,9,1,"","url:panamashipservice.com"
en_world,"support ship",OTRO,GENERICA,REVISAR,320,LOW,0,0.00,0.00,0.00,-3,3,1,"","url:panamashipservice.com"
en_world,"service marine",OTRO,COMERCIAL,REVISAR,320,LOW,2,83956.34,2898.81,60890.48,15,3,1,"","url:panamashipservice.com"
en_world,"ship condition",OTRO,GENERICA,REVISAR,320,LOW,1,2440.37,0.00,0.00,-24,9,1,"","url:panamashipservice.com"
en_world,"international shipping agency",AGENCIA,COMERCIAL,SERVICIO,320,LOW,24,12977.40,2440.23,25307.46,-4,3,1,"","url:gac.com"
en_world,"world wide shipping services",OTRO,COMERCIAL,EXCLUIR,320,MEDIUM,37,8670.75,824.88,8172.32,-19,1,1,"","url:gac.com"
en_world,"gac agent",CONQUEST,NAVEGACIONAL,CONQUEST,320,LOW,1,8074.13,0.00,0.00,4,10,1,"","url:gac.com"
en_world,"ship agency in sri lanka",AGENCIA,COMERCIAL,SERVICIO,320,LOW,13,1819.86,473.89,2468.23,-26,10,1,"","url:gac.com"
en_world,"gac europe",CONQUEST,NAVEGACIONAL,CONQUEST,320,LOW,4,4926.46,1729.05,9126.53,31,3,1,"","url:gac.com"
en_world,"shipping agency in sri lanka",AGENCIA,COMERCIAL,SERVICIO,320,LOW,13,1819.86,473.89,2468.23,-26,10,1,"","url:gac.com"
en_world,"global ship solutions",OTRO,GENERICA,REVISAR,320,LOW,10,9598.76,4067.74,19926.14,-8,12,1,"","url:gac.com"
en_world,"united states liner",OTRO,GENERICA,REVISAR,320,LOW,3,2715.55,0.00,0.00,-31,2,1,"","url:gac.com"
en_world,"gac jordan",CONQUEST,NAVEGACIONAL,CONQUEST,320,LOW,1,4826.05,0.00,0.00,37,7,1,"","url:gac.com"
en_world,"port and shipping",OTRO,GENERICA,REVISAR,320,LOW,2,0.00,1474.27,5936.47,-16,9,2,"shipping and port","url:gac.com"
en_world,"suez canal toll",INFO_CANAL,INFORMACIONAL,EXCLUIR,320,LOW,0,0.00,0.00,0.00,111,4,1,"","url:lethagencies.com"
en_world,"shipping investment",OTRO,GENERICA,REVISAR,320,LOW,7,14423.63,1937.25,20113.06,13,9,1,"","url:lethagencies.com"
en_world,"atlantic ocean ship",OTRO,GENERICA,REVISAR,320,LOW,2,0.00,0.00,0.00,-14,9,1,"","url:lethagencies.com"
en_world,"cost to go through panama canal",INFO_CANAL,INFORMACIONAL,BLOG_CORE,320,LOW,2,428.84,382.86,7241.92,-53,1,1,"","url:orcashipsagents.com"
en_world,"vessel transportation",OTRO,GENERICA,REVISAR,320,LOW,6,9251.53,3582.01,12484.11,-12,9,1,"","url:orcashipsagents.com"
en_world,"a container ship",OTRO,GENERICA,EXCLUIR,320,LOW,2,4.98,0.00,0.00,18,9,1,"","url:orcashipsagents.com"
en_world,"maritime ship services",OTRO,COMERCIAL,EXCLUIR,320,LOW,2,0.00,1716.20,9054.42,9,1,1,"","url:orcashipsagents.com"
en_world,"container vessel ship",OTRO,GENERICA,REVISAR,320,LOW,2,4.98,0.00,0.00,18,9,1,"","url:orcashipsagents.com"
en_world,"underwater surveyor",FUERA,COMERCIAL,EXCLUIR,320,LOW,10,14980.06,1181.39,19118.27,-24,3,1,"","url:24marine.com"
en_world,"marine container",OTRO,GENERICA,REVISAR,320,MEDIUM,38,6119.80,1939.19,11956.82,-31,3,1,"","url:24marine.com"
en_world,"imo services",OTRO,COMERCIAL,REVISAR,320,LOW,1,475.64,0.00,0.00,-9,4,1,"","url:24marine.com"
en_world,"in water survey",FUERA,INFORMACIONAL,EXCLUIR,320,LOW,1,4897.58,0.00,0.00,41,5,1,"","url:24marine.com"
en_world,"marine global",OTRO,GENERICA,REVISAR,320,LOW,4,5599.31,0.00,0.00,46,6,1,"","url:24marine.com"
en_world,"marine traffic services",OTRO,COMERCIAL,REVISAR,320,LOW,11,10125.46,763.71,10945.58,199,10,1,"","url:24marine.com"
en_world,"maritime profession",OTRO,INFORMACIONAL,REVISAR,320,LOW,21,623.87,108.20,4637.61,-1,3,1,"","url:24marine.com"
en_world,"evaluation surveys",FUERA,GENERICA,EXCLUIR,320,LOW,9,30137.49,5686.94,30232.24,-35,11,1,"","url:crossworldagency.com"
en_world,"the marketing company",OTRO,COMERCIAL,EXCLUIR,320,LOW,11,26652.42,3786.73,29000.69,1,1,1,"","url:crossworldagency.com"
en_world,"marketing for you",OTRO,GENERICA,EXCLUIR,320,LOW,13,8367.11,751.14,6997.44,4,10,1,"","url:crossworldagency.com"
en_world,"the marketing agency",FUERA,COMERCIAL,EXCLUIR,320,LOW,10,6585.30,1360.67,27527.18,-4,4,1,"","url:crossworldagency.com"
en_world,"home of home",OTRO,GENERICA,REVISAR,320,HIGH,100,3340.21,1853.04,8257.76,-1,11,1,"","url:crossworldagency.com"
en_world,"into agency",FUERA,COMERCIAL,EXCLUIR,320,LOW,10,34738.58,3459.88,41032.83,-53,2,1,"","url:crossworldagency.com"
en_world,"we are agency",FUERA,COMERCIAL,EXCLUIR,320,LOW,18,5838.94,1652.52,12613.08,70,1,1,"","url:crossworldagency.com"
en_world,"od home",OTRO,GENERICA,REVISAR,320,LOW,21,4433.66,1097.50,7497.12,81,1,1,"","url:crossworldagency.com"
en_world,"here agency",FUERA,COMERCIAL,EXCLUIR,320,LOW,4,0.00,3578.48,16959.65,-20,1,1,"","url:crossworldagency.com"
en_world,"in marketing services",OTRO,COMERCIAL,EXCLUIR,320,LOW,3,0.00,7968.42,117473.59,-11,10,1,"","url:crossworldagency.com"
en_world,"ship agency services",AGENCIA,COMERCIAL,SERVICIO,260,LOW,8,1111.83,1837.06,7390.75,-38,11,1,"","agencia url:gac.com url:lethagencies.com url:orcashipsagents.com"
en_world,"amazon delivery agency",FUERA,COMERCIAL,EXCLUIR,260,LOW,7,63702.33,717.01,43451.86,-17,10,1,"","agencia"
en_world,"araw shipping agency inc",AGENCIA,COMERCIAL,SERVICIO,260,LOW,0,0.00,0.00,0.00,-13,3,1,"","agencia"
en_world,"benline container tracking",OTRO,GENERICA,REVISAR,260,LOW,5,1432.80,31.06,11660.97,-2,7,1,"","agencia"
en_world,"benline shipping",OTRO,GENERICA,REVISAR,260,LOW,5,3119.03,672.94,3190.04,22,7,1,"","agencia"
en_world,"britmark shipping services inc",OTRO,COMERCIAL,EXCLUIR,260,LOW,1,0.00,0.00,0.00,-31,9,1,"","agencia"
en_world,"european maritime agency",AGENCIA,COMERCIAL,SERVICIO,260,LOW,2,413.44,0.00,0.00,8,3,1,"","agencia"
en_world,"tos crewing",OTRO,GENERICA,REVISAR,260,LOW,3,4645.71,1107.78,8670.83,7,1,1,"","agencia"
en_world,"shipping consultant",CONSULT,COMERCIAL,SERVICIO,260,LOW,15,39839.75,4136.39,43676.97,-51,9,1,"","consultoria"
en_world,"eagle marine engineering consultancy",CONSULT,GENERICA,SERVICIO,260,LOW,4,0.00,0.00,0.00,42,7,1,"","consultoria"
en_world,"panama canal schedule",INFO_CANAL,INFORMACIONAL,BLOG_CORE,260,LOW,8,6214.19,1032.00,5431.01,1,1,1,"","info url:adimarships.com url:lethagencies.com url:orcashipsagents.com"
en_world,"panama canal water levels",INFO_CANAL,INFORMACIONAL,BLOG_CORE,260,LOW,0,8840.89,0.00,0.00,-56,1,1,"","info"
en_world,"colon cruise port",OTRO,COMERCIAL,EXCLUIR,260,LOW,6,26265.02,1427.89,9418.70,27,1,1,"","info url:orcashipsagents.com"
en_world,"gatun panama canal",INFO_CANAL,INFORMACIONAL,BLOG_GENERAL,260,LOW,8,3297.30,1336.53,5873.96,-22,1,1,"","info"
en_world,"how many ships go through the panama canal per day",INFO_CANAL,INFORMACIONAL,BLOG_GENERAL,260,LOW,0,0.00,0.00,0.00,-88,1,1,"","info_2"
en_world,"cb fenton",CONQUEST,NAVEGACIONAL,CONQUEST,260,LOW,0,0.00,0.00,0.00,-1,5,1,"","conquest"
en_world,"quality shipping",OTRO,GENERICA,REVISAR,260,LOW,12,43177.67,1426.58,15722.71,58,9,1,"","url:adimarships.com"
en_world,"service ship",OTRO,COMERCIAL,REVISAR,260,LOW,9,44453.14,2625.14,29449.03,-26,3,2,"service ships","url:panamashipservice.com"
en_world,"best shipping agent",AGENCIA,COMERCIAL,SERVICIO,260,LOW,19,12663.28,3872.96,19429.68,143,4,1,"","url:adimarships.com url:orcashipsagents.com"
en_world,"about panama canal",INFO_CANAL,INFORMACIONAL,BLOG_GENERAL,260,LOW,3,11461.25,0.00,0.00,-23,1,1,"","url:adimarships.com url:panamashipservice.com url:gac.com url:lethagencies.com url:orcashipsagents.com"
en_world,"trusted shipping",OTRO,GENERICA,REVISAR,260,LOW,3,7517.81,1461.74,9298.91,-3,1,1,"","url:adimarships.com"
en_world,"svc shipping",OTRO,GENERICA,REVISAR,260,LOW,9,44453.14,2625.14,29449.03,-26,3,1,"","url:adimarships.com url:panamashipservice.com url:gac.com url:lethagencies.com"
en_world,"get ship",OTRO,GENERICA,REVISAR,260,LOW,9,33178.82,2380.99,51369.28,9,3,1,"","url:adimarships.com url:panamashipservice.com url:gac.com"
en_world,"find ship vessel",OTRO,GENERICA,EXCLUIR,260,LOW,7,671.47,214.24,2769.96,114,11,1,"","url:adimarships.com"
en_world,"panama canal overview",INFO_CANAL,INFORMACIONAL,BLOG_GENERAL,260,LOW,2,0.00,0.00,0.00,55,10,1,"","url:adimarships.com url:lethagencies.com url:orcashipsagents.com"
en_world,"so ship",OTRO,GENERICA,REVISAR,260,LOW,1,0.00,0.00,0.00,-26,11,1,"","url:adimarships.com"
en_world,"creation of the panama canal",INFO_CANAL,INFORMACIONAL,BLOG_GENERAL,260,LOW,0,48563.32,0.00,0.00,24,1,2,"the creation of the panama canal","url:adimarships.com"
en_world,"shipping service company",OTRO,COMERCIAL,REVISAR,260,LOW,8,2039.49,1213.78,39070.71,-22,9,3,"shipping company services | shipping service companies","url:lethagencies.com"
en_world,"ship tank",OTRO,GENERICA,REVISAR,260,LOW,1,0.00,0.00,0.00,-10,2,1,"","url:panamashipservice.com"
en_world,"store ship",OTRO,GENERICA,REVISAR,260,LOW,3,13484.83,7966.61,19643.13,-16,10,2,"stores ship","url:lethagencies.com"
en_world,"vessel fleet",OTRO,GENERICA,REVISAR,260,LOW,2,8233.60,1874.66,7159.63,-15,4,1,"","url:panamashipservice.com"
en_world,"find shipping vessel",OTRO,GENERICA,EXCLUIR,260,LOW,7,671.47,214.24,2769.96,114,11,1,"","url:panamashipservice.com url:gac.com"
en_world,"fuel consumption ship",BUNKER,GENERICA,SERVICIO,260,LOW,4,0.00,6055.42,9199.27,-22,9,1,"","url:panamashipservice.com"
en_world,"services shipping",OTRO,COMERCIAL,REVISAR,260,LOW,9,44453.14,2625.14,29449.03,-26,3,1,"","url:gac.com url:lethagencies.com"
en_world,"shipping agent singapore",AGENCIA,COMERCIAL,SERVICIO,260,MEDIUM,49,5599.72,2013.07,14380.67,-17,3,1,"","url:gac.com url:lethagencies.com"
en_world,"shipping agent dubai",AGENCIA,COMERCIAL,SERVICIO,260,MEDIUM,51,8884.70,1970.70,12794.38,-62,3,1,"","url:gac.com"
en_world,"gac logistics dubai",CONQUEST,NAVEGACIONAL,CONQUEST,260,LOW,26,4255.30,1297.56,6640.52,-22,10,1,"","url:gac.com"
en_world,"a ship management",CONSULT,GENERICA,SERVICIO,260,LOW,22,3973.35,796.39,3572.74,-28,3,1,"","url:gac.com"
en_world,"gac group dubai",CONQUEST,NAVEGACIONAL,CONQUEST,260,LOW,26,4255.30,1297.56,6640.52,-22,10,1,"","url:gac.com"
en_world,"shipping agent philippines",AGENCIA,COMERCIAL,SERVICIO,260,LOW,5,843.95,720.56,3160.13,-42,2,1,"","url:gac.com"
en_world,"gac news",CONQUEST,NAVEGACIONAL,CONQUEST,260,LOW,0,2359.46,0.00,0.00,9,2,1,"","url:gac.com"
en_world,"international marine services",OTRO,COMERCIAL,REVISAR,260,LOW,5,18786.64,2492.96,19743.53,-18,1,1,"","url:gac.com"
en_world,"steamship companies",AGENCIA,GENERICA,SERVICIO,260,LOW,6,450.40,131.51,1879.45,-15,4,1,"","url:lethagencies.com"
en_world,"fuerte amador cruise port",OTRO,GENERICA,EXCLUIR,260,LOW,6,1713.73,2055.91,23629.68,177,1,1,"","url:orcashipsagents.com"
en_world,"benefit of panama canal",INFO_CANAL,INFORMACIONAL,BLOG_GENERAL,260,LOW,0,0.00,0.00,0.00,3,1,1,"","url:orcashipsagents.com"
en_world,"ship chandler services",CONSULT,COMERCIAL,SERVICIO,260,LOW,5,1833.86,1149.19,8983.07,-7,3,1,"","url:orcashipsagents.com"
en_world,"a cargo ship",OTRO,GENERICA,EXCLUIR,260,LOW,0,0.00,0.00,0.00,10,3,2,"ship and cargo","url:orcashipsagents.com"
en_world,"vessel sea",OTRO,GENERICA,REVISAR,260,LOW,1,0.00,0.00,0.00,-15,3,2,"vessel in sea","url:orcashipsagents.com"
en_world,"maritime websites",OTRO,INFORMACIONAL,REVISAR,260,LOW,11,2590.93,852.18,4019.06,15,11,1,"","url:orcashipsagents.com"
en_world,"marine surveyor certification",SURVEY,COMERCIAL,SERVICIO,260,LOW,9,8345.16,2092.06,32426.78,5,9,1,"","url:24marine.com"
en_world,"maritime survey",SURVEY,INFORMACIONAL,BLOG_CORE,260,LOW,7,10092.78,1177.36,13375.21,2,2,1,"","url:24marine.com"
en_world,"expert marine services",OTRO,COMERCIAL,REVISAR,260,LOW,3,51561.01,5981.51,27848.19,90,7,1,"","url:24marine.com"
en_world,"marine cargo surveyor",SURVEY,COMERCIAL,SERVICIO,260,LOW,15,6805.77,1045.48,7464.85,-20,1,1,"","url:24marine.com"
en_world,"certified marine surveyors",SURVEY,COMERCIAL,SERVICIO,260,LOW,9,8345.16,2092.06,32426.78,5,9,1,"","url:24marine.com"
en_world,"gas vessels",OTRO,GENERICA,REVISAR,260,LOW,0,0.00,0.00,0.00,-1,3,1,"","url:24marine.com"
en_world,"maritime offshore",STS_OFFSHORE,INFORMACIONAL,BLOG_CORE,260,LOW,9,9271.72,2196.33,22991.94,48,3,1,"","url:24marine.com"
en_world,"marketing for your business",OTRO,GENERICA,EXCLUIR,260,MEDIUM,46,60035.05,5220.41,74554.91,-54,9,1,"","url:crossworldagency.com"
en_world,"it marketing agency",FUERA,COMERCIAL,EXCLUIR,260,LOW,14,26742.80,939.04,53884.06,-41,9,1,"","url:crossworldagency.com"
en_world,"us marketing company",OTRO,COMERCIAL,EXCLUIR,260,LOW,21,21643.15,6853.78,27261.39,-38,4,1,"","url:crossworldagency.com"
en_world,"marketing for it services",OTRO,COMERCIAL,EXCLUIR,260,LOW,7,51542.40,14812.56,114813.99,-50,3,1,"","url:crossworldagency.com"
en_world,"inc marketing",OTRO,GENERICA,EXCLUIR,260,LOW,2,6028.45,0.00,0.00,-35,2,1,"","url:crossworldagency.com"
en_world,"holding marketing",OTRO,GENERICA,EXCLUIR,260,LOW,6,4973.10,2268.85,12040.09,-32,9,1,"","url:crossworldagency.com"
en_world,"marketing company products",OTRO,COMERCIAL,EXCLUIR,260,MEDIUM,38,36914.12,1346.92,55599.83,-48,3,1,"","url:crossworldagency.com"
en_world,"port agency services",AGENCIA,COMERCIAL,SERVICIO,210,LOW,4,10469.59,2454.53,11724.08,-22,9,1,"","agencia url:gac.com url:orcashipsagents.com"
en_world,"ims shipping company",CONSULT,COMERCIAL,SERVICIO,210,LOW,7,5857.70,1347.14,6768.17,19,3,1,"","agencia"
en_world,"job port agency",AGENCIA,COMERCIAL,EXCLUIR,210,LOW,3,115.07,124.80,2197.56,-2,1,1,"","agencia"
en_world,"maritime crewing agency",AGENCIA,COMERCIAL,SERVICIO,210,LOW,15,5639.93,1315.03,6575.27,2,3,1,"","agencia url:gac.com"
en_world,"al jaber shipping agency",AGENCIA,COMERCIAL,SERVICIO,210,LOW,2,0.00,0.00,0.00,96,1,1,"","agencia"
en_world,"cma cgm local offices",OTRO,GENERICA,REVISAR,210,LOW,0,0.00,0.00,0.00,-10,7,1,"","agencia"
en_world,"conship consolidated shipping agencies ltd",AGENCIA,GENERICA,SERVICIO,210,LOW,3,0.00,0.00,0.00,44,7,1,"","agencia"
en_world,"egyptian international shipping agencies & services",AGENCIA,COMERCIAL,EXCLUIR,210,LOW,3,1303.42,0.00,0.00,73,3,1,"","agencia"
en_world,"sharaf shipping do charges",OTRO,GENERICA,REVISAR,210,LOW,2,0.00,0.00,0.00,-11,1,1,"","agencia"
en_world,"vessel agency",AGENCIA,COMERCIAL,SERVICIO,210,LOW,6,18215.98,1674.17,9632.32,-23,3,1,"","agencia url:gac.com url:lethagencies.com"
en_world,"marine claim",CLAIMS,GENERICA,SERVICIO,210,LOW,3,17070.79,4471.85,25063.00,-6,2,2,"marine claims","url:24marine.com"
en_world,"ship to ship operations",STS_OFFSHORE,GENERICA,SERVICIO,210,LOW,1,0.00,0.00,0.00,-26,10,1,"","offshore_sts url:gac.com"
en_world,"ship to ship cargo transfer",STS_OFFSHORE,GENERICA,SERVICIO,210,LOW,1,0.00,0.00,0.00,322,2,1,"","offshore_sts"
en_world,"ship to ship transfer guide",STS_OFFSHORE,INFORMACIONAL,BLOG_CORE,210,LOW,4,0.00,2279.13,7120.17,-5,10,1,"","offshore_sts"
en_world,"ship to ship transfer operations",STS_OFFSHORE,GENERICA,SERVICIO,210,LOW,1,0.00,0.00,0.00,-26,10,1,"","offshore_sts"
en_world,"panama city cruise port",OTRO,COMERCIAL,EXCLUIR,210,LOW,8,10956.29,1566.54,11275.80,-19,1,1,"","info url:orcashipsagents.com"
en_world,"cocoli locks",INFO_CANAL,INFORMACIONAL,BLOG_GENERAL,210,LOW,1,0.00,0.00,0.00,-6,1,1,"","info"
en_world,"inchcape panama",CONQUEST,NAVEGACIONAL,CONQUEST,210,LOW,0,0.00,0.00,0.00,-3,5,1,"","conquest"
en_world,"vessel agents",AGENCIA,COMERCIAL,SERVICIO,210,LOW,6,18215.98,1674.17,9632.32,-23,3,1,"","url:adimarships.com url:orcashipsagents.com"
en_world,"canal facts",INFO_CANAL,INFORMACIONAL,BLOG_GENERAL,210,LOW,1,0.00,0.00,0.00,10,6,1,"","url:adimarships.com"
en_world,"panama transit",OTRO,COMERCIAL,REVISAR,210,LOW,24,520.05,139.87,5618.96,-18,9,1,"","url:adimarships.com url:panamashipservice.com url:gac.com url:lethagencies.com url:orcashipsagents.com"
en_world,"marine transport service",OTRO,COMERCIAL,REVISAR,210,LOW,9,1826.01,1820.11,17205.42,-16,9,2,"marine transport services","url:gac.com"
en_world,"get and ship",OTRO,GENERICA,REVISAR,210,LOW,7,12703.27,3075.55,43888.19,69,7,1,"","url:adimarships.com url:panamashipservice.com url:gac.com"
en_world,"ship surveys",SURVEY,GENERICA,SERVICIO,210,LOW,5,3046.55,1146.59,6819.89,-30,3,1,"","url:panamashipservice.com"
en_world,"the company ship",OTRO,COMERCIAL,REVISAR,210,LOW,0,0.00,0.00,0.00,20,7,1,"","url:panamashipservice.com url:lethagencies.com"
en_world,"international ship repairs",OTRO,GENERICA,EXCLUIR,210,LOW,4,143.63,0.00,0.00,-15,6,1,"","url:panamashipservice.com"
en_world,"supply vessel ship",OTRO,GENERICA,REVISAR,210,LOW,5,2884.72,1097.61,4066.90,-14,12,1,"","url:panamashipservice.com"
en_world,"vessel maintenance",OTRO,GENERICA,REVISAR,210,LOW,9,5564.40,2710.77,14709.84,-29,9,1,"","url:panamashipservice.com"
en_world,"ship repair and maintenance services",OTRO,COMERCIAL,REVISAR,210,LOW,1,0.00,0.00,0.00,-16,9,1,"","url:panamashipservice.com"
en_world,"shipping maintenance companies",OTRO,GENERICA,REVISAR,210,LOW,23,4595.27,1953.71,7152.68,0,9,1,"","url:panamashipservice.com"
en_world,"shipping team",OTRO,GENERICA,REVISAR,210,LOW,2,0.00,0.00,0.00,-14,2,1,"","url:gac.com url:lethagencies.com"
en_world,"marine crewing agency",AGENCIA,COMERCIAL,SERVICIO,210,LOW,15,5639.93,1315.03,6575.27,2,3,1,"","url:gac.com"
en_world,"ship use",OTRO,GENERICA,REVISAR,210,LOW,0,0.00,0.00,0.00,-41,1,1,"","url:gac.com"
en_world,"india shipping agent",AGENCIA,COMERCIAL,SERVICIO,210,LOW,29,8754.10,915.68,5285.26,-34,7,1,"","url:gac.com"
en_world,"about suez canal",INFO_CANAL,INFORMACIONAL,EXCLUIR,210,LOW,0,0.00,0.00,0.00,-33,4,1,"","url:lethagencies.com"
en_world,"port transit",OTRO,GENERICA,REVISAR,210,LOW,1,0.00,0.00,0.00,-28,3,2,"transit port","url:lethagencies.com"
en_world,"cash to master",OTRO,GENERICA,REVISAR,210,LOW,0,0.00,0.00,0.00,-15,9,1,"","url:lethagencies.com"
en_world,"vessel eta",OTRO,GENERICA,REVISAR,210,LOW,2,73.47,0.00,0.00,-21,11,1,"","url:lethagencies.com"
en_world,"ships prices",OTRO,INFORMACIONAL,REVISAR,210,LOW,5,1399.67,363.53,4405.74,-40,10,1,"","url:orcashipsagents.com"
en_world,"inside a container ship",OTRO,GENERICA,EXCLUIR,210,LOW,0,0.00,0.00,0.00,-12,4,1,"","url:orcashipsagents.com"
en_world,"trading vessel",OTRO,GENERICA,REVISAR,210,LOW,5,18765.98,1322.84,24457.82,13,5,1,"","url:orcashipsagents.com"
en_world,"marine search",OTRO,GENERICA,REVISAR,210,LOW,5,9179.68,1993.28,8786.36,-1,4,1,"","url:24marine.com"
en_world,"professional marine services",OTRO,COMERCIAL,REVISAR,210,LOW,3,5954.58,2541.64,17015.54,16,3,1,"","url:24marine.com"
en_world,"maritime and marine",OTRO,INFORMACIONAL,REVISAR,210,LOW,1,3531.06,0.00,0.00,173,3,1,"","url:24marine.com"
en_world,"bulk type",OTRO,GENERICA,REVISAR,210,LOW,1,0.00,0.00,0.00,-19,3,1,"","url:24marine.com"
en_world,"cargo sailboat",OTRO,GENERICA,REVISAR,210,LOW,0,0.00,0.00,0.00,38,11,1,"","url:24marine.com"
en_world,"marine p&i insurance",OTRO,GENERICA,REVISAR,210,LOW,6,0.00,629.47,27638.47,0,9,1,"","url:24marine.com"
en_world,"survey agencies",FUERA,GENERICA,EXCLUIR,210,LOW,24,24311.89,1787.45,39772.87,-20,1,1,"","url:crossworldagency.com"
en_world,"business for you",OTRO,GENERICA,REVISAR,210,LOW,13,4585.16,2020.37,39669.96,-8,9,1,"","url:crossworldagency.com"
en_world,"husbandry agent",AGENCIA,COMERCIAL,SERVICIO,170,LOW,0,0.00,0.00,0.00,-7,3,1,"","agencia url:orcashipsagents.com"
en_world,"air freight agent",FUERA,COMERCIAL,EXCLUIR,170,LOW,25,49499.42,3714.86,42009.00,-39,9,1,"","agencia"
en_world,"bsm manning agency",FUERA,COMERCIAL,EXCLUIR,170,LOW,2,2337.61,0.00,0.00,12,10,1,"","agencia"
en_world,"clarkson shipping agency",AGENCIA,COMERCIAL,SERVICIO,170,LOW,1,6189.75,1259.43,8456.89,15,7,1,"","agencia"
en_world,"delta shipping agencies",AGENCIA,GENERICA,SERVICIO,170,LOW,2,47.15,0.00,0.00,74,2,1,"","agencia"
en_world,"denak ship management & agency",AGENCIA,COMERCIAL,SERVICIO,170,LOW,4,0.00,0.00,0.00,117,6,1,"","agencia"
en_world,"express shipping agency",AGENCIA,COMERCIAL,SERVICIO,170,LOW,1,0.00,0.00,0.00,280,1,1,"","agencia"
en_world,"ocean shipping agency",AGENCIA,COMERCIAL,SERVICIO,170,LOW,5,0.00,1253.65,7552.85,92,5,1,"","agencia"
en_world,"philippians international shipping agency inc",AGENCIA,COMERCIAL,SERVICIO,170,LOW,1,0.00,0.00,0.00,-5,7,1,"","agencia"
en_world,"west oceanic shipping agencies",AGENCIA,GENERICA,SERVICIO,170,LOW,3,0.00,0.00,0.00,102,2,1,"","agencia"
en_world,"abf freight claim",FUERA,GENERICA,EXCLUIR,170,LOW,0,0.00,0.00,0.00,2,4,1,"","claims"
en_world,"offshore supply boats for sale",STS_OFFSHORE,GENERICA,EXCLUIR,170,LOW,19,2948.28,187.09,3285.58,-13,3,1,"","offshore_sts"
en_world,"petromarine offshore projects support co",STS_OFFSHORE,GENERICA,SERVICIO,170,LOW,4,5989.67,1162.44,3523.15,70,6,1,"","offshore_sts"
en_world,"panama canal ship schedule",INFO_CANAL,INFORMACIONAL,BLOG_CORE,170,LOW,5,6613.69,1682.45,7845.70,-9,1,1,"","info url:orcashipsagents.com"
en_world,"how much does it cost to use the panama canal",INFO_CANAL,INFORMACIONAL,BLOG_CORE,170,LOW,1,0.00,0.00,0.00,-51,12,1,"","info"
en_world,"hutchison ports panama",OTRO,COMERCIAL,REVISAR,170,LOW,1,0.00,0.00,0.00,-61,1,1,"","info"
en_world,"mules panama canal",INFO_CANAL,INFORMACIONAL,BLOG_GENERAL,170,LOW,0,0.00,0.00,0.00,-28,1,1,"","info"
en_world,"panama canal crossing fee",INFO_CANAL,INFORMACIONAL,BLOG_CORE,170,LOW,0,0.00,0.00,0.00,-50,12,1,"","info info_2 url:orcashipsagents.com"
en_world,"panama canal transit fee",INFO_CANAL,INFORMACIONAL,BLOG_CORE,170,LOW,0,0.00,0.00,0.00,-50,12,2,"panama canal transit fees","info info_2"
en_world,"panama canal price to cross",INFO_CANAL,INFORMACIONAL,BLOG_CORE,170,LOW,0,0.00,0.00,0.00,-50,12,1,"","info_2"
en_world,"shipping agency services",AGENCIA,COMERCIAL,SERVICIO,170,LOW,8,10411.43,5481.77,18549.56,-19,9,1,"","url:adimarships.com"
en_world,"panama vessel",OTRO,COMERCIAL,REVISAR,170,LOW,0,0.00,0.00,0.00,5,2,1,"","url:adimarships.com url:panamashipservice.com url:lethagencies.com url:orcashipsagents.com url:24marine.com"
en_world,"service vessel",OTRO,COMERCIAL,REVISAR,170,LOW,2,0.00,0.00,0.00,-1,9,1,"","url:adimarships.com url:panamashipservice.com url:gac.com url:lethagencies.com"
en_world,"live panama canal",INFO_CANAL,INFORMACIONAL,BLOG_GENERAL,170,LOW,0,0.00,0.00,0.00,-3,1,1,"","url:adimarships.com"
en_world,"panama canal who owns it",INFO_CANAL,INFORMACIONAL,BLOG_GENERAL,170,LOW,0,0.00,0.00,0.00,-76,1,1,"","url:adimarships.com url:lethagencies.com url:orcashipsagents.com"
en_world,"shipping t",OTRO,GENERICA,REVISAR,170,LOW,27,11933.06,3846.66,27314.40,10,12,1,"","url:adimarships.com url:panamashipservice.com"
en_world,"husbandry agency",AGENCIA,COMERCIAL,SERVICIO,170,LOW,0,0.00,0.00,0.00,-7,3,1,"","url:adimarships.com"
en_world,"bunker service",BUNKER,COMERCIAL,SERVICIO,170,LOW,2,0.00,0.00,0.00,-24,9,1,"","url:panamashipservice.com url:gac.com"
en_world,"marine survey services",SURVEY,COMERCIAL,SERVICIO,170,LOW,3,2532.38,1337.06,7587.49,6,7,1,"","url:panamashipservice.com url:24marine.com"
en_world,"us vessel",OTRO,GENERICA,REVISAR,170,LOW,0,0.00,0.00,0.00,110,3,1,"","url:panamashipservice.com url:24marine.com"
en_world,"ship top",OTRO,GENERICA,REVISAR,170,LOW,10,9299.09,5030.07,24273.88,1,1,1,"","url:panamashipservice.com"
en_world,"ships provisions",OTRO,GENERICA,REVISAR,170,LOW,2,0.00,0.00,0.00,7,9,1,"","url:panamashipservice.com url:orcashipsagents.com"
en_world,"europe shipping companies",OTRO,GENERICA,REVISAR,170,MEDIUM,35,11846.91,1701.07,11461.23,-6,3,1,"","url:gac.com"
en_world,"ship around the world",OTRO,GENERICA,REVISAR,170,LOW,14,4725.20,1127.84,9079.70,-2,3,1,"","url:gac.com"
en_world,"global ship service",OTRO,COMERCIAL,REVISAR,170,LOW,24,11014.48,1569.20,11564.94,21,9,1,"","url:gac.com"
en_world,"panama south africa",OTRO,COMERCIAL,REVISAR,170,LOW,0,0.00,0.00,0.00,337,3,1,"","url:gac.com"
en_world,"ship vessel schedule",OTRO,INFORMACIONAL,REVISAR,170,LOW,5,4328.36,366.43,4047.25,-34,10,1,"","url:gac.com"
en_world,"vessel crew",OTRO,GENERICA,REVISAR,170,LOW,1,0.00,0.00,0.00,-9,1,1,"","url:gac.com url:lethagencies.com"
en_world,"worldwide marine services",OTRO,COMERCIAL,REVISAR,170,LOW,8,2228.95,918.05,2225.49,-36,9,1,"","url:gac.com url:24marine.com"
en_world,"gac marine llc abu dhabi",CONQUEST,NAVEGACIONAL,CONQUEST,170,LOW,4,3764.10,1461.51,3718.90,-6,7,1,"","url:gac.com"
en_world,"ship experience",OTRO,GENERICA,EXCLUIR,170,LOW,14,5153.99,1710.82,13332.96,-14,5,1,"","url:gac.com"
en_world,"shipping lines international",OTRO,GENERICA,REVISAR,170,LOW,23,30456.79,1409.79,22264.82,-40,3,1,"","url:gac.com"
en_world,"sri lanka shipping companies",OTRO,GENERICA,REVISAR,170,LOW,6,1023.57,493.52,3266.43,33,3,1,"","url:gac.com"
en_world,"panama canal work",INFO_CANAL,INFORMACIONAL,BLOG_GENERAL,170,LOW,0,0.00,0.00,0.00,-37,1,1,"","url:lethagencies.com"
en_world,"port handling",OTRO,GENERICA,REVISAR,170,LOW,7,3416.11,0.00,0.00,-26,3,1,"","url:lethagencies.com"
en_world,"shipyard service",OTRO,COMERCIAL,REVISAR,170,LOW,2,16895.77,7007.87,27937.46,7,6,1,"","url:lethagencies.com"
en_world,"panama sea",OTRO,COMERCIAL,REVISAR,170,LOW,0,0.00,0.00,0.00,-8,1,1,"","url:orcashipsagents.com"
en_world,"control of panama canal",INFO_CANAL,INFORMACIONAL,BLOG_GENERAL,170,LOW,0,0.00,0.00,0.00,-66,1,1,"","url:orcashipsagents.com"
en_world,"ship chartering services",CONSULT,COMERCIAL,SERVICIO,170,LOW,4,3784.16,1727.22,12669.03,-4,9,1,"","url:orcashipsagents.com"
en_world,"cargo ship crew",OTRO,GENERICA,EXCLUIR,170,LOW,1,1103.18,0.00,0.00,-12,1,1,"","url:orcashipsagents.com"
en_world,"container ship vessel",OTRO,GENERICA,EXCLUIR,170,LOW,0,0.00,0.00,0.00,-23,2,1,"","url:orcashipsagents.com"
en_world,"vessel chartering services",CONSULT,COMERCIAL,SERVICIO,170,LOW,4,3784.16,1727.22,12669.03,-4,9,1,"","url:orcashipsagents.com"
en_world,"transportation in sea",OTRO,GENERICA,REVISAR,170,LOW,1,0.00,0.00,0.00,-17,11,1,"","url:orcashipsagents.com"
en_world,"de maritime",OTRO,INFORMACIONAL,REVISAR,170,LOW,0,0.00,0.00,0.00,63,7,1,"","url:orcashipsagents.com"
en_world,"marine survey company",SURVEY,COMERCIAL,SERVICIO,170,LOW,13,8361.44,2587.75,10288.31,-29,4,1,"","url:24marine.com"
en_world,"maritime expertise",OTRO,INFORMACIONAL,REVISAR,170,LOW,7,3309.18,3517.37,40414.09,-24,3,1,"","url:24marine.com"
en_world,"maritime experts",OTRO,INFORMACIONAL,REVISAR,170,LOW,7,3309.18,3517.37,40414.09,-24,3,1,"","url:24marine.com"
en_world,"personal injury marketing agency",FUERA,COMERCIAL,EXCLUIR,170,LOW,23,208667.82,60731.96,394114.04,89,9,1,"","url:crossworldagency.com"
en_world,"take a business",OTRO,GENERICA,REVISAR,170,LOW,5,6918.40,3103.71,78252.62,-22,5,1,"","url:crossworldagency.com"
en_world,"for contact us",OTRO,GENERICA,REVISAR,170,LOW,0,0.00,0.00,0.00,106,6,1,"","url:crossworldagency.com"
en_world,"2 agency",FUERA,COMERCIAL,EXCLUIR,170,LOW,2,4365.40,0.00,0.00,-22,1,1,"","url:crossworldagency.com"
en_world,"forwarder agent",FUERA,COMERCIAL,EXCLUIR,140,MEDIUM,42,26138.21,3007.81,32352.29,-41,9,1,"","agencia"
en_world,"sunrise shipping company",CONSULT,COMERCIAL,SERVICIO,140,LOW,7,5901.68,1276.93,4980.10,88,6,1,"","agencia"
en_world,"amogha shipping agency",AGENCIA,COMERCIAL,SERVICIO,140,LOW,3,0.00,0.00,0.00,1,6,1,"","agencia"
en_world,"economou international shipping agencies",AGENCIA,GENERICA,SERVICIO,140,LOW,3,5878.80,0.00,0.00,19,6,1,"","agencia"
en_world,"economou international shipping agencies ltd",AGENCIA,GENERICA,SERVICIO,140,LOW,3,5878.80,0.00,0.00,19,6,1,"","agencia"
en_world,"global liner agencies",FUERA,GENERICA,EXCLUIR,140,LOW,3,16678.31,1605.50,12309.08,-21,5,1,"","agencia"
en_world,"koh han ming shipping & forwarding agencies",AGENCIA,GENERICA,SERVICIO,140,LOW,4,2193.58,1130.57,2270.09,2,3,1,"","agencia consultoria"
en_world,"liner agencies",FUERA,GENERICA,EXCLUIR,140,LOW,5,4913.13,4935.02,19798.24,-12,2,1,"","agencia"
en_world,"manning agency for seafarers",FUERA,COMERCIAL,EXCLUIR,140,LOW,5,1296.05,214.41,1919.42,-32,10,1,"","agencia"
en_world,"marmedsa noatum shipping agency",AGENCIA,COMERCIAL,SERVICIO,140,LOW,1,0.00,0.00,0.00,-8,2,1,"","agencia"
en_world,"reign marine shipping agency",AGENCIA,COMERCIAL,SERVICIO,140,LOW,1,0.00,0.00,0.00,-24,5,1,"","agencia"
en_world,"sea glory shipping agencies",AGENCIA,GENERICA,SERVICIO,140,LOW,5,2840.17,939.86,36371.04,106,3,1,"","agencia"
en_world,"south african shipping agents",AGENCIA,COMERCIAL,SERVICIO,140,LOW,30,10827.73,2597.86,11889.37,-22,9,1,"","agencia"
en_world,"unimor shipping agency",AGENCIA,COMERCIAL,SERVICIO,140,LOW,3,0.00,0.00,0.00,49,4,1,"","agencia"
en_world,"western shipping agency",AGENCIA,COMERCIAL,SERVICIO,140,LOW,2,0.00,0.00,0.00,15,3,1,"","agencia"
en_world,"ism isps",SURVEY,GENERICA,SERVICIO,140,LOW,1,2264.46,0.00,0.00,-6,3,1,"","survey"
en_world,"loss control survey",SURVEY,GENERICA,SERVICIO,140,LOW,11,0.00,27945.25,27945.25,-15,9,1,"","survey_2"
en_world,"boat speaker warranty claim",SURVEY,GENERICA,SERVICIO,140,LOW,0,0.00,0.00,0.00,42,7,1,"","claims"
en_world,"tokio marine claim",CLAIMS,GENERICA,SERVICIO,140,LOW,6,370.00,878.60,4615.15,1,1,1,"","claims"
en_world,"tokio marine forms",OTRO,GENERICA,REVISAR,140,LOW,2,5878.03,0.00,0.00,17,4,1,"","claims"
en_world,"offshore supply boat companies",STS_OFFSHORE,GENERICA,SERVICIO,140,LOW,31,19274.06,2412.20,20050.63,-14,1,1,"","offshore_sts"
en_world,"offshore support",STS_OFFSHORE,GENERICA,SERVICIO,140,LOW,5,0.00,4152.57,8812.27,-7,9,1,"","offshore_sts"
en_world,"ship to ship bunkering",BUNKER,GENERICA,SERVICIO,140,LOW,0,0.00,0.00,0.00,-28,3,1,"","offshore_sts"
en_world,"panama canal transit schedule",INFO_CANAL,INFORMACIONAL,BLOG_CORE,140,LOW,2,6314.87,2624.96,5054.20,15,4,1,"","info url:orcashipsagents.com"
en_world,"how much does it cost to cross the panama canal",INFO_CANAL,INFORMACIONAL,BLOG_CORE,140,LOW,0,0.00,0.00,0.00,-51,1,1,"","info info_2"
en_world,"rodman panama port",OTRO,COMERCIAL,REVISAR,140,LOW,0,0.00,0.00,0.00,16,3,1,"","info"
en_world,"leth agencies",CONQUEST,NAVEGACIONAL,CONQUEST,140,LOW,1,0.00,0.00,0.00,-25,11,1,"","conquest"
en_world,"panama canal what is it",INFO_CANAL,INFORMACIONAL,BLOG_GENERAL,140,LOW,0,0.00,0.00,0.00,58,1,1,"","url:adimarships.com url:panamashipservice.com url:lethagencies.com url:orcashipsagents.com"
en_world,"our ships",OTRO,GENERICA,REVISAR,140,LOW,2,913.98,0.00,0.00,-4,1,1,"","url:adimarships.com"
en_world,"us and panama canal",INFO_CANAL,INFORMACIONAL,BLOG_GENERAL,140,LOW,1,0.00,0.00,0.00,-74,1,2,"panama canal and the us","url:lethagencies.com"
en_world,"cost of ships",OTRO,INFORMACIONAL,REVISAR,140,LOW,1,0.00,0.00,0.00,-25,3,1,"","url:adimarships.com"
en_world,"marine vessel repair",OTRO,GENERICA,REVISAR,140,LOW,8,0.00,0.00,0.00,-28,9,1,"","url:panamashipservice.com"
en_world,"underwater survey of ship",SURVEY,INFORMACIONAL,BLOG_CORE,140,LOW,12,0.00,930.75,3282.86,-28,9,1,"","url:panamashipservice.com"
en_world,"marine shipping industry",OTRO,GENERICA,REVISAR,140,LOW,4,0.00,2326.72,6310.95,-7,3,1,"","url:panamashipservice.com"
en_world,"ship propeller repair",OTRO,GENERICA,REVISAR,140,LOW,5,6618.85,0.00,0.00,-30,9,1,"","url:panamashipservice.com"
en_world,"ship call",OTRO,GENERICA,REVISAR,140,LOW,0,0.00,0.00,0.00,-24,9,2,"ship calls","url:panamashipservice.com"
en_world,"ship engine repair",OTRO,GENERICA,REVISAR,140,LOW,7,656.29,463.62,6257.88,52,5,1,"","url:panamashipservice.com"
en_world,"underwater inspection of ships",SURVEY,INFORMACIONAL,BLOG_CORE,140,LOW,3,0.00,0.00,0.00,-36,9,1,"","url:panamashipservice.com"
en_world,"shipping sector",OTRO,GENERICA,REVISAR,140,LOW,2,0.00,0.00,0.00,-35,9,1,"","url:panamashipservice.com"
en_world,"shipping agent in south africa",AGENCIA,COMERCIAL,SERVICIO,140,LOW,30,10827.73,2597.86,11889.37,-22,9,1,"","url:gac.com"
en_world,"integrated shipping services",OTRO,COMERCIAL,EXCLUIR,140,LOW,8,0.00,1163.83,8016.13,-6,3,1,"","url:gac.com"
en_world,"shipping to middle east",OTRO,GENERICA,EXCLUIR,140,LOW,16,14383.10,2868.96,20307.49,60,3,1,"","url:gac.com"
en_world,"shipping agencies in south africa",AGENCIA,GENERICA,SERVICIO,140,LOW,30,10827.73,2597.86,11889.37,-22,9,1,"","url:gac.com"
en_world,"ship current location",OTRO,GENERICA,REVISAR,140,LOW,5,694.67,126.94,1589.50,-5,3,1,"","url:gac.com"
en_world,"gac world",CONQUEST,NAVEGACIONAL,CONQUEST,140,LOW,0,0.00,0.00,0.00,30,7,1,"","url:gac.com"
en_world,"shipping sa",OTRO,GENERICA,REVISAR,140,LOW,3,2302.89,1760.93,5921.13,29,2,1,"","url:gac.com url:lethagencies.com"
en_world,"shipping operations management",OTRO,GENERICA,REVISAR,140,LOW,9,14171.60,5126.61,10739.43,-27,9,1,"","url:gac.com"
en_world,"ship operations management",OTRO,GENERICA,REVISAR,140,LOW,9,14171.60,5126.61,10739.43,-27,9,1,"","url:gac.com"
en_world,"shipping agencies in kenya",AGENCIA,GENERICA,SERVICIO,140,MEDIUM,35,2552.90,1035.97,3188.95,-17,9,1,"","url:gac.com"
en_world,"canal singapore",INFO_CANAL,INFORMACIONAL,BLOG_GENERAL,140,LOW,0,0.00,0.00,0.00,30,3,1,"","url:lethagencies.com"
en_world,"shipping anchorage",OTRO,GENERICA,REVISAR,140,LOW,18,58309.40,7052.75,36042.26,-33,9,1,"","url:lethagencies.com"
en_world,"ocean transportation services",OTRO,COMERCIAL,REVISAR,140,LOW,8,0.00,1418.19,4786.49,39,11,1,"","url:lethagencies.com"
en_world,"panama canal closed",INFO_CANAL,INFORMACIONAL,BLOG_GENERAL,140,LOW,0,0.00,0.00,0.00,-70,2,1,"","url:lethagencies.com url:orcashipsagents.com"
en_world,"shipbroking company",OTRO,COMERCIAL,REVISAR,140,LOW,7,58744.99,2931.57,22350.82,-34,3,2,"shipbroking companies","url:orcashipsagents.com"
en_world,"fuerte amador cruise terminal",OTRO,GENERICA,EXCLUIR,140,LOW,5,5002.88,2549.25,5142.60,-5,11,1,"","url:orcashipsagents.com"
en_world,"ship owner companies",OTRO,GENERICA,REVISAR,140,LOW,14,3077.21,2183.70,8625.42,-30,7,1,"","url:orcashipsagents.com"
en_world,"maritime broker",CONSULT,COMERCIAL,SERVICIO,140,LOW,12,10320.02,1483.42,7218.75,-16,10,1,"","url:orcashipsagents.com"
en_world,"chandling services",OTRO,COMERCIAL,REVISAR,140,LOW,1,0.00,0.00,0.00,-28,7,1,"","url:orcashipsagents.com"
en_world,"shipping new",OTRO,GENERICA,REVISAR,140,LOW,2,0.00,0.00,0.00,22,3,1,"","url:orcashipsagents.com"
en_world,"maritime vessel name",OTRO,INFORMACIONAL,REVISAR,140,LOW,0,0.00,0.00,0.00,-18,12,1,"","url:orcashipsagents.com"
en_world,"quality ship suppliers",OTRO,COMERCIAL,REVISAR,140,LOW,4,4525.94,2213.99,5965.26,67,6,1,"","url:orcashipsagents.com"
en_world,"type of container vessel",OTRO,GENERICA,REVISAR,140,LOW,1,0.00,0.00,0.00,-21,3,1,"","url:orcashipsagents.com"
en_world,"maritime cargo",OTRO,INFORMACIONAL,REVISAR,140,LOW,4,7189.25,0.00,0.00,-21,12,1,"","url:orcashipsagents.com url:24marine.com"
en_world,"us cargo ship",OTRO,GENERICA,EXCLUIR,140,LOW,8,12330.61,6722.75,13853.74,3,3,1,"","url:orcashipsagents.com"
en_world,"atlantic shipbroker",CONSULT,COMERCIAL,SERVICIO,140,LOW,3,159.18,0.00,0.00,13,1,1,"","url:orcashipsagents.com"
en_world,"vessel survey",SURVEY,GENERICA,SERVICIO,140,LOW,8,24413.10,3642.13,24968.00,-38,3,1,"","url:24marine.com"
en_world,"marine surveyor adalah",SURVEY,COMERCIAL,SERVICIO,140,LOW,0,0.00,0.00,0.00,-14,9,1,"","url:24marine.com"
en_world,"find marine",OTRO,GENERICA,REVISAR,140,LOW,11,10277.03,1972.44,11530.95,-29,11,1,"","url:24marine.com"
en_world,"marine technology services",OTRO,COMERCIAL,REVISAR,140,LOW,6,46522.54,2067.70,12103.82,35,7,1,"","url:24marine.com"
en_world,"maritime report",OTRO,INFORMACIONAL,REVISAR,140,LOW,5,6901.42,1004.36,4316.04,-20,4,1,"","url:24marine.com"
en_world,"personal injury marketing companies",FUERA,GENERICA,EXCLUIR,140,MEDIUM,40,241814.68,89632.98,452806.69,-46,10,1,"","url:crossworldagency.com"
en_world,"marketing for company",OTRO,COMERCIAL,EXCLUIR,140,MEDIUM,42,24269.65,2146.40,47542.85,-38,9,2,"marketing for a company","url:crossworldagency.com"
en_world,"marine marketing agency",AGENCIA,COMERCIAL,EXCLUIR,140,LOW,17,29322.33,12171.07,46951.88,1,9,1,"","url:crossworldagency.com"
en_world,"manufacturing agency",FUERA,COMERCIAL,EXCLUIR,140,MEDIUM,43,21377.15,4702.34,28779.65,-31,3,1,"","url:crossworldagency.com"
en_world,"business more",OTRO,GENERICA,REVISAR,140,LOW,14,3824.99,941.00,9077.38,62,3,1,"","url:crossworldagency.com"
en_world,"agency advisor",FUERA,COMERCIAL,EXCLUIR,140,LOW,2,0.00,4953.59,14086.60,40,7,1,"","url:crossworldagency.com"
en_world,"home of marketing",OTRO,GENERICA,EXCLUIR,140,LOW,0,0.00,0.00,0.00,6,3,1,"","url:crossworldagency.com"
en_world,"shipping clearing agent",AGENCIA,COMERCIAL,SERVICIO,110,MEDIUM,49,8857.91,1907.18,12794.38,-39,9,2,"shipping and clearing agent","agencia"
en_world,"china ocean shipping agency",AGENCIA,COMERCIAL,SERVICIO,110,LOW,10,4499.51,1523.17,13416.30,-20,3,1,"","agencia"
en_world,"marina shipping company",CONSULT,COMERCIAL,SERVICIO,110,LOW,6,1147.04,818.57,5781.73,5,2,1,"","agencia"
en_world,"cenmar shipping company",CONSULT,COMERCIAL,SERVICIO,110,LOW,0,0.00,0.00,0.00,168,11,1,"","agencia"
en_world,"crew management companies",OTRO,GENERICA,REVISAR,110,LOW,3,4574.47,697.96,3348.00,23,3,1,"","agencia"
en_world,"dg shipping company list",CONSULT,COMERCIAL,SERVICIO,110,LOW,0,0.00,0.00,0.00,11,7,1,"","agencia"
en_world,"global maritime agency",AGENCIA,COMERCIAL,SERVICIO,110,LOW,1,0.00,0.00,0.00,-11,3,1,"","agencia"
en_world,"interworld shipping agency llc",AGENCIA,COMERCIAL,SERVICIO,110,LOW,2,0.00,0.00,0.00,-8,4,1,"","agencia"
en_world,"kl shipping crewing agency",AGENCIA,COMERCIAL,SERVICIO,110,LOW,2,4.44,0.00,0.00,-27,9,1,"","agencia"
en_world,"mariners shipping agency sa",AGENCIA,COMERCIAL,SERVICIO,110,LOW,1,0.00,0.00,0.00,19,1,1,"","agencia"
en_world,"maritime shipping agency",AGENCIA,COMERCIAL,SERVICIO,110,LOW,9,2492.60,1982.43,21992.78,-16,3,2,"maritime shipping agencies","url:gac.com"
en_world,"navitramp freight agency limited",FUERA,COMERCIAL,EXCLUIR,110,LOW,6,0.00,0.00,0.00,28,5,1,"","agencia"
en_world,"pacific manning agency",FUERA,COMERCIAL,EXCLUIR,110,LOW,1,47.28,0.00,0.00,-27,9,1,"","agencia"
en_world,"prime shipping agency llc",AGENCIA,COMERCIAL,SERVICIO,110,LOW,4,0.00,0.00,0.00,-10,5,1,"","agencia"
en_world,"sharaf shipping container tracking",OTRO,GENERICA,REVISAR,110,LOW,5,0.00,0.00,0.00,-32,11,1,"","agencia"
en_world,"ship manning agency",AGENCIA,COMERCIAL,SERVICIO,110,LOW,5,4371.68,214.64,2042.71,-22,11,1,"","agencia url:gac.com url:orcashipsagents.com"
en_world,"sun impex clearing and shipping agency",AGENCIA,COMERCIAL,SERVICIO,110,LOW,1,0.00,0.00,0.00,82,12,1,"","agencia"
en_world,"tech marine crewing agency",AGENCIA,COMERCIAL,SERVICIO,110,LOW,7,3428.93,1250.15,5371.25,11,9,1,"","agencia"
en_world,"vinayak shipping agencies",AGENCIA,GENERICA,SERVICIO,110,LOW,0,0.00,0.00,0.00,-21,11,1,"","agencia"
en_world,"bunker quantity survey",BUNKER,GENERICA,SERVICIO,110,LOW,3,0.00,0.00,0.00,-41,5,1,"","bunker"
en_world,"ship chandler panama",CONSULT,COMERCIAL,SERVICIO_PANAMA,110,LOW,6,298.83,0.00,0.00,-18,1,2,"ship chandlers panama","consultoria"
en_world,"colon free zone port panama",OTRO,COMERCIAL,REVISAR,110,LOW,1,0.00,0.00,0.00,-31,5,1,"","info"
en_world,"gatun locks colon panama",INFO_CANAL,INFORMACIONAL,BLOG_GENERAL,110,LOW,8,4860.22,285.82,5979.20,-67,2,1,"","info"
en_world,"gatun locks panama canal",INFO_CANAL,INFORMACIONAL,BLOG_GENERAL,110,LOW,8,4860.22,285.82,5979.20,-67,2,1,"","info"
en_world,"how much is it to go through the panama canal",INFO_CANAL,INFORMACIONAL,BLOG_GENERAL,110,LOW,7,51.93,630.37,2366.37,-48,1,1,"","info"
en_world,"how much to go through panama canal",INFO_CANAL,INFORMACIONAL,BLOG_GENERAL,110,LOW,7,51.93,630.37,2366.37,-48,1,1,"","info"
en_world,"panama maritime authority website",INFO_CANAL,INFORMACIONAL,BLOG_CORE,110,LOW,1,2266.64,0.00,0.00,9,7,1,"","info"
en_world,"panama sea port",OTRO,COMERCIAL,REVISAR,110,LOW,1,0.00,0.00,0.00,-28,3,1,"","info url:orcashipsagents.com"
en_world,"shipping panama",OTRO,COMERCIAL,REVISAR,110,LOW,16,12733.71,3157.20,14500.32,-20,11,2,"shipping to panama","url:adimarships.com url:panamashipservice.com url:gac.com url:lethagencies.com"
en_world,"the panamá canal",INFO_CANAL,INFORMACIONAL,BLOG_GENERAL,110,LOW,0,0.00,0.00,0.00,127,1,1,"","url:adimarships.com url:panamashipservice.com url:lethagencies.com url:orcashipsagents.com"
en_world,"panama canal is located in",INFO_CANAL,INFORMACIONAL,BLOG_GENERAL,110,LOW,0,0.00,0.00,0.00,-45,7,1,"","url:adimarships.com url:lethagencies.com url:orcashipsagents.com"
en_world,"vessel tracking services",OTRO,COMERCIAL,EXCLUIR,110,LOW,25,56438.26,1321.80,22117.44,85,10,1,"","url:adimarships.com"
en_world,"more shipping",OTRO,GENERICA,REVISAR,110,LOW,3,0.00,0.00,0.00,-4,6,1,"","url:adimarships.com url:orcashipsagents.com"
en_world,"shipping agency business",AGENCIA,COMERCIAL,SERVICIO,110,LOW,0,0.00,0.00,0.00,-53,2,1,"","url:adimarships.com"
en_world,"panama marine",OTRO,COMERCIAL,REVISAR,110,LOW,4,3621.60,1473.89,11775.36,-6,12,1,"","url:panamashipservice.com url:gac.com url:orcashipsagents.com url:24marine.com"
en_world,"ship supply companies",OTRO,GENERICA,REVISAR,110,MEDIUM,37,4649.16,2069.79,8975.68,-23,11,1,"","url:panamashipservice.com url:gac.com url:orcashipsagents.com"
en_world,"ship regulations",OTRO,INFORMACIONAL,REVISAR,110,LOW,1,0.00,0.00,0.00,-37,4,1,"","url:panamashipservice.com"
en_world,"find your vessel",OTRO,GENERICA,REVISAR,110,LOW,3,1825.05,0.00,0.00,42,7,1,"","url:panamashipservice.com url:gac.com url:24marine.com"
en_world,"us shipping industry",OTRO,GENERICA,REVISAR,110,LOW,0,0.00,0.00,0.00,242,5,1,"","url:panamashipservice.com"
en_world,"cost of vessel",OTRO,INFORMACIONAL,REVISAR,110,LOW,5,1862.12,566.72,1773.33,-22,12,1,"","url:panamashipservice.com"
en_world,"fleet support ship",OTRO,GENERICA,REVISAR,110,LOW,0,0.00,0.00,0.00,-43,2,1,"","url:panamashipservice.com"
en_world,"group shipping",OTRO,GENERICA,REVISAR,110,LOW,12,47989.86,1822.25,17946.76,-27,10,1,"","url:gac.com"
en_world,"vessel tracing",OTRO,GENERICA,REVISAR,110,LOW,9,1624.32,608.78,3062.40,-15,3,1,"","url:gac.com"
en_world,"ports around the world",OTRO,GENERICA,REVISAR,110,LOW,1,0.00,0.00,0.00,-15,11,1,"","url:gac.com"
en_world,"shipping supply chain",OTRO,GENERICA,REVISAR,110,LOW,11,41161.59,4043.55,25971.53,-51,3,1,"","url:gac.com"
en_world,"australia shipping agent",AGENCIA,COMERCIAL,SERVICIO,110,LOW,26,12552.98,2836.78,19033.01,-10,11,1,"","url:gac.com"
en_world,"cruise ship services",OTRO,COMERCIAL,EXCLUIR,110,LOW,11,8004.09,1291.47,13182.44,-11,9,1,"","url:gac.com"
en_world,"indonesia shipping agency",AGENCIA,COMERCIAL,SERVICIO,110,LOW,20,5587.82,781.53,7803.71,-11,12,1,"","url:gac.com"
en_world,"new panama",OTRO,COMERCIAL,REVISAR,110,LOW,0,0.00,0.00,0.00,-8,3,1,"","url:gac.com url:orcashipsagents.com"
en_world,"panama marine logistics",OTRO,COMERCIAL,REVISAR,110,LOW,4,2087.81,716.70,1723.08,10,9,1,"","url:gac.com url:orcashipsagents.com"
en_world,"shipping company in south korea",CONSULT,COMERCIAL,SERVICIO,110,MEDIUM,37,11736.36,1284.48,8134.44,-23,4,1,"","url:gac.com"
en_world,"suez canal toll calculator",INFO_CANAL,INFORMACIONAL,EXCLUIR,110,LOW,0,0.00,0.00,0.00,272,3,1,"","url:lethagencies.com"
en_world,"a shipping company",CONSULT,COMERCIAL,SERVICIO,110,LOW,9,3538.52,3054.32,11628.31,-19,9,1,"","url:lethagencies.com"
en_world,"inchcape shipping services singapore",CONQUEST,NAVEGACIONAL,EXCLUIR,110,LOW,6,0.00,1926.30,7993.83,15,5,1,"","url:lethagencies.com"
en_world,"panama canal company",INFO_CANAL,COMERCIAL,SERVICIO_PANAMA,110,LOW,0,0.00,0.00,0.00,-40,1,1,"","url:lethagencies.com url:orcashipsagents.com"
en_world,"shipping firms",OTRO,COMERCIAL,REVISAR,110,LOW,16,15837.04,2402.45,11867.70,-17,3,1,"","url:lethagencies.com"
en_world,"port and services",OTRO,COMERCIAL,REVISAR,110,LOW,0,0.00,0.00,0.00,-12,2,1,"","url:lethagencies.com"
en_world,"panama circulars",OTRO,COMERCIAL,REVISAR,110,LOW,0,0.00,0.00,0.00,-33,10,1,"","url:lethagencies.com"
en_world,"shipmanagement company",OTRO,COMERCIAL,REVISAR,110,LOW,26,14380.59,3352.18,13222.70,-58,6,1,"","url:lethagencies.com"
en_world,"port have",OTRO,GENERICA,REVISAR,110,MEDIUM,64,9519.06,0.00,0.00,-54,5,1,"","url:lethagencies.com"
en_world,"supply vessel companies",OTRO,GENERICA,REVISAR,110,LOW,15,24216.50,2036.37,23496.56,-42,10,1,"","url:lethagencies.com"
en_world,"vessel chartering companies",CONSULT,GENERICA,SERVICIO,110,LOW,29,5197.65,758.49,6711.87,-46,11,1,"","url:orcashipsagents.com"
en_world,"ship panama",OTRO,COMERCIAL,REVISAR,110,LOW,16,12828.60,3180.73,14608.37,-20,11,1,"","url:orcashipsagents.com"
en_world,"panama canal website",INFO_CANAL,INFORMACIONAL,BLOG_GENERAL,110,LOW,3,0.00,0.00,0.00,-35,1,1,"","url:orcashipsagents.com"
en_world,"cargo ships at sea",OTRO,GENERICA,REVISAR,110,LOW,3,0.00,567.63,2788.34,4,3,1,"","url:orcashipsagents.com"
en_world,"maritime transport services",OTRO,COMERCIAL,REVISAR,110,LOW,3,0.00,0.00,0.00,-8,5,1,"","url:orcashipsagents.com"
en_world,"shipping dinner",OTRO,GENERICA,REVISAR,110,MEDIUM,49,5289.63,1654.09,7747.96,4,10,1,"","url:orcashipsagents.com"
en_world,"vessel calls",OTRO,GENERICA,REVISAR,110,LOW,2,0.00,0.00,0.00,-18,11,1,"","url:orcashipsagents.com"
en_world,"cargo ships taking passengers",OTRO,GENERICA,REVISAR,110,LOW,2,10259.32,0.00,0.00,-24,7,1,"","url:orcashipsagents.com"
en_world,"sea brokers",FUERA,COMERCIAL,EXCLUIR,110,LOW,2,5110.43,0.00,0.00,-9,3,1,"","url:orcashipsagents.com"
en_world,"hull surveyor",SURVEY,COMERCIAL,SERVICIO,110,LOW,22,29381.74,6399.46,25647.10,-33,2,1,"","url:24marine.com"
en_world,"maritime compliance",OTRO,INFORMACIONAL,REVISAR,110,LOW,17,13048.48,5889.84,22592.61,-11,9,1,"","url:24marine.com"
en_world,"sydney maritime",OTRO,INFORMACIONAL,REVISAR,110,LOW,24,2553.41,1290.11,13355.06,-6,1,1,"","url:24marine.com"
en_world,"us marine services",OTRO,COMERCIAL,REVISAR,110,LOW,5,73220.07,16944.24,37676.11,27,7,1,"","url:24marine.com"
en_world,"your marketing",OTRO,GENERICA,EXCLUIR,110,LOW,8,0.00,4293.34,25874.13,-24,4,1,"","url:crossworldagency.com"
en_world,"agency holding company",FUERA,COMERCIAL,EXCLUIR,110,LOW,5,0.00,10110.30,20903.11,-48,3,1,"","url:crossworldagency.com"
en_world,"best chinese shipping agent",AGENCIA,COMERCIAL,SERVICIO,90,LOW,32,25774.34,3719.66,14723.05,62,6,1,"","agencia"
en_world,"clearing and forwarding agent near me",FUERA,COMERCIAL,EXCLUIR,90,LOW,22,5027.27,1112.15,4236.13,-35,2,2,"clearing and forwarding agents near me","agencia"
en_world,"global shipping agency",AGENCIA,COMERCIAL,SERVICIO,90,LOW,11,12679.07,1055.47,8446.92,-32,10,1,"","agencia url:gac.com"
en_world,"amazon delivery agency near me",FUERA,COMERCIAL,EXCLUIR,90,LOW,2,0.00,0.00,0.00,26,10,1,"","agencia"
en_world,"cma cgm shipping agencies",AGENCIA,GENERICA,SERVICIO,90,LOW,10,3714.71,1444.34,4461.62,-16,10,1,"","agencia"
en_world,"lotus shipping company",CONSULT,COMERCIAL,SERVICIO,90,LOW,1,0.00,0.00,0.00,65,6,1,"","agencia"
en_world,"marine agency services ltd",AGENCIA,COMERCIAL,SERVICIO,90,LOW,0,0.00,0.00,0.00,-19,12,1,"","agencia"
en_world,"red sea shipping agencies llc",AGENCIA,GENERICA,SERVICIO,90,LOW,0,0.00,0.00,0.00,-6,10,1,"","agencia"
en_world,"relay shipping agency ltd",AGENCIA,COMERCIAL,SERVICIO,90,LOW,2,262.33,0.00,0.00,427,3,1,"","agencia"
en_world,"safe seas shipping agency",AGENCIA,COMERCIAL,SERVICIO,90,LOW,0,0.00,0.00,0.00,27,7,1,"","agencia"
en_world,"southfield maritime agency",AGENCIA,COMERCIAL,SERVICIO,90,LOW,0,0.00,0.00,0.00,93,9,1,"","agencia"
en_world,"west oceanic shipping agencies llc",AGENCIA,GENERICA,SERVICIO,90,LOW,9,0.00,0.00,0.00,-13,4,1,"","agencia"
en_world,"wilhelmsen agency",CONQUEST,NAVEGACIONAL,CONQUEST,90,LOW,9,2673.34,1077.42,5019.55,-6,2,1,"","agencia"
en_world,"wilhelmsen ship agency",CONQUEST,NAVEGACIONAL,CONQUEST,90,LOW,9,2673.34,1077.42,5019.55,-6,2,1,"","agencia"
en_world,"yialos manning agency",FUERA,COMERCIAL,EXCLUIR,90,LOW,0,0.00,0.00,0.00,-4,6,1,"","agencia"
en_world,"ism auditor course",SURVEY,GENERICA,EXCLUIR,90,LOW,24,6154.33,1754.37,7342.75,-23,9,1,"","survey"
en_world,"mws survey",FUERA,GENERICA,EXCLUIR,90,LOW,1,0.00,0.00,0.00,-2,11,1,"","survey_2"
en_world,"marine claims adjuster",CLAIMS,GENERICA,SERVICIO,90,LOW,4,28852.90,0.00,0.00,-54,5,1,"","claims"
en_world,"cargo insurance claims",CLAIMS,GENERICA,SERVICIO,90,LOW,3,0.00,0.00,0.00,-29,9,1,"","claims"
en_world,"marine adjuster",CLAIMS,GENERICA,SERVICIO,90,LOW,4,28852.90,0.00,0.00,-54,5,1,"","claims"
en_world,"boat insurance claims",CLAIMS,GENERICA,SERVICIO,90,LOW,5,18214.66,15400.87,40086.22,-43,3,1,"","claims"
en_world,"marine loss",OTRO,GENERICA,REVISAR,90,LOW,0,0.00,0.00,0.00,-45,12,1,"","claims"
en_world,"ship to ship oil transfer",STS_OFFSHORE,GENERICA,SERVICIO,90,LOW,0,0.00,0.00,0.00,70,3,1,"","offshore_sts"
en_world,"panama canal transit time",INFO_CANAL,INFORMACIONAL,BLOG_CORE,90,LOW,0,0.00,0.00,0.00,-23,4,2,"transit time panama canal","info url:adimarships.com url:panamashipservice.com"
en_world,"colon 2000 cruise terminal",OTRO,COMERCIAL,EXCLUIR,90,LOW,7,0.00,0.00,0.00,54,1,1,"","info"
en_world,"cost of transiting the panama canal",INFO_CANAL,INFORMACIONAL,BLOG_CORE,90,LOW,1,283.60,0.00,0.00,-48,12,1,"","info"
en_world,"how much is it to cross the panama canal",INFO_CANAL,INFORMACIONAL,BLOG_GENERAL,90,LOW,1,0.00,0.00,0.00,-44,1,1,"","info"
en_world,"miraflores panama city",OTRO,COMERCIAL,REVISAR,90,LOW,20,4386.04,721.25,3357.11,23,2,1,"","info"
en_world,"panama city cruise terminal",OTRO,COMERCIAL,EXCLUIR,90,LOW,7,4742.50,0.00,0.00,-16,1,1,"","info url:orcashipsagents.com"
en_world,"maritime panama",OTRO,INFORMACIONAL,REVISAR,90,LOW,0,0.00,0.00,0.00,-15,3,2,"panama maritime","url:orcashipsagents.com url:24marine.com"
en_world,"rodman port panama",OTRO,COMERCIAL,REVISAR,90,LOW,1,0.00,0.00,0.00,-16,3,1,"","info"
en_world,"wilhelmsen panama",CONQUEST,NAVEGACIONAL,CONQUEST,90,LOW,14,15138.87,836.48,3383.51,-6,3,1,"","conquest"
en_world,"adimar shipping inc",CONQUEST,NAVEGACIONAL,CONQUEST,90,LOW,3,0.00,0.00,0.00,24,4,1,"","conquest url:adimarships.com"
en_world,"shipping by ship",OTRO,GENERICA,REVISAR,90,LOW,14,6321.26,1310.33,10418.98,-4,9,1,"","url:adimarships.com url:panamashipservice.com url:gac.com"
en_world,"us shipping agent",AGENCIA,COMERCIAL,SERVICIO,90,MEDIUM,63,18872.51,4699.31,22210.87,-25,11,1,"","url:adimarships.com url:gac.com"
en_world,"ship going through panama canal",INFO_CANAL,INFORMACIONAL,BLOG_GENERAL,90,LOW,7,6965.47,0.00,0.00,-22,2,1,"","url:adimarships.com url:panamashipservice.com url:gac.com url:lethagencies.com"
en_world,"shipping ships shipping shipping ships",OTRO,GENERICA,REVISAR,90,LOW,2,0.00,0.00,0.00,-18,5,1,"","url:adimarships.com url:panamashipservice.com"
en_world,"svs shipping",OTRO,GENERICA,REVISAR,90,LOW,5,0.00,0.00,0.00,-35,11,1,"","url:adimarships.com url:gac.com url:lethagencies.com"
en_world,"ship all",OTRO,GENERICA,REVISAR,90,LOW,11,5217.79,1697.57,17005.26,14,1,1,"","url:adimarships.com url:gac.com url:lethagencies.com"
en_world,"ship care",OTRO,GENERICA,REVISAR,90,LOW,2,0.00,0.00,0.00,-5,10,1,"","url:adimarships.com"
en_world,"panama canal story",INFO_CANAL,INFORMACIONAL,BLOG_GENERAL,90,LOW,1,0.00,0.00,0.00,-45,1,1,"","url:adimarships.com"
en_world,"panama canal logo",INFO_CANAL,INFORMACIONAL,BLOG_GENERAL,90,LOW,0,0.00,0.00,0.00,-3,2,1,"","url:adimarships.com url:orcashipsagents.com"
en_world,"ship shipping companies",OTRO,GENERICA,REVISAR,90,LOW,20,7929.57,1435.17,20936.43,-42,10,1,"","url:panamashipservice.com url:gac.com"
en_world,"vessel shipping company",CONSULT,COMERCIAL,SERVICIO,90,LOW,20,7929.57,1435.17,20936.43,-42,10,1,"","url:panamashipservice.com url:gac.com"
en_world,"panama canal cost per ship",INFO_CANAL,INFORMACIONAL,BLOG_CORE,90,LOW,0,0.00,0.00,0.00,-66,1,1,"","url:panamashipservice.com"
en_world,"as marine services",OTRO,COMERCIAL,REVISAR,90,LOW,3,0.00,0.00,0.00,65,9,1,"","url:panamashipservice.com url:gac.com url:24marine.com"
en_world,"vessel in transit",OTRO,GENERICA,REVISAR,90,LOW,0,0.00,0.00,0.00,-6,9,1,"","url:panamashipservice.com"
en_world,"delivery vessel",OTRO,GENERICA,REVISAR,90,LOW,1,0.00,0.00,0.00,-33,12,2,"vessel delivery","url:panamashipservice.com"
en_world,"class survey on ship",SURVEY,GENERICA,SERVICIO,90,LOW,1,0.00,0.00,0.00,-12,5,1,"","url:panamashipservice.com"
en_world,"management ship",OTRO,GENERICA,REVISAR,90,LOW,13,3238.64,1732.94,12472.64,-20,4,1,"","url:panamashipservice.com"
en_world,"gac shipping and logistics",CONQUEST,NAVEGACIONAL,CONQUEST,90,LOW,4,0.00,0.00,0.00,237,3,1,"","url:gac.com"
en_world,"ship to abu dhabi",OTRO,GENERICA,REVISAR,90,MEDIUM,38,8617.76,1524.81,16776.89,-31,4,1,"","url:gac.com"
en_world,"shipping abu dhabi",OTRO,GENERICA,REVISAR,90,MEDIUM,38,8617.76,1524.81,16776.89,-31,4,1,"","url:gac.com"
en_world,"management shipping",OTRO,GENERICA,REVISAR,90,LOW,13,3238.64,1732.94,12472.64,-20,4,1,"","url:gac.com"
en_world,"ship to port",OTRO,GENERICA,REVISAR,90,LOW,3,0.00,0.00,0.00,28,3,1,"","url:gac.com"
en_world,"panama now",OTRO,COMERCIAL,REVISAR,90,LOW,0,0.00,0.00,0.00,32,1,1,"","url:lethagencies.com"
en_world,"shipping companies in",OTRO,GENERICA,REVISAR,90,MEDIUM,33,3261.89,852.69,3625.56,-9,4,1,"","url:lethagencies.com"
en_world,"panama canal operations",INFO_CANAL,INFORMACIONAL,BLOG_GENERAL,90,LOW,1,0.00,0.00,0.00,-60,1,1,"","url:lethagencies.com url:orcashipsagents.com"
en_world,"panama canal now",INFO_CANAL,INFORMACIONAL,BLOG_GENERAL,90,LOW,0,0.00,0.00,0.00,2,2,1,"","url:lethagencies.com"
en_world,"panama 1914",OTRO,COMERCIAL,REVISAR,90,LOW,8,0.00,0.00,0.00,14,1,1,"","url:lethagencies.com"
en_world,"inchcape shipping services address",CONQUEST,NAVEGACIONAL,EXCLUIR,90,LOW,0,0.00,0.00,0.00,1,4,1,"","url:lethagencies.com"
en_world,"panama canal transit tour",INFO_CANAL,INFORMACIONAL,EXCLUIR,90,MEDIUM,60,7700.43,1528.37,8298.31,-61,5,1,"","url:orcashipsagents.com"
en_world,"amador cruise terminal",OTRO,GENERICA,EXCLUIR,90,LOW,2,3731.67,0.00,0.00,-3,3,1,"","url:orcashipsagents.com"
en_world,"cargo panama",OTRO,COMERCIAL,REVISAR,90,LOW,17,5483.58,1065.18,7184.75,-23,3,2,"panama cargo","url:24marine.com"
en_world,"access shipping",OTRO,GENERICA,REVISAR,90,LOW,3,3321.11,2824.89,8589.17,8,11,1,"","url:orcashipsagents.com"
en_world,"atlantic shipping agency",AGENCIA,COMERCIAL,SERVICIO,90,LOW,3,0.00,0.00,0.00,-27,3,1,"","url:orcashipsagents.com"
en_world,"ship by ship",OTRO,GENERICA,REVISAR,90,LOW,14,6368.36,1320.10,10496.62,-4,9,1,"","url:orcashipsagents.com"
en_world,"vessel broker",CONSULT,COMERCIAL,SERVICIO,90,LOW,19,2603.84,1386.61,9029.06,-4,5,1,"","url:orcashipsagents.com"
en_world,"ship chandelling",OTRO,GENERICA,REVISAR,90,LOW,8,3438.31,394.31,2257.40,-18,1,1,"","url:orcashipsagents.com"
en_world,"container ship brokers",CONSULT,COMERCIAL,EXCLUIR,90,MEDIUM,53,28572.41,9671.66,36146.33,-14,4,1,"","url:orcashipsagents.com"
en_world,"cargo ship carrying cargo ships",OTRO,GENERICA,EXCLUIR,90,LOW,1,0.00,0.00,0.00,-18,6,1,"","url:orcashipsagents.com"
en_world,"vessel management companies",OTRO,GENERICA,REVISAR,90,LOW,16,1691.66,1859.35,13416.65,-29,9,1,"","url:orcashipsagents.com"
en_world,"vessel lines",OTRO,GENERICA,REVISAR,90,LOW,1,35611.71,0.00,0.00,-17,3,1,"","url:orcashipsagents.com"
en_world,"marine inspection company",SURVEY,COMERCIAL,SERVICIO,90,LOW,29,7728.05,2223.42,23809.85,-9,9,1,"","url:24marine.com"
en_world,"marine survey report",SURVEY,GENERICA,SERVICIO,90,LOW,10,24778.39,5142.73,17248.89,-5,9,1,"","url:24marine.com"
en_world,"lpg gas vessel",OTRO,GENERICA,REVISAR,90,LOW,0,0.00,0.00,0.00,74,3,1,"","url:24marine.com"
en_world,"damage surveyor",FUERA,COMERCIAL,EXCLUIR,90,LOW,2,0.00,15475.28,40042.58,-25,5,1,"","url:24marine.com"
en_world,"vessel retrofit",OTRO,GENERICA,REVISAR,90,LOW,7,0.00,0.00,0.00,-17,9,1,"","url:24marine.com"
en_world,"business marketing firm",OTRO,COMERCIAL,EXCLUIR,90,LOW,29,199765.26,6448.06,94043.97,-81,10,1,"","url:crossworldagency.com"
en_world,"cwa agency",FUERA,COMERCIAL,EXCLUIR,90,LOW,8,11815.47,7975.43,46406.47,-7,3,1,"","url:crossworldagency.com"
en_world,"maritime marketing agency",AGENCIA,COMERCIAL,EXCLUIR,90,LOW,14,29973.27,8310.43,46951.88,40,9,1,"","url:crossworldagency.com"
en_world,"contact us to",OTRO,GENERICA,REVISAR,90,LOW,0,0.00,0.00,0.00,-17,2,1,"","url:crossworldagency.com"
en_world,"international shipping agents near me",AGENCIA,COMERCIAL,SERVICIO,70,MEDIUM,58,25757.95,6944.20,35225.93,-38,4,1,"","agencia"
en_world,"shipping agent list",AGENCIA,COMERCIAL,SERVICIO,70,LOW,9,14835.37,0.00,0.00,-52,12,1,"","agencia"
en_world,"agency charges in shipping",AGENCIA,COMERCIAL,SERVICIO,70,LOW,1,0.00,0.00,0.00,-19,3,1,"","agencia"
en_world,"agency shipping company",AGENCIA,COMERCIAL,SERVICIO,70,LOW,25,8976.65,1695.88,13316.45,-21,2,3,"shipping agency company | shipping agencies company","agencia url:gac.com url:lethagencies.com url:orcashipsagents.com"
en_world,"albatross shipping company",CONSULT,COMERCIAL,SERVICIO,70,LOW,3,15201.93,0.00,0.00,-10,11,1,"","agencia"
en_world,"antigua maritime agencies ltd",AGENCIA,INFORMACIONAL,BLOG_CORE,70,LOW,1,0.00,0.00,0.00,-3,1,1,"","agencia"
en_world,"baltic crewing agency",AGENCIA,COMERCIAL,SERVICIO,70,LOW,4,0.00,987.68,7278.25,115,11,1,"","agencia"
en_world,"dolphin shipping agency",AGENCIA,COMERCIAL,SERVICIO,70,LOW,2,0.00,0.00,0.00,8,2,1,"","agencia"
en_world,"gac ship agency",CONQUEST,NAVEGACIONAL,CONQUEST,70,LOW,7,6813.65,4271.45,13643.73,-6,3,1,"","agencia"
en_world,"gac shipping company",CONQUEST,NAVEGACIONAL,CONQUEST,70,LOW,11,2696.65,1531.02,15889.04,47,6,1,"","agencia url:gac.com"
en_world,"horizon shipping agencies",AGENCIA,GENERICA,SERVICIO,70,LOW,0,0.00,0.00,0.00,0,4,1,"","agencia"
en_world,"husbandry services in shipping",AGENCIA,COMERCIAL,SERVICIO,70,LOW,1,0.00,0.00,0.00,-17,4,1,"","agencia url:adimarships.com url:gac.com url:lethagencies.com url:orcashipsagents.com"
en_world,"maritime transport & agencies",AGENCIA,INFORMACIONAL,BLOG_CORE,70,LOW,1,0.00,0.00,0.00,23,7,1,"","agencia"
en_world,"national shipping agency",AGENCIA,COMERCIAL,SERVICIO,70,LOW,5,0.00,0.00,0.00,-33,1,1,"","agencia"
en_world,"osm maritime agency",AGENCIA,COMERCIAL,SERVICIO,70,LOW,1,1355.60,0.00,0.00,-7,1,1,"","agencia"
en_world,"southfield shipping agency",AGENCIA,COMERCIAL,SERVICIO,70,LOW,1,0.00,0.00,0.00,138,11,1,"","agencia"
en_world,"star ocean manning agency",FUERA,COMERCIAL,EXCLUIR,70,LOW,1,0.00,0.00,0.00,60,7,1,"","agencia"
en_world,"star shipping agencies",AGENCIA,GENERICA,SERVICIO,70,LOW,7,7123.56,2383.28,8851.47,6,11,1,"","agencia"
en_world,"sullivan shipping agencies ltd",AGENCIA,GENERICA,SERVICIO,70,LOW,4,28149.56,0.00,0.00,53,5,1,"","agencia"
en_world,"tsm shipping company",CONSULT,COMERCIAL,SERVICIO,70,LOW,1,0.00,0.00,0.00,11,9,1,"","agencia consultoria"
en_world,"un shipping agency",AGENCIA,COMERCIAL,SERVICIO,70,LOW,5,0.00,32707.22,78755.31,478,4,1,"","agencia"
en_world,"upl manning agency",FUERA,COMERCIAL,EXCLUIR,70,LOW,2,0.00,0.00,0.00,-1,7,1,"","agencia"
en_world,"ultrasonic hatch cover testing",SURVEY,GENERICA,SERVICIO,70,LOW,11,4395.63,0.00,0.00,-14,9,1,"","survey"
en_world,"ism lead auditor course",SURVEY,GENERICA,EXCLUIR,70,LOW,25,10943.94,2188.44,10941.30,-13,1,1,"","survey"
en_world,"ultrasonic hatch cover tester",SURVEY,GENERICA,SERVICIO,70,LOW,11,4395.63,0.00,0.00,-14,9,1,"","survey"
en_world,"ism internal auditor course",SURVEY,GENERICA,EXCLUIR,70,LOW,12,5257.18,1213.92,7348.86,72,3,1,"","survey"
en_world,"pre purchase boat survey",SURVEY,GENERICA,SERVICIO,70,LOW,2,1697.55,0.00,0.00,155,7,1,"","survey"
en_world,"independent marine surveyor",SURVEY,COMERCIAL,SERVICIO,70,LOW,20,19640.29,3745.75,32895.19,5,1,1,"","survey_2 url:24marine.com"
en_world,"oil and gas inspection companies",FUERA,GENERICA,EXCLUIR,70,LOW,30,15373.02,5043.88,17915.45,-44,10,1,"","survey_2"
en_world,"claims of marine insurance",CLAIMS,GENERICA,SERVICIO,70,LOW,7,0.00,0.00,0.00,-31,3,1,"","claims"
en_world,"club marine claim",CLAIMS,GENERICA,SERVICIO,70,LOW,3,6028.08,0.00,0.00,-16,1,1,"","claims"
en_world,"delta cargo claims",CLAIMS,GENERICA,SERVICIO,70,LOW,0,0.00,0.00,0.00,10,3,1,"","claims"
en_world,"marine adjuster jobs",CLAIMS,GENERICA,EXCLUIR,70,LOW,3,1557.83,0.00,0.00,-12,7,1,"","claims"
en_world,"marine claim adjuster jobs",CLAIMS,GENERICA,EXCLUIR,70,LOW,3,1557.83,0.00,0.00,-12,7,1,"","claims"
en_world,"lng ship to ship transfer",STS_OFFSHORE,GENERICA,SERVICIO,70,LOW,2,0.00,0.00,0.00,-37,10,1,"","offshore_sts"
en_world,"ocimf ship to ship transfer guide",STS_OFFSHORE,INFORMACIONAL,BLOG_CORE,70,LOW,1,0.00,0.00,0.00,-16,4,1,"","offshore_sts"
en_world,"ship to ship mooring",STS_OFFSHORE,GENERICA,SERVICIO,70,LOW,2,0.00,0.00,0.00,14,9,1,"","offshore_sts"
en_world,"maritime advisory",CONSULT,INFORMACIONAL,BLOG_CORE,70,LOW,4,0.00,0.00,0.00,19,9,1,"","consultoria"
en_world,"maritime consulting services",CONSULT,COMERCIAL,SERVICIO,70,LOW,2,0.00,0.00,0.00,104,2,1,"","consultoria"
en_world,"maritime consultancy services",CONSULT,COMERCIAL,SERVICIO,70,LOW,8,9985.88,1856.94,17856.23,-31,3,1,"","consultoria"
en_world,"marine consultancy group",CONSULT,GENERICA,SERVICIO,70,LOW,3,0.00,0.00,0.00,-12,5,1,"","consultoria"
en_world,"seaboard marine panama",OTRO,COMERCIAL,REVISAR,70,LOW,15,6677.76,1665.15,4047.82,-46,10,1,"","consultoria"
en_world,"wallenius wilhelmsen logistics panama",CONQUEST,NAVEGACIONAL,CONQUEST,70,LOW,10,4244.30,1253.15,3814.03,-9,1,1,"","consultoria conquest"
en_world,"wallenius wilhelmsen panama",CONQUEST,NAVEGACIONAL,CONQUEST,70,LOW,10,4244.30,1253.15,3814.03,-9,1,1,"","consultoria conquest"
en_world,"panama canal transit cost",INFO_CANAL,INFORMACIONAL,BLOG_CORE,70,LOW,0,0.00,0.00,0.00,-47,1,1,"","info url:adimarships.com"
en_world,"panama canal crossing cost",INFO_CANAL,INFORMACIONAL,BLOG_CORE,70,LOW,2,0.00,0.00,0.00,-41,1,1,"","info"
en_world,"panama canal boat schedule",INFO_CANAL,INFORMACIONAL,BLOG_CORE,70,LOW,18,2974.69,1227.52,3729.11,3,1,1,"","info"
en_world,"panama canal schedule for ships",INFO_CANAL,INFORMACIONAL,BLOG_CORE,70,LOW,1,0.00,0.00,0.00,5,1,1,"","info url:orcashipsagents.com"
en_world,"panama canal toll cost",INFO_CANAL,INFORMACIONAL,BLOG_CORE,70,LOW,0,0.00,0.00,0.00,-41,1,1,"","info"
en_world,"panama canal toll fee",INFO_CANAL,INFORMACIONAL,BLOG_CORE,70,LOW,0,0.00,0.00,0.00,1,4,1,"","info info_2 url:lethagencies.com"
en_world,"panama canal vessel schedule",INFO_CANAL,INFORMACIONAL,BLOG_CORE,70,LOW,1,0.00,0.00,0.00,5,1,1,"","info url:adimarships.com url:orcashipsagents.com"
en_world,"all about panama canal",INFO_CANAL,INFORMACIONAL,BLOG_GENERAL,70,LOW,26,35644.54,0.00,0.00,19,1,1,"","url:adimarships.com url:panamashipservice.com url:gac.com url:lethagencies.com url:orcashipsagents.com"
en_world,"panama canal waiting time",INFO_CANAL,INFORMACIONAL,BLOG_GENERAL,70,LOW,0,0.00,0.00,0.00,-12,4,1,"","url:adimarships.com url:panamashipservice.com"
en_world,"ship husbandry services",AGENCIA,COMERCIAL,SERVICIO,70,LOW,2,0.00,0.00,0.00,-30,3,1,"","url:adimarships.com url:gac.com url:orcashipsagents.com"
en_world,"vessel charterer",CONSULT,GENERICA,SERVICIO,70,LOW,3,7953.55,0.00,0.00,-47,3,1,"","url:adimarships.com"
en_world,"panama canal update",INFO_CANAL,INFORMACIONAL,BLOG_GENERAL,70,LOW,0,0.00,0.00,0.00,-77,2,1,"","url:adimarships.com url:lethagencies.com url:orcashipsagents.com"
en_world,"marine fleet management",OTRO,GENERICA,REVISAR,70,LOW,9,50936.80,4448.70,31525.85,-51,3,1,"","url:panamashipservice.com"
en_world,"technical ship supply",OTRO,GENERICA,REVISAR,70,LOW,11,0.00,4363.66,7176.90,-24,7,2,"technical ship supplies","url:orcashipsagents.com"
en_world,"shipping cost increase",OTRO,INFORMACIONAL,REVISAR,70,LOW,1,0.00,0.00,0.00,0,3,1,"","url:panamashipservice.com"
en_world,"ship steel",OTRO,GENERICA,REVISAR,70,LOW,6,0.00,0.00,0.00,-19,9,1,"","url:panamashipservice.com"
en_world,"gac shipping agents",CONQUEST,NAVEGACIONAL,CONQUEST,70,LOW,7,6813.65,4271.45,13643.73,-6,3,1,"","url:gac.com"
en_world,"shipping needs",OTRO,GENERICA,REVISAR,70,LOW,9,10768.76,2839.94,22073.24,20,9,1,"","url:gac.com"
en_world,"shipping services dubai",OTRO,COMERCIAL,EXCLUIR,70,LOW,29,3946.74,2762.99,14173.94,33,2,1,"","url:gac.com"
en_world,"shipping company office",CONSULT,COMERCIAL,SERVICIO,70,LOW,2,0.00,0.00,0.00,-6,9,1,"","url:gac.com url:lethagencies.com"
en_world,"gac company saudi arabia",CONQUEST,NAVEGACIONAL,CONQUEST,70,LOW,12,902.85,1002.52,3145.01,16,12,1,"","url:gac.com"
en_world,"international business park panama pacifico",OTRO,COMERCIAL,REVISAR,70,LOW,1,0.00,0.00,0.00,19,10,1,"","url:gac.com"
en_world,"find your ship",OTRO,GENERICA,REVISAR,70,LOW,3,1993.87,360.74,2380.99,29,7,1,"","url:gac.com"
en_world,"integrated shipping",OTRO,INFORMACIONAL,REVISAR,70,LOW,7,551.28,6656.59,40007.36,1,9,1,"","url:gac.com"
en_world,"ship to location",OTRO,GENERICA,REVISAR,70,LOW,4,58304.93,0.00,0.00,-21,10,1,"","url:gac.com"
en_world,"international shipping agency near me",AGENCIA,COMERCIAL,SERVICIO,70,MEDIUM,58,25757.95,6944.20,35225.93,-38,4,1,"","url:gac.com"
en_world,"its shipping company",CONSULT,COMERCIAL,SERVICIO,70,LOW,16,12425.13,2651.79,17095.54,100,9,1,"","url:gac.com"
en_world,"global ship supply",OTRO,GENERICA,REVISAR,70,LOW,4,0.00,0.00,0.00,-16,3,1,"","url:gac.com"
en_world,"marine logistics services",OTRO,COMERCIAL,REVISAR,70,LOW,5,12330.41,2062.44,9917.03,30,5,1,"","url:gac.com"
en_world,"panama hong kong",OTRO,COMERCIAL,REVISAR,70,LOW,24,15873.40,458.90,5576.52,-26,2,1,"","url:gac.com"
en_world,"shipping agency in egypt",AGENCIA,COMERCIAL,EXCLUIR,70,LOW,21,4368.60,1170.64,13098.26,-21,10,1,"","url:gac.com url:lethagencies.com"
en_world,"shipping agency in nigeria",AGENCIA,COMERCIAL,SERVICIO,70,LOW,19,10288.53,1254.11,7808.84,-35,4,1,"","url:gac.com"
en_world,"singapore panama",OTRO,COMERCIAL,REVISAR,70,LOW,23,1337.57,338.01,1954.01,-2,5,1,"","url:gac.com url:lethagencies.com"
en_world,"world wide shipping group",OTRO,GENERICA,REVISAR,70,LOW,11,22842.44,1543.97,6681.63,63,7,1,"","url:gac.com"
en_world,"shipping services singapore",OTRO,COMERCIAL,EXCLUIR,70,MEDIUM,64,6561.76,2658.50,15701.70,-8,12,2,"singapore shipping services","url:lethagencies.com"
en_world,"inchcape service",CONQUEST,NAVEGACIONAL,CONQUEST,70,LOW,5,1017.11,0.00,0.00,-25,9,1,"","url:lethagencies.com"
en_world,"us shipping lines",OTRO,GENERICA,REVISAR,70,MEDIUM,39,13494.51,4123.28,13999.21,-55,2,1,"","url:lethagencies.com"
en_world,"panama line",OTRO,COMERCIAL,REVISAR,70,LOW,2,3456.34,0.00,0.00,-17,3,1,"","url:lethagencies.com"
en_world,"panama canal waterway",INFO_CANAL,INFORMACIONAL,BLOG_GENERAL,70,LOW,1,0.00,0.00,0.00,-36,1,1,"","url:lethagencies.com"
en_world,"shipping line career",OTRO,GENERICA,EXCLUIR,70,LOW,5,290.86,31.13,505.76,-22,12,1,"","url:lethagencies.com"
en_world,"panama canal full transit",INFO_CANAL,INFORMACIONAL,BLOG_GENERAL,70,MEDIUM,55,5993.64,1515.40,7965.52,-29,3,1,"","url:orcashipsagents.com"
en_world,"panama canal pilot",INFO_CANAL,INFORMACIONAL,BLOG_GENERAL,70,LOW,0,0.00,0.00,0.00,-9,1,1,"","url:orcashipsagents.com"
en_world,"the importance of panama canal",INFO_CANAL,INFORMACIONAL,BLOG_GENERAL,70,LOW,0,0.00,0.00,0.00,-20,1,2,"the importance of the panama canal","url:orcashipsagents.com"
en_world,"logistic ships",OTRO,GENERICA,REVISAR,70,LOW,3,0.00,0.00,0.00,12,3,1,"","url:orcashipsagents.com"
en_world,"panama sa",OTRO,COMERCIAL,REVISAR,70,LOW,3,0.00,0.00,0.00,0,5,1,"","url:orcashipsagents.com"
en_world,"marine cargo ship",OTRO,GENERICA,EXCLUIR,70,LOW,3,0.00,0.00,0.00,108,7,1,"","url:orcashipsagents.com"
en_world,"commercial cargo ship",OTRO,GENERICA,EXCLUIR,70,LOW,4,5821.26,3833.09,20431.07,66,7,1,"","url:orcashipsagents.com"
en_world,"shipping and maritime",OTRO,INFORMACIONAL,REVISAR,70,LOW,4,0.00,0.00,0.00,-25,5,1,"","url:orcashipsagents.com"
en_world,"multi purpose cargo vessel",OTRO,GENERICA,REVISAR,70,LOW,1,0.00,0.00,0.00,-4,9,1,"","url:orcashipsagents.com"
en_world,"shipping container vessel",OTRO,GENERICA,REVISAR,70,LOW,0,0.00,0.00,0.00,-8,10,1,"","url:orcashipsagents.com"
en_world,"cargo operations in shipping",OTRO,GENERICA,REVISAR,70,LOW,2,1939.28,0.00,0.00,-13,2,1,"","url:orcashipsagents.com"
en_world,"new container ship",OTRO,GENERICA,EXCLUIR,70,LOW,1,0.00,0.00,0.00,-12,10,1,"","url:orcashipsagents.com"
en_world,"sailboat surveyor",SURVEY,COMERCIAL,SERVICIO,70,LOW,9,33001.82,2431.55,32895.19,8,9,1,"","url:24marine.com"
en_world,"maritime inspection",SURVEY,INFORMACIONAL,BLOG_CORE,70,LOW,6,0.00,4322.89,45300.60,-35,3,1,"","url:24marine.com"
en_world,"maritime 24",OTRO,INFORMACIONAL,REVISAR,70,LOW,1,0.00,0.00,0.00,27,3,1,"","url:24marine.com"
en_world,"marin vessel",OTRO,GENERICA,REVISAR,70,LOW,1,0.00,0.00,0.00,-20,11,1,"","url:24marine.com"
en_world,"vessel 24",OTRO,GENERICA,REVISAR,70,LOW,0,0.00,0.00,0.00,72,4,1,"","url:24marine.com"
en_world,"ihm survey",FUERA,GENERICA,EXCLUIR,70,LOW,2,0.00,0.00,0.00,-37,4,1,"","url:24marine.com"
en_world,"vessel inspection services",SURVEY,COMERCIAL,SERVICIO,70,LOW,5,12452.10,0.00,0.00,24,3,1,"","url:24marine.com"
en_world,"marine survey canada",SURVEY,GENERICA,SERVICIO,70,LOW,17,2786.04,1915.18,4694.53,-12,4,1,"","url:24marine.com"
en_world,"bulk marine",OTRO,GENERICA,REVISAR,70,LOW,2,0.00,0.00,0.00,-27,9,1,"","url:24marine.com"
en_world,"maritime marine services",OTRO,COMERCIAL,REVISAR,70,LOW,7,15231.50,3215.70,21054.14,74,6,1,"","url:24marine.com"
en_world,"maritime test",OTRO,INFORMACIONAL,REVISAR,70,LOW,1,0.00,0.00,0.00,-26,1,1,"","url:24marine.com"
en_world,"vgp 2013",OTRO,GENERICA,REVISAR,70,LOW,0,0.00,0.00,0.00,-28,1,1,"","url:24marine.com"
en_world,"agencia company",FUERA,COMERCIAL,EXCLUIR,70,LOW,14,17393.77,2440.46,10805.56,-2,3,1,"","url:crossworldagency.com"
en_world,"tell us more about your business",OTRO,GENERICA,REVISAR,70,LOW,1,0.00,0.00,0.00,-26,10,1,"","url:crossworldagency.com"
en_world,"auto transport trucking companies",OTRO,GENERICA,REVISAR,50,HIGH,84,36657.58,12678.58,40590.36,-24,3,1,"","agencia"
en_world,"shipping and forwarding agents",AGENCIA,COMERCIAL,SERVICIO,50,LOW,18,67976.70,5281.71,43139.69,-52,4,1,"","agencia"
en_world,"dhl shipping agent",AGENCIA,COMERCIAL,EXCLUIR,50,MEDIUM,38,15742.83,2831.19,15934.46,-2,12,1,"","agencia"
en_world,"overseas shipping agency",AGENCIA,COMERCIAL,SERVICIO,50,LOW,3,0.00,0.00,0.00,8,4,1,"","agencia"
en_world,"abacast shipping & management company inc",OTRO,COMERCIAL,REVISAR,50,LOW,0,0.00,0.00,0.00,-8,1,1,"","agencia"
en_world,"aqua marine shipping agency",AGENCIA,COMERCIAL,SERVICIO,50,LOW,2,0.00,0.00,0.00,-27,1,1,"","agencia"
en_world,"bsm crew management",OTRO,GENERICA,REVISAR,50,LOW,3,1048.95,0.00,0.00,-40,1,1,"","agencia"
en_world,"cargo vision shipping agency",AGENCIA,COMERCIAL,SERVICIO,50,LOW,0,0.00,0.00,0.00,1,7,1,"","agencia"
en_world,"cenmar ship management",CONSULT,GENERICA,SERVICIO,50,LOW,0,0.00,0.00,0.00,6,7,1,"","agencia"
en_world,"express delivery agency",FUERA,COMERCIAL,EXCLUIR,50,LOW,12,0.00,0.00,0.00,44,3,1,"","agencia"
en_world,"feeder shipping agency",AGENCIA,COMERCIAL,SERVICIO,50,MEDIUM,37,0.00,2357.63,7550.61,78,4,1,"","agencia"
en_world,"leo shipping agencies pte ltd",AGENCIA,GENERICA,SERVICIO,50,LOW,1,0.00,0.00,0.00,-11,6,1,"","agencia"
en_world,"mariners shipping agency",AGENCIA,COMERCIAL,SERVICIO,50,LOW,1,0.00,0.00,0.00,-38,2,1,"","agencia"
en_world,"maritime manning agency",AGENCIA,COMERCIAL,SERVICIO,50,LOW,7,3740.09,536.06,2987.76,-13,3,1,"","agencia url:orcashipsagents.com"
en_world,"msc agency container tracking",AGENCIA,COMERCIAL,SERVICIO,50,LOW,2,0.00,0.00,0.00,-30,1,1,"","agencia"
en_world,"next maritime agency",AGENCIA,COMERCIAL,SERVICIO,50,LOW,2,3380.38,0.00,0.00,9,2,1,"","agencia"
en_world,"omega shipping company",CONSULT,COMERCIAL,SERVICIO,50,LOW,8,23119.38,3613.87,18131.06,-20,6,1,"","agencia"
en_world,"poea list of cruise ship agency",AGENCIA,COMERCIAL,EXCLUIR,50,LOW,1,0.00,0.00,0.00,80,10,1,"","agencia"
en_world,"prime shipping agency",AGENCIA,COMERCIAL,SERVICIO,50,LOW,5,0.00,690.89,4988.31,-8,5,1,"","agencia"
en_world,"raj shipping company",CONSULT,COMERCIAL,SERVICIO,50,LOW,2,0.00,0.00,0.00,50,7,1,"","agencia"
en_world,"riley sherman shipping agency",AGENCIA,COMERCIAL,SERVICIO,50,LOW,3,0.00,0.00,0.00,11,1,1,"","agencia"
en_world,"samudra shipping agency",AGENCIA,COMERCIAL,SERVICIO,50,LOW,1,0.00,0.00,0.00,-22,4,1,"","agencia"
en_world,"sea power shipping agency",AGENCIA,COMERCIAL,SERVICIO,50,LOW,2,0.00,0.00,0.00,25,9,1,"","agencia"
en_world,"sharaf shipping agency tracking",AGENCIA,COMERCIAL,SERVICIO,50,LOW,3,662.74,0.00,0.00,-29,10,1,"","agencia"
en_world,"sharaf shipping company",CONSULT,COMERCIAL,SERVICIO,50,LOW,5,0.00,0.00,0.00,12,7,1,"","agencia"
en_world,"ship crew agencies",AGENCIA,GENERICA,SERVICIO,50,LOW,15,1606.14,591.94,8421.37,0,3,1,"","agencia"
en_world,"shipping agency department",AGENCIA,COMERCIAL,SERVICIO,50,LOW,1,0.00,0.00,0.00,-21,3,1,"","agencia url:orcashipsagents.com"
en_world,"shipping crew manning companies",OTRO,GENERICA,REVISAR,50,LOW,1,0.00,0.00,0.00,-42,4,1,"","agencia"
en_world,"singapore shipping agencies pte ltd",AGENCIA,GENERICA,SERVICIO,50,LOW,3,0.00,0.00,0.00,-1,9,1,"","agencia"
en_world,"world shipping agencies",AGENCIA,GENERICA,SERVICIO,50,LOW,5,6409.82,0.00,0.00,-3,5,1,"","agencia"
en_world,"bunker delivery",BUNKER,GENERICA,SERVICIO,50,LOW,1,0.00,0.00,0.00,-37,4,1,"","bunker"
en_world,"bunker delivery note sample",BUNKER,GENERICA,SERVICIO,50,LOW,0,0.00,0.00,0.00,-3,10,1,"","bunker"
en_world,"on hire survey",SURVEY,GENERICA,SERVICIO,50,LOW,2,0.00,0.00,0.00,-29,4,1,"","survey"
en_world,"ship draft survey",SURVEY,GENERICA,SERVICIO,50,LOW,3,3425.97,0.00,0.00,-14,3,1,"","survey url:panamashipservice.com"
en_world,"vessel draft survey",SURVEY,GENERICA,SERVICIO,50,LOW,3,3425.97,0.00,0.00,-14,3,1,"","survey url:panamashipservice.com url:24marine.com"
en_world,"oil and gas pipeline inspection companies",FUERA,GENERICA,EXCLUIR,50,MEDIUM,57,21049.61,7149.68,20609.84,-32,9,1,"","survey_2"
en_world,"insurance loss control survey",SURVEY,GENERICA,SERVICIO,50,LOW,9,8278.15,6854.78,41414.76,71,1,1,"","survey_2"
en_world,"mws marine warranty survey",SURVEY,GENERICA,SERVICIO,50,LOW,5,0.00,0.00,0.00,-13,11,1,"","survey_2"
en_world,"warranty survey",SURVEY,GENERICA,SERVICIO,50,LOW,2,0.00,0.00,0.00,-26,2,1,"","survey_2"
en_world,"cargo claims handling",CLAIMS,GENERICA,SERVICIO,50,LOW,18,0.00,0.00,0.00,-43,9,1,"","claims"
en_world,"marine cargo claims",CLAIMS,GENERICA,SERVICIO,50,LOW,1,0.00,0.00,0.00,-24,5,1,"","claims url:24marine.com"
en_world,"tokio marine insurance claim",CLAIMS,GENERICA,SERVICIO,50,LOW,7,2561.55,0.00,0.00,-36,3,1,"","claims"
en_world,"cargo loss",OTRO,GENERICA,REVISAR,50,LOW,0,0.00,0.00,0.00,-32,2,1,"","claims"
en_world,"icici lombard marine claim intimation",CLAIMS,GENERICA,SERVICIO,50,LOW,0,0.00,0.00,0.00,-7,4,1,"","claims"
en_world,"lufthansa cargo claim",CLAIMS,GENERICA,SERVICIO,50,LOW,2,0.00,0.00,0.00,-22,7,1,"","claims"
en_world,"saia freight claim",FUERA,GENERICA,EXCLUIR,50,LOW,0,0.00,0.00,0.00,-30,9,1,"","claims"
en_world,"offshore support services",STS_OFFSHORE,COMERCIAL,SERVICIO,50,LOW,8,2824.34,1253.15,3585.65,-24,3,1,"","offshore_sts"
en_world,"windfarm support",OTRO,GENERICA,REVISAR,50,LOW,23,9443.25,0.00,0.00,-11,9,1,"","offshore_sts"
en_world,"international shipping consultant",CONSULT,COMERCIAL,SERVICIO,50,HIGH,84,0.00,10431.35,83298.99,-32,9,1,"","consultoria"
en_world,"shipping car to panama",OTRO,COMERCIAL,REVISAR,50,MEDIUM,51,11231.67,3320.85,8639.78,-46,1,1,"","consultoria conquest"
en_world,"shipping consultants associated",CONSULT,COMERCIAL,SERVICIO,50,LOW,0,0.00,0.00,0.00,-55,3,1,"","consultoria"
en_world,"panama canal draft restrictions",INFO_CANAL,INFORMACIONAL,BLOG_CORE,50,LOW,0,0.00,0.00,0.00,19,6,1,"","info"
en_world,"panama flag registration",INFO_CANAL,INFORMACIONAL,BLOG_CORE,50,LOW,7,2136.68,1127.84,1973.71,-16,3,1,"","info"
en_world,"panama canal transit schedule today",INFO_CANAL,INFORMACIONAL,BLOG_CORE,50,LOW,2,5147.83,0.00,0.00,-66,1,1,"","info url:orcashipsagents.com"
en_world,"panama canal locks tour",INFO_CANAL,INFORMACIONAL,EXCLUIR,50,HIGH,79,6676.82,1635.18,6883.93,-17,9,1,"","info"
en_world,"panama locks tour",INFO_CANAL,INFORMACIONAL,EXCLUIR,50,HIGH,79,6676.82,1635.18,6883.93,-17,9,1,"","info"
en_world,"cristobal panama canal",INFO_CANAL,INFORMACIONAL,BLOG_CORE,50,LOW,1,0.00,0.00,0.00,30,1,2,"panama canal cristobal","info"
en_world,"cristobal porto",INFO_CANAL,INFORMACIONAL,BLOG_CORE,50,LOW,0,0.00,0.00,0.00,-3,9,1,"","info"
en_world,"cruise port panama city panama",OTRO,COMERCIAL,EXCLUIR,50,LOW,9,0.00,0.00,0.00,-17,12,1,"","info url:orcashipsagents.com"
en_world,"names of panama canal locks",INFO_CANAL,INFORMACIONAL,BLOG_GENERAL,50,LOW,0,0.00,0.00,0.00,-28,4,1,"","info"
en_world,"number of locks in panama canal",INFO_CANAL,INFORMACIONAL,BLOG_GENERAL,50,LOW,0,0.00,0.00,0.00,-35,1,1,"","info"
en_world,"panama canal miraflores locks visitor center",INFO_CANAL,INFORMACIONAL,EXCLUIR,50,LOW,6,0.00,907.18,3490.88,254,10,1,"","info"
en_world,"panama canal regulations",INFO_CANAL,INFORMACIONAL,BLOG_CORE,50,LOW,0,0.00,0.00,0.00,-24,1,1,"","info url:orcashipsagents.com"
en_world,"panama canal schedule today",INFO_CANAL,INFORMACIONAL,BLOG_CORE,50,LOW,6,3284.79,1437.97,5857.70,-2,1,1,"","info url:orcashipsagents.com"
en_world,"panama canal toll calculator",INFO_CANAL,INFORMACIONAL,BLOG_CORE,50,LOW,0,0.00,0.00,0.00,83,4,1,"","info url:lethagencies.com"
en_world,"panama canal delays",INFO_CANAL,INFORMACIONAL,BLOG_CORE,50,LOW,0,0.00,0.00,0.00,-43,4,1,"","info_2 url:adimarships.com url:lethagencies.com url:orcashipsagents.com"
en_world,"boyd steamship",CONQUEST,NAVEGACIONAL,CONQUEST,50,LOW,0,0.00,0.00,0.00,-18,1,1,"","conquest"
en_world,"shipping to panama from usa",OTRO,COMERCIAL,EXCLUIR,50,MEDIUM,43,23855.57,4154.19,15370.91,-13,2,1,"","conquest"
en_world,"shipping to panama from us",OTRO,COMERCIAL,EXCLUIR,50,MEDIUM,43,23855.57,4154.19,15370.91,-13,2,1,"","conquest url:panamashipservice.com url:gac.com url:lethagencies.com url:orcashipsagents.com"
en_world,"panama canal details",INFO_CANAL,INFORMACIONAL,BLOG_GENERAL,50,LOW,2,0.00,0.00,0.00,-17,1,2,"details of panama canal","url:adimarships.com"
en_world,"panama canal dates",INFO_CANAL,INFORMACIONAL,BLOG_GENERAL,50,LOW,0,0.00,0.00,0.00,25,1,1,"","url:adimarships.com url:panamashipservice.com url:lethagencies.com url:orcashipsagents.com"
en_world,"ship passing through panama canal",INFO_CANAL,INFORMACIONAL,BLOG_GENERAL,50,LOW,0,0.00,0.00,0.00,35,3,1,"","url:adimarships.com url:panamashipservice.com"
en_world,"going through panama canal",INFO_CANAL,INFORMACIONAL,BLOG_GENERAL,50,LOW,15,0.00,1165.08,4233.46,-57,12,2,"going through the panama canal","url:adimarships.com url:lethagencies.com"
en_world,"panama canal origin",INFO_CANAL,INFORMACIONAL,BLOG_GENERAL,50,LOW,0,0.00,0.00,0.00,-29,1,1,"","url:adimarships.com"
en_world,"marine ship service",OTRO,COMERCIAL,REVISAR,50,LOW,2,0.00,0.00,0.00,-78,6,1,"","url:panamashipservice.com"
en_world,"repair vessel",OTRO,GENERICA,REVISAR,50,LOW,4,3484.28,0.00,0.00,-28,3,1,"","url:panamashipservice.com"
en_world,"ship condition survey",SURVEY,GENERICA,SERVICIO,50,LOW,9,15689.04,2939.91,27408.64,32,3,1,"","url:panamashipservice.com"
en_world,"panama suppliers",OTRO,COMERCIAL,REVISAR,50,LOW,5,4488.90,0.00,0.00,71,1,1,"","url:panamashipservice.com url:orcashipsagents.com"
en_world,"shipping service providers",OTRO,COMERCIAL,REVISAR,50,LOW,32,9586.94,3668.36,21431.03,-65,1,1,"","url:panamashipservice.com"
en_world,"vessel condition survey",SURVEY,GENERICA,SERVICIO,50,LOW,9,15689.04,2939.91,27408.64,32,3,1,"","url:panamashipservice.com url:24marine.com"
en_world,"marine panama",OTRO,COMERCIAL,REVISAR,50,LOW,3,2870.34,0.00,0.00,-15,4,1,"","url:panamashipservice.com url:orcashipsagents.com url:24marine.com"
en_world,"garbage disposal in ship",OTRO,GENERICA,REVISAR,50,LOW,0,0.00,0.00,0.00,32,7,1,"","url:panamashipservice.com"
en_world,"marine shipping services",OTRO,COMERCIAL,EXCLUIR,50,LOW,2,0.00,0.00,0.00,-78,6,2,"shipping marine services","url:gac.com"
en_world,"excellent ship",OTRO,GENERICA,REVISAR,50,LOW,3,0.00,0.00,0.00,11,5,1,"","url:panamashipservice.com"
en_world,"underwater service",OTRO,COMERCIAL,REVISAR,50,LOW,8,1924.02,1000.54,3898.21,-11,1,1,"","url:panamashipservice.com"
en_world,"nautical industry",OTRO,GENERICA,REVISAR,50,LOW,12,12196.86,0.00,0.00,-28,9,1,"","url:panamashipservice.com"
en_world,"us supply ship",OTRO,GENERICA,REVISAR,50,LOW,0,0.00,0.00,0.00,288,3,1,"","url:panamashipservice.com"
en_world,"support marine",OTRO,GENERICA,REVISAR,50,LOW,9,0.00,0.00,0.00,-7,3,1,"","url:panamashipservice.com"
en_world,"marine service as",OTRO,COMERCIAL,REVISAR,50,LOW,9,2394.07,1733.31,7693.39,-84,1,1,"","url:panamashipservice.com url:24marine.com"
en_world,"marine ship engine",OTRO,GENERICA,REVISAR,50,LOW,10,7223.82,1449.92,6377.54,8,4,1,"","url:panamashipservice.com"
en_world,"shipping lines in south africa",OTRO,GENERICA,REVISAR,50,MEDIUM,42,1452.00,1275.30,6777.87,-37,3,1,"","url:gac.com"
en_world,"ship to company",OTRO,COMERCIAL,REVISAR,50,LOW,26,32898.82,10158.86,28254.66,-23,9,1,"","url:gac.com url:lethagencies.com"
en_world,"the business of shipping",OTRO,GENERICA,REVISAR,50,HIGH,73,2348.85,0.00,0.00,-57,1,1,"","url:gac.com"
en_world,"gac middle east",CONQUEST,NAVEGACIONAL,CONQUEST,50,LOW,2,5825.38,0.00,0.00,26,3,1,"","url:gac.com"
en_world,"gac contact number",CONQUEST,NAVEGACIONAL,CONQUEST,50,LOW,4,6543.72,0.00,0.00,25,7,1,"","url:gac.com"
en_world,"the united states ship",OTRO,GENERICA,REVISAR,50,LOW,0,0.00,0.00,0.00,-74,2,1,"","url:gac.com"
en_world,"gac dubai office",CONQUEST,NAVEGACIONAL,CONQUEST,50,LOW,1,6792.02,0.00,0.00,188,6,1,"","url:gac.com"
en_world,"ship from hong kong",OTRO,GENERICA,REVISAR,50,LOW,22,16354.27,3285.88,31927.00,-71,3,1,"","url:gac.com"
en_world,"marine llc",OTRO,GENERICA,REVISAR,50,LOW,7,0.00,0.00,0.00,-20,7,1,"","url:gac.com"
en_world,"maritime logistics services",OTRO,COMERCIAL,REVISAR,50,LOW,2,0.00,0.00,0.00,67,6,1,"","url:gac.com"
en_world,"maritime services company",CONSULT,COMERCIAL,SERVICIO,50,LOW,9,18784.55,1203.77,17021.62,5,4,1,"","url:gac.com url:24marine.com"
en_world,"panama singapore",OTRO,COMERCIAL,REVISAR,50,LOW,9,367.49,268.26,4844.16,-13,1,1,"","url:gac.com url:lethagencies.com"
en_world,"ship crewing agencies",AGENCIA,GENERICA,SERVICIO,50,LOW,15,1606.14,591.94,8421.37,0,3,1,"","url:gac.com"
en_world,"shipbuilding solutions",OTRO,GENERICA,REVISAR,50,LOW,2,0.00,0.00,0.00,58,4,1,"","url:gac.com"
en_world,"world marine shipping",OTRO,GENERICA,REVISAR,50,LOW,4,0.00,0.00,0.00,24,4,1,"","url:gac.com"
en_world,"inchcape shipping company",CONQUEST,NAVEGACIONAL,CONQUEST,50,LOW,1,0.00,0.00,0.00,59,1,1,"","url:lethagencies.com"
en_world,"suez canal calculator",INFO_CANAL,INFORMACIONAL,EXCLUIR,50,LOW,0,0.00,0.00,0.00,1,3,1,"","url:lethagencies.com"
en_world,"shipping lines in singapore",OTRO,GENERICA,REVISAR,50,MEDIUM,46,3516.99,2611.88,11197.89,-38,1,1,"","url:lethagencies.com"
en_world,"shipping line in egypt",OTRO,GENERICA,EXCLUIR,50,LOW,24,7220.51,1254.08,8741.62,-35,1,1,"","url:lethagencies.com"
en_world,"shipping industry singapore",OTRO,GENERICA,REVISAR,50,LOW,12,1676.59,0.00,0.00,-24,11,1,"","url:lethagencies.com"
en_world,"365 shipping",OTRO,GENERICA,REVISAR,50,LOW,2,0.00,0.00,0.00,-5,2,1,"","url:orcashipsagents.com"
en_world,"la canal de panama",INFO_CANAL,INFORMACIONAL,BLOG_GENERAL,50,LOW,0,0.00,0.00,0.00,-36,1,1,"","url:orcashipsagents.com"
en_world,"ocean liner services",OTRO,COMERCIAL,REVISAR,50,LOW,2,0.00,0.00,0.00,16,1,1,"","url:orcashipsagents.com"
en_world,"the cargo ship",OTRO,GENERICA,EXCLUIR,50,LOW,1,0.00,0.00,0.00,7,10,1,"","url:orcashipsagents.com"
en_world,"cargo freight ship",OTRO,GENERICA,REVISAR,50,LOW,22,0.00,10064.11,28152.06,-34,9,1,"","url:orcashipsagents.com"
en_world,"shipping cargo ships",OTRO,GENERICA,REVISAR,50,LOW,10,20304.41,1588.03,25834.63,-71,10,1,"","url:orcashipsagents.com"
en_world,"frater ship",OTRO,INFORMACIONAL,REVISAR,50,LOW,0,0.00,0.00,0.00,-2,10,1,"","url:orcashipsagents.com"
en_world,"vessel in logistics",OTRO,GENERICA,REVISAR,50,LOW,0,0.00,0.00,0.00,-39,11,1,"","url:orcashipsagents.com"
en_world,"container ship crew",OTRO,GENERICA,EXCLUIR,50,LOW,1,0.00,0.00,0.00,-23,9,1,"","url:orcashipsagents.com"
en_world,"new cargo ships",OTRO,GENERICA,REVISAR,50,LOW,0,0.00,0.00,0.00,-56,4,1,"","url:orcashipsagents.com"
en_world,"cargo steamship",AGENCIA,GENERICA,SERVICIO,50,LOW,0,0.00,0.00,0.00,3,3,1,"","url:orcashipsagents.com"
en_world,"all ship company name",OTRO,COMERCIAL,REVISAR,50,LOW,2,0.00,0.00,0.00,-10,7,1,"","url:orcashipsagents.com"
en_world,"freight marine ship supply",OTRO,GENERICA,REVISAR,50,LOW,1,2930.71,0.00,0.00,3,3,1,"","url:orcashipsagents.com"
en_world,"provision in ship",OTRO,GENERICA,REVISAR,50,LOW,0,0.00,0.00,0.00,12,9,1,"","url:orcashipsagents.com"
en_world,"cargo trip",OTRO,GENERICA,REVISAR,50,LOW,0,0.00,0.00,0.00,1,3,1,"","url:orcashipsagents.com"
en_world,"24 marine",OTRO,GENERICA,REVISAR,50,LOW,3,18018.63,0.00,0.00,16,4,1,"","url:24marine.com"
en_world,"professional marine surveyors",SURVEY,COMERCIAL,SERVICIO,50,LOW,21,14791.84,6673.02,39881.50,-14,1,1,"","url:24marine.com"
en_world,"marine surveyor sydney",SURVEY,COMERCIAL,SERVICIO,50,MEDIUM,35,4045.05,1948.26,10728.58,7,11,1,"","url:24marine.com"
en_world,"sams surveyor",FUERA,COMERCIAL,EXCLUIR,50,LOW,8,0.00,5725.74,29605.67,-4,3,1,"","url:24marine.com"
en_world,"marine auditor",SURVEY,GENERICA,SERVICIO,50,LOW,2,0.00,0.00,0.00,-45,2,1,"","url:24marine.com"
en_world,"expert maritime services",CONSULT,COMERCIAL,SERVICIO,50,LOW,3,0.00,0.00,0.00,24,5,1,"","url:24marine.com"
en_world,"mca surveyor",FUERA,COMERCIAL,EXCLUIR,50,LOW,3,17056.26,0.00,0.00,15,7,1,"","url:24marine.com"
en_world,"global marine survey",SURVEY,GENERICA,SERVICIO,50,LOW,8,28089.15,6018.05,16447.59,-16,1,1,"","url:24marine.com"
en_world,"marine retrofit",OTRO,GENERICA,REVISAR,50,LOW,10,8026.57,0.00,0.00,150,9,1,"","url:24marine.com"
en_world,"marine survey office",SURVEY,GENERICA,SERVICIO,50,LOW,2,0.00,0.00,0.00,-29,10,1,"","url:24marine.com"
en_world,"vessel categories",OTRO,GENERICA,REVISAR,50,LOW,1,0.00,0.00,0.00,-32,1,1,"","url:24marine.com"
en_world,"vessel ism",SURVEY,GENERICA,SERVICIO,50,LOW,1,0.00,0.00,0.00,-35,11,1,"","url:24marine.com"
en_world,"surveys from home",FUERA,GENERICA,EXCLUIR,50,MEDIUM,65,7662.19,2755.71,7471.87,-45,10,1,"","url:crossworldagency.com"
en_world,"inc agency",FUERA,COMERCIAL,EXCLUIR,50,LOW,1,0.00,0.00,0.00,8,3,1,"","url:crossworldagency.com"
en_world,"a marketing company",OTRO,COMERCIAL,EXCLUIR,50,LOW,18,1435.60,3134.46,69369.94,-10,9,2,"marketing companies in","url:crossworldagency.com"
en_world,"they agency",FUERA,COMERCIAL,EXCLUIR,50,LOW,4,11896.56,2937.77,22467.05,-21,7,1,"","url:crossworldagency.com"
en_world,"agency sos",FUERA,COMERCIAL,EXCLUIR,50,LOW,0,0.00,0.00,0.00,2,1,1,"","url:crossworldagency.com"
en_world,"it agency company",FUERA,COMERCIAL,EXCLUIR,50,LOW,11,5122.29,0.00,0.00,96,1,1,"","url:crossworldagency.com"
en_world,"this is your business",OTRO,GENERICA,REVISAR,50,LOW,0,0.00,0.00,0.00,-8,3,1,"","url:crossworldagency.com"
en_world,"as marketing agency",FUERA,COMERCIAL,EXCLUIR,50,LOW,1,0.00,0.00,0.00,175,3,1,"","url:crossworldagency.com"
en_world,"about your company",OTRO,COMERCIAL,REVISAR,50,LOW,0,0.00,0.00,0.00,-20,2,1,"","url:crossworldagency.com"
en_world,"that marketing agency",FUERA,COMERCIAL,EXCLUIR,50,LOW,6,0.00,0.00,0.00,6,3,1,"","url:crossworldagency.com"
en_world,"world of marketing",OTRO,GENERICA,EXCLUIR,50,LOW,7,8590.99,0.00,0.00,-34,9,1,"","url:crossworldagency.com"
en_world,"march agency",FUERA,COMERCIAL,EXCLUIR,50,LOW,4,0.00,0.00,0.00,0,10,1,"","url:crossworldagency.com"
en_world,"panama canal agent",AGENCIA,COMERCIAL,SERVICIO_PANAMA,40,LOW,1,0.00,0.00,0.00,18,10,2,"panama canal agents","agencia"
en_world,"container shipping agent",AGENCIA,COMERCIAL,SERVICIO,40,MEDIUM,49,11508.93,3971.68,20307.05,-16,3,1,"","agencia"
en_world,"shipping company agent",AGENCIA,COMERCIAL,SERVICIO,40,LOW,32,2839.88,1020.77,3956.88,-37,3,2,"agent for shipping company","url:orcashipsagents.com"
en_world,"alexia shipping agency",AGENCIA,COMERCIAL,SERVICIO,40,LOW,0,0.00,0.00,0.00,27,4,1,"","agencia"
en_world,"alfaship shipping agency",AGENCIA,COMERCIAL,SERVICIO,40,LOW,1,0.00,0.00,0.00,18,3,1,"","agencia"
en_world,"ashapura shipping agency",AGENCIA,COMERCIAL,SERVICIO,40,LOW,0,0.00,0.00,0.00,-2,5,1,"","agencia"
en_world,"bg shipping agency",AGENCIA,COMERCIAL,SERVICIO,40,LOW,5,0.00,0.00,0.00,-12,10,1,"","agencia"
en_world,"bluewater shipping agency",AGENCIA,COMERCIAL,SERVICIO,40,LOW,4,0.00,0.00,0.00,7,6,1,"","agencia"
en_world,"bsm crewing agency",AGENCIA,COMERCIAL,SERVICIO,40,LOW,4,0.00,0.00,0.00,45,6,1,"","agencia"
en_world,"cargo consolidators point lisas",OTRO,GENERICA,REVISAR,40,LOW,3,3534.00,0.00,0.00,-20,2,1,"","agencia"
en_world,"crystal shipping agencies",AGENCIA,GENERICA,SERVICIO,40,LOW,1,0.00,0.00,0.00,22,5,1,"","agencia"
en_world,"delivery courier agency",FUERA,COMERCIAL,EXCLUIR,40,LOW,26,2298.15,612.61,2942.30,-6,9,1,"","agencia"
en_world,"dynamic shipping agency",AGENCIA,COMERCIAL,SERVICIO,40,LOW,4,0.00,0.00,0.00,9,7,1,"","agencia"
en_world,"elreedy shipping agency",AGENCIA,COMERCIAL,SERVICIO,40,LOW,3,7676.12,0.00,0.00,28,7,1,"","agencia"
en_world,"ema shipping agencies",AGENCIA,GENERICA,SERVICIO,40,LOW,2,0.00,0.00,0.00,1,10,1,"","agencia"
en_world,"evergreen shipping agency tracking",AGENCIA,COMERCIAL,SERVICIO,40,LOW,3,33.49,0.00,0.00,17,4,1,"","agencia"
en_world,"fms maritime agency",AGENCIA,COMERCIAL,SERVICIO,40,LOW,1,0.00,0.00,0.00,-1,2,1,"","agencia"
en_world,"freight masters shipping agency limited",AGENCIA,COMERCIAL,SERVICIO,40,LOW,1,9300.85,0.00,0.00,-16,1,1,"","agencia"
en_world,"friendly island shipping agency",AGENCIA,COMERCIAL,SERVICIO,40,LOW,0,0.00,0.00,0.00,-23,7,1,"","agencia"
en_world,"gac logistic",CONQUEST,NAVEGACIONAL,CONQUEST,40,LOW,8,0.00,0.00,0.00,-2,4,1,"","agencia"
en_world,"grindrod ships agency",AGENCIA,COMERCIAL,SERVICIO,40,LOW,5,0.00,0.00,0.00,-8,5,1,"","agencia"
en_world,"gulf shipping agency",AGENCIA,COMERCIAL,SERVICIO,40,LOW,14,2674.61,1210.98,4166.72,-37,2,1,"","agencia"
en_world,"inchcape agency",CONQUEST,NAVEGACIONAL,CONQUEST,40,LOW,0,0.00,0.00,0.00,1,3,1,"","agencia url:lethagencies.com"
en_world,"man shipping agencies inc",AGENCIA,GENERICA,SERVICIO,40,LOW,0,0.00,0.00,0.00,24,7,1,"","agencia"
en_world,"poseidon shipping agency",AGENCIA,COMERCIAL,SERVICIO,40,LOW,2,0.00,0.00,0.00,-49,2,1,"","agencia"
en_world,"rajsons shipping agency",AGENCIA,COMERCIAL,SERVICIO,40,LOW,0,0.00,0.00,0.00,12,5,1,"","agencia"
en_world,"sea cargo agencies",AGENCIA,GENERICA,SERVICIO,40,LOW,22,4701.88,470.55,8885.91,-21,10,1,"","agencia"
en_world,"sinotac shipping agency corp",AGENCIA,COMERCIAL,SERVICIO,40,LOW,0,0.00,0.00,0.00,-35,11,1,"","agencia"
en_world,"sky shipping agency",AGENCIA,COMERCIAL,SERVICIO,40,LOW,4,26760.83,0.00,0.00,-10,6,1,"","agencia"
en_world,"streamline shipping agencies",AGENCIA,GENERICA,SERVICIO,40,LOW,0,0.00,0.00,0.00,189,5,1,"","agencia"
en_world,"sun shipping agency",AGENCIA,COMERCIAL,SERVICIO,40,LOW,2,396.00,0.00,0.00,91,6,1,"","agencia"
en_world,"v ship agency",AGENCIA,COMERCIAL,SERVICIO,40,LOW,4,26139.77,0.00,0.00,-10,1,1,"","agencia"
en_world,"wilhelmsen ships service ships agency",CONQUEST,NAVEGACIONAL,CONQUEST,40,LOW,1,0.00,0.00,0.00,47,7,1,"","agencia"
en_world,"on hire off hire survey",SURVEY,GENERICA,SERVICIO,40,LOW,7,6409.35,0.00,0.00,-36,3,1,"","bunker survey"
en_world,"on off hire survey",SURVEY,GENERICA,SERVICIO,40,LOW,7,6409.35,0.00,0.00,-36,3,1,"","bunker survey"
en_world,"draft survey in shipping",SURVEY,GENERICA,SERVICIO,40,LOW,2,0.00,0.00,0.00,56,10,1,"","survey url:panamashipservice.com"
en_world,"ism internal audit",SURVEY,GENERICA,SERVICIO,40,LOW,11,11133.20,1607.48,13363.94,-24,5,1,"","survey"
en_world,"marine insurance clauses pdf",OTRO,GENERICA,EXCLUIR,40,LOW,0,0.00,0.00,0.00,-36,9,1,"","claims"
en_world,"fedex cargo claims phone number",CLAIMS,GENERICA,EXCLUIR,40,LOW,0,0.00,0.00,0.00,-12,9,1,"","claims"
en_world,"marine claims handler",CLAIMS,GENERICA,SERVICIO,40,LOW,1,0.00,0.00,0.00,-16,2,1,"","claims"
en_world,"southwest marine and general insurance company claims",CLAIMS,COMERCIAL,SERVICIO,40,LOW,3,0.00,0.00,0.00,97,3,1,"","claims"
en_world,"turkish cargo claim",CLAIMS,GENERICA,SERVICIO,40,LOW,0,0.00,0.00,0.00,20,7,1,"","claims"
en_world,"united airlines cargo claims",CLAIMS,GENERICA,SERVICIO,40,LOW,0,0.00,0.00,0.00,-16,7,1,"","claims"
en_world,"united cargo claims",CLAIMS,GENERICA,SERVICIO,40,LOW,0,0.00,0.00,0.00,-16,7,1,"","claims"
en_world,"sts panama",STS_OFFSHORE,COMERCIAL,SERVICIO_PANAMA,40,LOW,0,0.00,0.00,0.00,-28,5,1,"","offshore_sts"
en_world,"offshore trading platform",STS_OFFSHORE,GENERICA,SERVICIO,40,MEDIUM,35,0.00,11030.81,81530.77,-31,10,1,"","offshore_sts"
en_world,"oil terminal operations management",STS_OFFSHORE,GENERICA,SERVICIO,40,LOW,3,0.00,0.00,0.00,-26,6,1,"","offshore_sts"
en_world,"sts ship to ship",STS_OFFSHORE,GENERICA,SERVICIO,40,LOW,1,0.00,0.00,0.00,10,5,1,"","offshore_sts"
en_world,"shipping consultancy services",CONSULT,COMERCIAL,SERVICIO,40,MEDIUM,37,2994.52,1287.61,7601.25,-37,1,1,"","consultoria"
en_world,"dnv maritime advisory",CONSULT,INFORMACIONAL,BLOG_CORE,40,LOW,19,12846.26,2654.79,15573.97,0,10,1,"","consultoria"
en_world,"drewry container",OTRO,GENERICA,REVISAR,40,LOW,6,14881.02,2224.89,13661.15,-23,3,1,"","consultoria"
en_world,"jb sea maritime consultancy services",CONSULT,COMERCIAL,SERVICIO,40,LOW,4,0.00,0.00,0.00,0,10,1,"","consultoria"
en_world,"marine survey consulting",SURVEY,GENERICA,SERVICIO,40,LOW,4,848.97,0.00,0.00,-8,7,1,"","consultoria"
en_world,"ship brokering and chartering",CONSULT,COMERCIAL,SERVICIO,40,LOW,17,6291.95,1300.89,10429.17,-22,7,1,"","consultoria url:orcashipsagents.com"
en_world,"ship design consultancy",CONSULT,GENERICA,SERVICIO,40,LOW,14,0.00,0.00,0.00,33,9,1,"","consultoria"
en_world,"shipping consultants associated ltd",CONSULT,COMERCIAL,SERVICIO,40,LOW,1,2273.95,0.00,0.00,71,6,1,"","consultoria"
en_world,"panama canal partial transit new locks",INFO_CANAL,INFORMACIONAL,BLOG_GENERAL,40,MEDIUM,34,14119.72,2324.20,11825.08,-45,10,1,"","info"
en_world,"agua clara locks panama",INFO_CANAL,INFORMACIONAL,BLOG_GENERAL,40,LOW,11,0.00,551.39,3932.96,29,2,1,"","info"
en_world,"colon container terminal pa",INFO_CANAL,INFORMACIONAL,BLOG_GENERAL,40,LOW,2,0.00,0.00,0.00,-37,2,1,"","info"
en_world,"colon panama cruise terminal",OTRO,COMERCIAL,EXCLUIR,40,LOW,4,0.00,0.00,0.00,-14,1,1,"","info url:orcashipsagents.com"
en_world,"cruise ship port colon panama",OTRO,COMERCIAL,EXCLUIR,40,LOW,4,0.00,0.00,0.00,-14,1,1,"","info url:orcashipsagents.com"
en_world,"cruise terminal panama city",OTRO,COMERCIAL,EXCLUIR,40,LOW,7,0.00,0.00,0.00,8,12,1,"","info url:orcashipsagents.com"
en_world,"fuerte amador panama city cruise port",OTRO,COMERCIAL,EXCLUIR,40,HIGH,86,0.00,0.00,0.00,18,1,1,"","info url:orcashipsagents.com"
en_world,"panama canal lock gates",INFO_CANAL,INFORMACIONAL,BLOG_GENERAL,40,LOW,0,0.00,0.00,0.00,-16,2,1,"","info"
en_world,"panama canal miraflores locks schedule",INFO_CANAL,INFORMACIONAL,BLOG_CORE,40,LOW,27,6743.53,884.05,3386.82,-37,1,1,"","info"
en_world,"panama canal old locks",INFO_CANAL,INFORMACIONAL,BLOG_GENERAL,40,LOW,5,16193.86,0.00,0.00,-13,1,1,"","info"
en_world,"panama canal passage cost",INFO_CANAL,INFORMACIONAL,BLOG_CORE,40,LOW,0,0.00,0.00,0.00,-49,12,1,"","info"
en_world,"panama harbour",OTRO,COMERCIAL,REVISAR,40,LOW,0,0.00,0.00,0.00,-12,3,1,"","info url:orcashipsagents.com"
en_world,"widening the panama canal",INFO_CANAL,INFORMACIONAL,BLOG_GENERAL,40,LOW,0,0.00,0.00,0.00,-42,1,1,"","info"
en_world,"how many ships cross the panama canal daily",INFO_CANAL,INFORMACIONAL,BLOG_GENERAL,40,LOW,0,0.00,0.00,0.00,-45,1,1,"","info_2"
en_world,"panama canal passage fee",INFO_CANAL,INFORMACIONAL,BLOG_CORE,40,LOW,0,0.00,0.00,0.00,-49,12,1,"","info_2 url:orcashipsagents.com"
en_world,"orca ships agents",CONQUEST,NAVEGACIONAL,CONQUEST,40,LOW,0,0.00,0.00,0.00,,5,1,"","conquest"
en_world,"panama canal why",INFO_CANAL,INFORMACIONAL,BLOG_GENERAL,40,LOW,0,0.00,0.00,0.00,29,1,1,"","url:adimarships.com url:panamashipservice.com url:lethagencies.com url:orcashipsagents.com"
en_world,"ship shipping a ship",OTRO,GENERICA,REVISAR,40,LOW,5,0.00,0.00,0.00,-22,1,1,"","url:adimarships.com url:orcashipsagents.com"
en_world,"panama canal passage",INFO_CANAL,INFORMACIONAL,BLOG_GENERAL,40,LOW,3,0.00,0.00,0.00,-45,1,1,"","url:adimarships.com url:orcashipsagents.com"
en_world,"vessel transit time",OTRO,INFORMACIONAL,REVISAR,40,LOW,4,0.00,0.00,0.00,-24,2,1,"","url:adimarships.com url:panamashipservice.com"
en_world,"the new panama canal",INFO_CANAL,INFORMACIONAL,BLOG_GENERAL,40,LOW,1,0.00,0.00,0.00,-72,12,1,"","url:adimarships.com url:orcashipsagents.com"
en_world,"charterer agent",AGENCIA,COMERCIAL,SERVICIO,40,LOW,1,0.00,0.00,0.00,-18,9,1,"","url:adimarships.com url:orcashipsagents.com"
en_world,"all shipping lines",OTRO,GENERICA,REVISAR,40,LOW,18,4084.48,977.85,6507.22,-20,1,1,"","url:adimarships.com url:gac.com url:lethagencies.com"
en_world,"get on a ship",OTRO,GENERICA,REVISAR,40,LOW,0,0.00,0.00,0.00,-26,5,1,"","url:adimarships.com url:panamashipservice.com"
en_world,"condition survey of ship",SURVEY,GENERICA,SERVICIO,40,LOW,4,0.00,0.00,0.00,-26,12,1,"","url:panamashipservice.com"
en_world,"marine ship repair",OTRO,GENERICA,REVISAR,40,LOW,2,0.00,0.00,0.00,-24,10,1,"","url:panamashipservice.com"
en_world,"ship garbage",OTRO,GENERICA,REVISAR,40,LOW,0,0.00,0.00,0.00,-19,10,1,"","url:panamashipservice.com"
en_world,"ship disposal",OTRO,GENERICA,REVISAR,40,LOW,0,0.00,0.00,0.00,76,9,1,"","url:panamashipservice.com"
en_world,"commercial shipping vessels",OTRO,GENERICA,REVISAR,40,LOW,4,0.00,0.00,0.00,101,9,1,"","url:panamashipservice.com"
en_world,"vessel rates",OTRO,INFORMACIONAL,REVISAR,40,LOW,6,0.00,0.00,0.00,-16,5,1,"","url:panamashipservice.com"
en_world,"bonded stores ship",OTRO,GENERICA,REVISAR,40,LOW,2,0.00,0.00,0.00,-26,9,1,"","url:panamashipservice.com"
en_world,"hong kong shipping agent",AGENCIA,COMERCIAL,SERVICIO,40,HIGH,85,18177.37,4798.86,19459.70,-8,3,1,"","url:gac.com"
en_world,"gac shipping dubai",CONQUEST,NAVEGACIONAL,CONQUEST,40,LOW,19,2135.81,1146.78,1837.94,-46,6,1,"","url:gac.com"
en_world,"european shipping services",OTRO,COMERCIAL,EXCLUIR,40,MEDIUM,53,21975.13,3009.27,17472.47,3,5,1,"","url:gac.com"
en_world,"integrated shipping solutions",OTRO,INFORMACIONAL,REVISAR,40,LOW,8,0.00,4794.38,48048.05,8,3,1,"","url:gac.com"
en_world,"gac shipping malaysia",CONQUEST,NAVEGACIONAL,CONQUEST,40,LOW,1,0.00,0.00,0.00,-45,1,1,"","url:gac.com"
en_world,"port handling services",OTRO,COMERCIAL,REVISAR,40,LOW,2,0.00,0.00,0.00,-2,3,1,"","url:lethagencies.com"
en_world,"brief history of panama canal",INFO_CANAL,INFORMACIONAL,EXCLUIR,40,LOW,3,0.00,0.00,0.00,-56,1,1,"","url:lethagencies.com"
en_world,"spare ship",OTRO,GENERICA,REVISAR,40,LOW,0,0.00,0.00,0.00,-10,3,1,"","url:lethagencies.com"
en_world,"sea ports in panama",OTRO,COMERCIAL,REVISAR,40,LOW,0,0.00,0.00,0.00,-14,3,1,"","url:orcashipsagents.com"
en_world,"panama cargo ship",OTRO,COMERCIAL,EXCLUIR,40,LOW,0,0.00,0.00,0.00,-35,3,1,"","url:orcashipsagents.com"
en_world,"ship chandler company",CONSULT,COMERCIAL,SERVICIO,40,LOW,11,0.00,0.00,0.00,-53,11,1,"","url:orcashipsagents.com"
en_world,"el causeway panama",OTRO,COMERCIAL,REVISAR,40,LOW,11,2859.47,882.99,3069.76,-8,1,1,"","url:orcashipsagents.com"
en_world,"cruise ship and cargo ship",OTRO,GENERICA,EXCLUIR,40,LOW,0,0.00,0.00,0.00,35,1,1,"","url:orcashipsagents.com"
en_world,"cargo ship shipping cargo ships",OTRO,GENERICA,EXCLUIR,40,LOW,0,0.00,0.00,0.00,-37,2,1,"","url:orcashipsagents.com"
en_world,"cargo ship details",OTRO,GENERICA,EXCLUIR,40,LOW,0,0.00,0.00,0.00,-30,11,1,"","url:orcashipsagents.com"
en_world,"cargo ship broker",CONSULT,COMERCIAL,EXCLUIR,40,MEDIUM,42,6350.22,2859.99,12852.56,63,9,1,"","url:orcashipsagents.com"
en_world,"maritime management services",OTRO,COMERCIAL,REVISAR,40,LOW,5,0.00,0.00,0.00,-43,3,1,"","url:orcashipsagents.com"
en_world,"cargo ship charter",CONSULT,GENERICA,EXCLUIR,40,LOW,19,8491.54,2335.60,8089.48,-65,3,1,"","url:orcashipsagents.com"
en_world,"shipping container cargo ship",OTRO,GENERICA,EXCLUIR,40,LOW,19,32426.31,5228.83,23497.70,-67,10,1,"","url:orcashipsagents.com"
en_world,"best ownership shipping companies",OTRO,GENERICA,REVISAR,40,LOW,3,0.00,0.00,0.00,-29,1,1,"","url:orcashipsagents.com"
en_world,"become a marine surveyor",SURVEY,COMERCIAL,SERVICIO,40,LOW,6,0.00,0.00,0.00,-18,10,1,"","url:24marine.com"
en_world,"maritime engineering services",OTRO,COMERCIAL,REVISAR,40,LOW,0,0.00,0.00,0.00,56,9,1,"","url:24marine.com"
en_world,"nautical surveyor",FUERA,COMERCIAL,EXCLUIR,40,LOW,8,4095.58,4386.02,7558.71,-32,2,1,"","url:24marine.com"
en_world,"apa itu bulk carrier",OTRO,GENERICA,REVISAR,40,LOW,0,0.00,0.00,0.00,7,1,1,"","url:24marine.com"
en_world,"bulk cargo handling",OTRO,GENERICA,REVISAR,40,LOW,6,0.00,0.00,0.00,-60,6,1,"","url:24marine.com"
en_world,"junior marine surveyor",SURVEY,COMERCIAL,SERVICIO,40,LOW,4,2919.89,0.00,0.00,3,7,1,"","url:24marine.com"
en_world,"marine survey equipment",SURVEY,GENERICA,SERVICIO,40,LOW,20,5058.84,2341.37,4324.94,-53,3,1,"","url:24marine.com"
en_world,"operation maritime",OTRO,INFORMACIONAL,REVISAR,40,LOW,0,0.00,0.00,0.00,-14,9,1,"","url:24marine.com"
en_world,"safety in maritime",OTRO,INFORMACIONAL,REVISAR,40,LOW,3,0.00,0.00,0.00,-12,3,1,"","url:24marine.com"
en_world,"smart maritime",OTRO,INFORMACIONAL,REVISAR,40,LOW,0,0.00,0.00,0.00,-2,5,1,"","url:24marine.com"
en_world,"marketing from home",OTRO,GENERICA,EXCLUIR,40,MEDIUM,43,13260.24,3988.54,20438.69,-52,4,1,"","url:crossworldagency.com"
en_world,"your marketing agency",FUERA,COMERCIAL,EXCLUIR,40,LOW,18,0.00,5141.29,149489.32,-22,4,1,"","url:crossworldagency.com"
en_world,"about you agency",FUERA,COMERCIAL,EXCLUIR,40,LOW,3,0.00,0.00,0.00,34,3,1,"","url:crossworldagency.com"
en_world,"media agency companies",FUERA,COMERCIAL,EXCLUIR,40,MEDIUM,38,35275.40,7086.24,67673.30,-64,4,1,"","url:crossworldagency.com"
en_world,"agency for you",FUERA,COMERCIAL,EXCLUIR,40,LOW,11,0.00,0.00,0.00,-29,5,1,"","url:crossworldagency.com"
en_world,"for your agency",FUERA,COMERCIAL,EXCLUIR,40,LOW,11,16588.28,5368.69,12499.07,1,4,1,"","url:crossworldagency.com"
en_world,"you are a business",OTRO,GENERICA,REVISAR,40,LOW,9,0.00,0.00,0.00,-16,11,1,"","url:crossworldagency.com"
en_world,"take marketing",OTRO,GENERICA,EXCLUIR,40,LOW,12,18811.95,1347.03,6808.89,-49,3,1,"","url:crossworldagency.com"
en_world,"port clearing agent",AGENCIA,COMERCIAL,SERVICIO,30,LOW,17,2221.21,1000.39,9042.19,-42,1,1,"","agencia"
en_world,"enterprise shipping company",CONSULT,COMERCIAL,SERVICIO,30,LOW,25,1286.86,4268.42,47893.11,-16,1,1,"","agencia"
en_world,"seafreight agencies",FUERA,GENERICA,EXCLUIR,30,MEDIUM,62,15488.83,1577.44,11416.22,-43,1,1,"","agencia"
en_world,"container clearing agent",AGENCIA,COMERCIAL,SERVICIO,30,MEDIUM,53,10692.83,1703.53,13762.06,-38,2,1,"","agencia"
en_world,"forwarder shipping agent",AGENCIA,COMERCIAL,EXCLUIR,30,MEDIUM,48,3895.65,1661.91,13979.70,-49,5,1,"","agencia"
en_world,"sea shipping agent",AGENCIA,COMERCIAL,SERVICIO,30,LOW,32,32331.23,1920.88,21387.49,-29,9,1,"","agencia"
en_world,"central shipping agency tracking",AGENCIA,COMERCIAL,SERVICIO,30,LOW,9,272.19,0.00,0.00,-24,3,1,"","agencia"
en_world,"freight forwarder and shipping agent",AGENCIA,COMERCIAL,EXCLUIR,30,MEDIUM,48,3895.65,1661.91,13979.70,-49,5,1,"","agencia"
en_world,"msc shipping agency",AGENCIA,COMERCIAL,SERVICIO,30,LOW,6,0.00,0.00,0.00,24,9,1,"","agencia"
en_world,"amazon delivery agency franchise",FUERA,COMERCIAL,EXCLUIR,30,LOW,6,21419.02,1313.54,22132.98,50,7,1,"","agencia"
en_world,"anchor shipping agencies",AGENCIA,GENERICA,SERVICIO,30,LOW,6,0.00,0.00,0.00,-31,2,1,"","agencia"
en_world,"anjani shipping agency",AGENCIA,COMERCIAL,SERVICIO,30,LOW,4,9024.79,0.00,0.00,-19,11,1,"","agencia"
en_world,"as shipping agencies",AGENCIA,GENERICA,SERVICIO,30,LOW,0,0.00,0.00,0.00,54,6,1,"","agencia url:lethagencies.com"
en_world,"bar orient shipping agency",AGENCIA,COMERCIAL,SERVICIO,30,LOW,1,0.00,0.00,0.00,-26,10,1,"","agencia"
en_world,"barwil shipping",OTRO,GENERICA,REVISAR,30,LOW,2,0.00,0.00,0.00,8,1,1,"","agencia"
en_world,"bsm maritime agency",AGENCIA,COMERCIAL,SERVICIO,30,LOW,0,0.00,0.00,0.00,63,6,1,"","agencia"
en_world,"caravan cargo agency tracking",AGENCIA,COMERCIAL,SERVICIO,30,LOW,2,12982.88,0.00,0.00,154,5,1,"","agencia"
en_world,"carpenters shipping agency",AGENCIA,COMERCIAL,SERVICIO,30,LOW,0,0.00,0.00,0.00,17,7,1,"","agencia"
en_world,"casper port agency",AGENCIA,COMERCIAL,SERVICIO,30,LOW,0,0.00,0.00,0.00,-29,5,1,"","agencia"
en_world,"chakiat logistics",OTRO,GENERICA,REVISAR,30,LOW,2,0.00,0.00,0.00,16,5,1,"","agencia"
en_world,"cmi manning agency",FUERA,COMERCIAL,EXCLUIR,30,LOW,0,0.00,0.00,0.00,-6,4,1,"","agencia"
en_world,"crossworld maritime agency",CONQUEST,NAVEGACIONAL,CONQUEST,30,LOW,3,0.00,0.00,0.00,1,3,1,"","agencia"
en_world,"diamond shipping agency",AGENCIA,COMERCIAL,SERVICIO,30,LOW,0,0.00,0.00,0.00,-16,10,1,"","agencia"
en_world,"em a shipping agencies",AGENCIA,GENERICA,SERVICIO,30,LOW,3,0.00,0.00,0.00,-16,12,1,"","agencia"
en_world,"epsilon manning agency",FUERA,COMERCIAL,EXCLUIR,30,LOW,3,0.00,0.00,0.00,-11,9,1,"","agencia"
en_world,"fast clearing & forwarding agency",FUERA,COMERCIAL,EXCLUIR,30,LOW,3,0.00,0.00,0.00,109,4,1,"","agencia"
en_world,"glory shipping agency corp",AGENCIA,COMERCIAL,SERVICIO,30,LOW,2,0.00,0.00,0.00,18,3,1,"","agencia"
en_world,"golden orient ship management and agencies inc",AGENCIA,GENERICA,SERVICIO,30,LOW,0,0.00,0.00,0.00,-11,10,1,"","agencia"
en_world,"great circle shipping agency limited",AGENCIA,COMERCIAL,SERVICIO,30,LOW,0,0.00,0.00,0.00,11,3,1,"","agencia"
en_world,"intermodal shipping agency",AGENCIA,COMERCIAL,SERVICIO,30,LOW,1,0.00,0.00,0.00,53,1,1,"","agencia"
en_world,"international forwarding agency",FUERA,COMERCIAL,EXCLUIR,30,LOW,5,0.00,0.00,0.00,70,12,1,"","agencia"
en_world,"jphil shipping agency",AGENCIA,COMERCIAL,SERVICIO,30,LOW,1,0.00,0.00,0.00,-24,9,1,"","agencia"
en_world,"juc maritime agency",AGENCIA,COMERCIAL,SERVICIO,30,LOW,2,0.00,0.00,0.00,20,1,1,"","agencia"
en_world,"jyothi shipping agencies",AGENCIA,GENERICA,SERVICIO,30,LOW,0,0.00,0.00,0.00,-8,10,1,"","agencia"
en_world,"kanoo shipping tracking",OTRO,GENERICA,REVISAR,30,LOW,2,0.00,0.00,0.00,7,12,1,"","agencia"
en_world,"licensed manning agency",FUERA,COMERCIAL,EXCLUIR,30,LOW,0,0.00,0.00,0.00,-8,7,1,"","agencia"
en_world,"list of poea shipping agency",AGENCIA,COMERCIAL,SERVICIO,30,LOW,4,0.00,0.00,0.00,-58,9,1,"","agencia"
en_world,"marine shipping agency",AGENCIA,COMERCIAL,SERVICIO,30,LOW,13,0.00,2330.41,5467.78,11,9,1,"","agencia url:gac.com url:orcashipsagents.com"
en_world,"maxicon shipping agencies container tracking",AGENCIA,GENERICA,SERVICIO,30,LOW,8,47.98,0.00,0.00,200,3,1,"","agencia"
en_world,"mediterranean shipping agency",AGENCIA,COMERCIAL,SERVICIO,30,LOW,6,0.00,0.00,0.00,-16,2,1,"","agencia"
en_world,"merchant navy placement company",OTRO,COMERCIAL,REVISAR,30,LOW,6,74.57,0.00,0.00,-70,9,1,"","agencia"
en_world,"mr shipping agency",AGENCIA,COMERCIAL,SERVICIO,30,LOW,1,3203.05,0.00,0.00,60,1,1,"","agencia"
en_world,"national clearing and forwarding agency",FUERA,COMERCIAL,EXCLUIR,30,LOW,1,0.00,0.00,0.00,-18,10,1,"","agencia"
en_world,"nvocc agency",FUERA,COMERCIAL,EXCLUIR,30,LOW,24,119413.02,2482.21,44831.44,-28,3,1,"","agencia"
en_world,"ocean and general maritime agencies ltd",AGENCIA,INFORMACIONAL,BLOG_CORE,30,LOW,5,10518.43,0.00,0.00,-21,3,1,"","agencia"
en_world,"poea accredited shipping agency",AGENCIA,COMERCIAL,SERVICIO,30,LOW,1,0.00,0.00,0.00,-31,3,1,"","agencia"
en_world,"poea list of shipping company",CONSULT,COMERCIAL,SERVICIO,30,LOW,2,0.00,0.00,0.00,20,2,1,"","agencia"
en_world,"poea registered shipping agency",AGENCIA,COMERCIAL,SERVICIO,30,LOW,1,0.00,0.00,0.00,-31,3,1,"","agencia"
en_world,"poea shipping agency",AGENCIA,COMERCIAL,SERVICIO,30,LOW,1,0.00,0.00,0.00,-31,3,1,"","agencia"
en_world,"portlimits shipping agency corp",AGENCIA,COMERCIAL,SERVICIO,30,LOW,0,0.00,0.00,0.00,-21,9,1,"","agencia"
en_world,"poseidon crewing agency",AGENCIA,COMERCIAL,SERVICIO,30,LOW,5,8790.97,0.00,0.00,47,2,1,"","agencia"
en_world,"seven seas shipping agency",AGENCIA,COMERCIAL,SERVICIO,30,LOW,5,0.00,0.00,0.00,-2,5,1,"","agencia"
en_world,"ship manning companies",OTRO,GENERICA,REVISAR,30,LOW,11,1466.82,0.00,0.00,-34,3,1,"","agencia"
en_world,"shipping forwarding agent",AGENCIA,COMERCIAL,SERVICIO,30,MEDIUM,35,21974.60,8701.26,28515.89,-63,2,1,"","agencia"
en_world,"sin chiao shipping agency pte ltd",AGENCIA,COMERCIAL,SERVICIO,30,LOW,2,0.00,0.00,0.00,83,7,1,"","agencia"
en_world,"socar shipping tracking",OTRO,GENERICA,EXCLUIR,30,LOW,0,0.00,0.00,0.00,40,4,1,"","agencia"
en_world,"united arab shipping agency company",AGENCIA,COMERCIAL,SERVICIO,30,LOW,4,196117.99,0.00,0.00,-35,3,1,"","agencia"
en_world,"united marine agencies tracking",AGENCIA,GENERICA,SERVICIO,30,LOW,3,0.00,0.00,0.00,-29,4,1,"","agencia"
en_world,"ups shipping agency",AGENCIA,COMERCIAL,EXCLUIR,30,MEDIUM,52,17321.70,1767.72,18785.53,-14,11,1,"","agencia"
en_world,"v ship manning agency",AGENCIA,COMERCIAL,SERVICIO,30,LOW,0,0.00,0.00,0.00,-8,10,1,"","agencia"
en_world,"vessel agency services",AGENCIA,COMERCIAL,SERVICIO,30,LOW,8,0.00,0.00,0.00,-48,1,1,"","agencia url:adimarships.com url:gac.com url:lethagencies.com url:orcashipsagents.com"
en_world,"vessel boarding agent",AGENCIA,COMERCIAL,SERVICIO,30,LOW,2,0.00,0.00,0.00,-8,9,1,"","agencia"
en_world,"vessel husbandry services",AGENCIA,COMERCIAL,SERVICIO,30,LOW,6,0.00,0.00,0.00,-50,12,1,"","agencia url:adimarships.com url:orcashipsagents.com"
en_world,"wah kwong maritime agency company limited",AGENCIA,COMERCIAL,SERVICIO,30,LOW,0,0.00,0.00,0.00,42,6,1,"","agencia"
en_world,"wbl shipping agency",AGENCIA,COMERCIAL,SERVICIO,30,LOW,23,0.00,2136.11,7628.22,-32,4,1,"","agencia"
en_world,"world maritime agency",AGENCIA,COMERCIAL,SERVICIO,30,LOW,0,0.00,0.00,0.00,5,5,1,"","agencia"
en_world,"yialos shipping company",CONSULT,COMERCIAL,SERVICIO,30,LOW,0,0.00,0.00,0.00,33,1,1,"","agencia"
en_world,"on hire bunker survey",BUNKER,GENERICA,SERVICIO,30,LOW,6,7421.53,0.00,0.00,-28,5,1,"","bunker survey"
en_world,"off hire bunker survey",BUNKER,GENERICA,SERVICIO,30,LOW,2,0.00,0.00,0.00,-17,4,1,"","bunker survey"
en_world,"bunker delivery note sample pdf",BUNKER,GENERICA,EXCLUIR,30,LOW,0,0.00,0.00,0.00,-29,10,1,"","bunker"
en_world,"off hire survey",SURVEY,GENERICA,SERVICIO,30,LOW,6,0.00,0.00,0.00,-34,5,1,"","bunker survey"
en_world,"lashing survey",FUERA,GENERICA,EXCLUIR,30,LOW,1,0.00,0.00,0.00,-8,7,1,"","survey"
en_world,"ism lead auditor",SURVEY,GENERICA,SERVICIO,30,LOW,16,17773.38,3917.51,15959.89,-19,3,1,"","survey"
en_world,"isps auditor",FUERA,GENERICA,EXCLUIR,30,LOW,4,20379.79,0.00,0.00,-26,10,1,"","survey"
en_world,"off hire vessel",OTRO,GENERICA,REVISAR,30,LOW,1,0.00,0.00,0.00,-44,9,1,"","survey"
en_world,"petroleum inspection companies",SURVEY,GENERICA,SERVICIO,30,LOW,23,9567.67,0.00,0.00,-24,3,1,"","survey_2"
en_world,"mws marine",OTRO,GENERICA,REVISAR,30,LOW,2,0.00,0.00,0.00,-14,10,1,"","survey_2"
en_world,"petroleum and gas inspectorate",SURVEY,COMERCIAL,SERVICIO,30,LOW,0,0.00,0.00,0.00,-35,9,1,"","survey_2"
en_world,"marine insurance adjuster",CLAIMS,GENERICA,SERVICIO,30,LOW,11,605805.25,0.00,0.00,-45,2,1,"","claims"
en_world,"geico marine claims",CLAIMS,GENERICA,SERVICIO,30,LOW,4,0.00,0.00,0.00,-16,10,1,"","claims"
en_world,"air canada cargo claims",CLAIMS,GENERICA,SERVICIO,30,LOW,1,0.00,0.00,0.00,9,7,1,"","claims"
en_world,"carco claims",FUERA,GENERICA,EXCLUIR,30,LOW,2,0.00,0.00,0.00,-19,3,1,"","claims"
en_world,"cargo damage claim",CLAIMS,GENERICA,SERVICIO,30,LOW,4,0.00,0.00,0.00,-44,4,1,"","claims"
en_world,"carmack amendment freight claims",FUERA,GENERICA,EXCLUIR,30,LOW,0,0.00,0.00,0.00,-43,10,1,"","claims"
en_world,"concealed damage freight claims",FUERA,GENERICA,EXCLUIR,30,LOW,5,0.00,0.00,0.00,-3,2,1,"","claims"
en_world,"klm cargo claim",CLAIMS,GENERICA,SERVICIO,30,LOW,3,0.00,0.00,0.00,23,6,1,"","claims"
en_world,"marine insurance claims association",CLAIMS,GENERICA,SERVICIO,30,LOW,0,0.00,0.00,0.00,1,9,2,"marine and insurance claims association","claims"
en_world,"marine loss adjuster",CLAIMS,GENERICA,SERVICIO,30,LOW,6,73811.44,0.00,0.00,-36,12,1,"","claims"
en_world,"ship to ship lng bunkering",BUNKER,GENERICA,SERVICIO,30,LOW,2,0.00,0.00,0.00,17,12,1,"","offshore_sts"
en_world,"charter ship broker",CONSULT,COMERCIAL,SERVICIO,30,LOW,10,11887.85,2255.22,9570.07,-13,1,2,"ship charter brokers","consultoria url:orcashipsagents.com"
en_world,"chartering and brokering",CONSULT,COMERCIAL,SERVICIO,30,LOW,12,6383.40,3447.63,7420.41,-20,1,1,"","consultoria url:orcashipsagents.com"
en_world,"independent maritime consulting llc",CONSULT,INFORMACIONAL,BLOG_CORE,30,LOW,2,0.00,0.00,0.00,-19,4,1,"","consultoria"
en_world,"marine consulting companies",CONSULT,GENERICA,SERVICIO,30,MEDIUM,45,9062.41,1758.38,8160.71,-54,2,1,"","consultoria"
en_world,"panama shipping agency",AGENCIA,COMERCIAL,SERVICIO_PANAMA,30,LOW,12,0.00,0.00,0.00,-11,3,1,"","consultoria conquest url:adimarships.com url:gac.com url:lethagencies.com url:orcashipsagents.com"
en_world,"panama city panama cruise port",OTRO,COMERCIAL,EXCLUIR,30,LOW,8,0.00,0.00,0.00,-57,1,1,"","info url:orcashipsagents.com"
en_world,"agua clara visitor center panama canal",INFO_CANAL,INFORMACIONAL,EXCLUIR,30,LOW,1,325.84,0.00,0.00,49,7,1,"","info"
en_world,"cocoli locks panama",INFO_CANAL,INFORMACIONAL,BLOG_GENERAL,30,LOW,4,0.00,0.00,0.00,75,4,1,"","info"
en_world,"cocoli locks panama canal",INFO_CANAL,INFORMACIONAL,BLOG_GENERAL,30,LOW,1,0.00,0.00,0.00,58,1,1,"","info"
en_world,"expansion del canal de panama",INFO_CANAL,INFORMACIONAL,BLOG_GENERAL,30,LOW,0,0.00,0.00,0.00,-64,2,1,"","info"
en_world,"neo panama canal",INFO_CANAL,INFORMACIONAL,BLOG_GENERAL,30,LOW,0,0.00,0.00,0.00,-6,3,1,"","info"
en_world,"panama canal crossing time",INFO_CANAL,INFORMACIONAL,BLOG_GENERAL,30,LOW,0,0.00,0.00,0.00,-23,1,1,"","info"
en_world,"panama canal lift",INFO_CANAL,INFORMACIONAL,BLOG_GENERAL,30,LOW,0,0.00,0.00,0.00,-30,1,1,"","info"
en_world,"panama maritime authority english",INFO_CANAL,INFORMACIONAL,BLOG_CORE,30,LOW,3,2070.89,0.00,0.00,35,1,1,"","info"
en_world,"panama port of registry",INFO_CANAL,INFORMACIONAL,BLOG_CORE,30,LOW,0,0.00,0.00,0.00,-19,9,2,"port of registry panama","info"
en_world,"pedro miguel locks panama canal",INFO_CANAL,INFORMACIONAL,BLOG_GENERAL,30,LOW,1,0.00,0.00,0.00,-33,3,1,"","info"
en_world,"the panama canal expansion project",INFO_CANAL,INFORMACIONAL,BLOG_GENERAL,30,LOW,2,0.00,0.00,0.00,-63,1,1,"","info"
en_world,"panama canal ships per day",INFO_CANAL,INFORMACIONAL,BLOG_CORE,30,LOW,0,0.00,0.00,0.00,-53,1,1,"","info_2 url:adimarships.com url:panamashipservice.com"
en_world,"panama canal fees for container ships",INFO_CANAL,INFORMACIONAL,BLOG_CORE,30,LOW,2,0.00,0.00,0.00,-87,12,1,"","info_2 url:orcashipsagents.com"
en_world,"panama ship service",CONQUEST,NAVEGACIONAL,CONQUEST,30,LOW,6,0.00,0.00,0.00,-15,4,1,"","conquest url:adimarships.com url:panamashipservice.com url:gac.com url:lethagencies.com url:orcashipsagents.com"
en_world,"cosco shipping lines panama",OTRO,COMERCIAL,REVISAR,30,LOW,2,0.00,0.00,0.00,95,3,1,"","conquest"
en_world,"ship panama canal",INFO_CANAL,INFORMACIONAL,BLOG_GENERAL,30,LOW,7,6030.33,0.00,0.00,-65,2,2,"ships panama canal","url:panamashipservice.com url:gac.com url:lethagencies.com"
en_world,"panama canal in",INFO_CANAL,INFORMACIONAL,BLOG_GENERAL,30,LOW,1,0.00,0.00,0.00,5,1,1,"","url:adimarships.com url:panamashipservice.com url:gac.com url:lethagencies.com url:orcashipsagents.com"
en_world,"ships in panama canal today",INFO_CANAL,INFORMACIONAL,BLOG_GENERAL,30,LOW,0,0.00,0.00,0.00,-40,1,1,"","url:adimarships.com url:panamashipservice.com url:orcashipsagents.com"
en_world,"ships and shipping",OTRO,GENERICA,REVISAR,30,LOW,11,0.00,0.00,0.00,-5,9,1,"","url:adimarships.com url:orcashipsagents.com"
en_world,"the shipping industry",OTRO,GENERICA,REVISAR,30,LOW,10,0.00,0.00,0.00,-27,10,1,"","url:adimarships.com url:panamashipservice.com url:lethagencies.com"
en_world,"the panama canal today",INFO_CANAL,INFORMACIONAL,BLOG_GENERAL,30,LOW,0,0.00,0.00,0.00,23,1,1,"","url:adimarships.com"
en_world,"ship email address",OTRO,GENERICA,REVISAR,30,LOW,0,0.00,0.00,0.00,-41,7,1,"","url:adimarships.com"
en_world,"all about ship",OTRO,GENERICA,REVISAR,30,LOW,2,0.00,0.00,0.00,17,2,1,"","url:adimarships.com url:panamashipservice.com url:orcashipsagents.com"
en_world,"panama canal opening hours",INFO_CANAL,INFORMACIONAL,BLOG_GENERAL,30,LOW,18,0.00,807.88,2766.12,20,12,1,"","url:adimarships.com url:lethagencies.com url:orcashipsagents.com"
en_world,"marine ship repair company",OTRO,COMERCIAL,REVISAR,30,LOW,14,0.00,0.00,0.00,-56,3,1,"","url:panamashipservice.com"
en_world,"ship supply services",OTRO,COMERCIAL,REVISAR,30,LOW,6,4294.26,0.00,0.00,-55,3,1,"","url:panamashipservice.com url:gac.com url:lethagencies.com"
en_world,"marine and services",OTRO,COMERCIAL,REVISAR,30,LOW,0,0.00,0.00,0.00,-47,9,1,"","url:panamashipservice.com url:24marine.com"
en_world,"panama class ship",OTRO,COMERCIAL,REVISAR,30,LOW,0,0.00,0.00,0.00,-19,3,1,"","url:panamashipservice.com"
en_world,"bunker cost shipping",BUNKER,INFORMACIONAL,BLOG_CORE,30,LOW,3,0.00,0.00,0.00,63,3,1,"","url:panamashipservice.com"
en_world,"cost of one ship",OTRO,INFORMACIONAL,REVISAR,30,LOW,0,0.00,0.00,0.00,2,3,1,"","url:panamashipservice.com"
en_world,"shipment and shipping",OTRO,GENERICA,REVISAR,30,LOW,11,0.00,0.00,0.00,-5,9,1,"","url:panamashipservice.com"
en_world,"vessel requirements",OTRO,INFORMACIONAL,REVISAR,30,LOW,2,3413.07,0.00,0.00,-26,2,1,"","url:panamashipservice.com"
en_world,"ship from top",OTRO,GENERICA,REVISAR,30,LOW,0,0.00,0.00,0.00,3,10,1,"","url:panamashipservice.com"
en_world,"shipping company logistics",CONSULT,COMERCIAL,SERVICIO,30,LOW,29,8740.38,4072.74,14343.06,-81,3,1,"","url:gac.com"
en_world,"supply chain management in shipping industry",OTRO,GENERICA,REVISAR,30,LOW,32,0.00,1980.77,33799.35,-43,3,1,"","url:gac.com"
en_world,"gac contact",CONQUEST,NAVEGACIONAL,CONQUEST,30,LOW,5,10028.04,0.00,0.00,39,1,1,"","url:gac.com"
en_world,"gac marine logistics",CONQUEST,NAVEGACIONAL,CONQUEST,30,LOW,11,18474.35,2057.52,17640.52,43,5,1,"","url:gac.com"
en_world,"safe shipping services",OTRO,COMERCIAL,EXCLUIR,30,LOW,25,39528.84,19391.51,2602510.04,57,6,1,"","url:gac.com"
en_world,"gac logistics bahrain",CONQUEST,NAVEGACIONAL,CONQUEST,30,LOW,2,922.72,0.00,0.00,30,2,1,"","url:gac.com"
en_world,"gac shipping india",CONQUEST,NAVEGACIONAL,CONQUEST,30,LOW,10,3156.84,0.00,0.00,9,3,1,"","url:gac.com"
en_world,"gac support",CONQUEST,NAVEGACIONAL,CONQUEST,30,LOW,0,0.00,0.00,0.00,50,1,1,"","url:gac.com"
en_world,"marine services saudi arabia",OTRO,COMERCIAL,REVISAR,30,LOW,18,4360.07,1297.57,3201.82,28,4,1,"","url:gac.com"
en_world,"shipping companies global",OTRO,GENERICA,REVISAR,30,LOW,22,51993.55,974.96,39425.64,-13,3,1,"","url:gac.com"
en_world,"panama authority",INFO_CANAL,INFORMACIONAL,BLOG_CORE,30,LOW,0,0.00,0.00,0.00,-47,9,1,"","url:lethagencies.com url:orcashipsagents.com"
en_world,"port shipping company",CONSULT,COMERCIAL,SERVICIO,30,LOW,18,0.00,2269.93,46308.60,-16,10,1,"","url:lethagencies.com"
en_world,"inchcape shipping services contact",CONQUEST,NAVEGACIONAL,EXCLUIR,30,LOW,5,0.00,0.00,0.00,-33,1,1,"","url:lethagencies.com"
en_world,"anchorage shipping companies",OTRO,GENERICA,REVISAR,30,MEDIUM,43,18813.28,5848.98,49247.45,-27,1,1,"","url:lethagencies.com"
en_world,"suez canal singapore",INFO_CANAL,INFORMACIONAL,EXCLUIR,30,LOW,0,0.00,0.00,0.00,-14,9,1,"","url:lethagencies.com"
en_world,"inchcape shipping services egypt",CONQUEST,NAVEGACIONAL,EXCLUIR,30,LOW,8,0.00,0.00,0.00,-21,7,1,"","url:lethagencies.com"
en_world,"international shipping agencies",AGENCIA,GENERICA,SERVICIO,30,MEDIUM,45,11397.27,1811.12,13109.53,-18,1,1,"","url:orcashipsagents.com"
en_world,"panama canal cargo ship",INFO_CANAL,INFORMACIONAL,EXCLUIR,30,LOW,0,0.00,0.00,0.00,34,3,1,"","url:orcashipsagents.com"
en_world,"amador cruise terminal panama",OTRO,COMERCIAL,EXCLUIR,30,LOW,1,0.00,0.00,0.00,34,3,1,"","url:orcashipsagents.com"
en_world,"ships going through panama canal",INFO_CANAL,INFORMACIONAL,BLOG_GENERAL,30,LOW,5,1575.61,0.00,0.00,63,3,1,"","url:orcashipsagents.com"
en_world,"panama canal official website",INFO_CANAL,INFORMACIONAL,BLOG_GENERAL,30,LOW,10,3184.55,1156.06,3784.65,-14,2,1,"","url:orcashipsagents.com"
en_world,"panama canal regulations latest edition",INFO_CANAL,INFORMACIONAL,BLOG_CORE,30,LOW,0,0.00,0.00,0.00,42,3,1,"","url:orcashipsagents.com"
en_world,"panama canal record",INFO_CANAL,INFORMACIONAL,BLOG_GENERAL,30,LOW,0,0.00,0.00,0.00,-19,2,1,"","url:orcashipsagents.com"
en_world,"kinds of ship vessel",OTRO,GENERICA,REVISAR,30,LOW,0,0.00,0.00,0.00,-39,4,1,"","url:orcashipsagents.com"
en_world,"about cargo ship",OTRO,GENERICA,EXCLUIR,30,LOW,1,0.00,0.00,0.00,-31,2,1,"","url:orcashipsagents.com"
en_world,"ships in the port",OTRO,GENERICA,REVISAR,30,LOW,1,0.00,0.00,0.00,-38,3,1,"","url:orcashipsagents.com"
en_world,"shipping matters",OTRO,GENERICA,REVISAR,30,LOW,2,3187.86,0.00,0.00,-26,1,1,"","url:orcashipsagents.com"
en_world,"maritime inc",OTRO,INFORMACIONAL,REVISAR,30,LOW,2,0.00,0.00,0.00,-33,6,1,"","url:orcashipsagents.com"
en_world,"difference between shipping line and freight forwarder",OTRO,GENERICA,EXCLUIR,30,LOW,0,0.00,0.00,0.00,-19,10,1,"","url:orcashipsagents.com"
en_world,"international ship supply",OTRO,GENERICA,EXCLUIR,30,LOW,7,0.00,0.00,0.00,-5,1,1,"","url:orcashipsagents.com"
en_world,"marine ship chandlers",CONSULT,COMERCIAL,SERVICIO,30,LOW,9,3587.12,0.00,0.00,-27,11,1,"","url:orcashipsagents.com"
en_world,"container ship ship",OTRO,GENERICA,EXCLUIR,30,MEDIUM,34,27229.99,5636.01,27599.23,-41,10,1,"","url:orcashipsagents.com"
en_world,"ship brokering services",CONSULT,COMERCIAL,SERVICIO,30,LOW,31,96371.48,18787.48,113967.23,-42,9,1,"","url:orcashipsagents.com"
en_world,"container ship carrying container ships",OTRO,GENERICA,EXCLUIR,30,LOW,0,0.00,0.00,0.00,-18,1,1,"","url:orcashipsagents.com"
en_world,"local vessel",OTRO,GENERICA,REVISAR,30,LOW,0,0.00,0.00,0.00,-29,4,1,"","url:orcashipsagents.com"
en_world,"marine chartering services",CONSULT,COMERCIAL,SERVICIO,30,LOW,8,0.00,0.00,0.00,-48,5,1,"","url:orcashipsagents.com"
en_world,"marine surveyor certification courses",SURVEY,COMERCIAL,EXCLUIR,30,LOW,18,1056.30,310.15,22317.78,-16,3,1,"","url:24marine.com"
en_world,"marine surveyor insurance",SURVEY,COMERCIAL,SERVICIO,30,MEDIUM,54,82388.57,17613.39,102603.51,-24,9,1,"","url:24marine.com"
en_world,"marine company in usa",OTRO,COMERCIAL,REVISAR,30,MEDIUM,43,9642.61,3258.19,14317.24,-57,10,1,"","url:24marine.com"
en_world,"sailboat surveyor near me",SURVEY,COMERCIAL,SERVICIO,30,MEDIUM,35,15745.49,3598.71,32895.19,-24,9,1,"","url:24marine.com"
en_world,"maritime expert witness",OTRO,INFORMACIONAL,REVISAR,30,LOW,32,31122.79,5544.52,25544.68,-47,3,1,"","url:24marine.com"
en_world,"marine and cargo surveyor",SURVEY,COMERCIAL,SERVICIO,30,LOW,11,0.00,2035.38,5568.12,-19,2,1,"","url:24marine.com"
en_world,"marine expert witness",OTRO,GENERICA,REVISAR,30,LOW,4,37942.18,0.00,0.00,-45,3,1,"","url:24marine.com"
en_world,"marine 3d",OTRO,GENERICA,REVISAR,30,LOW,0,0.00,0.00,0.00,-6,9,1,"","url:24marine.com"
en_world,"close marine",OTRO,GENERICA,REVISAR,30,LOW,12,0.00,0.00,0.00,-14,7,1,"","url:24marine.com"
en_world,"inspector marine",SURVEY,COMERCIAL,SERVICIO,30,LOW,14,10038.36,5553.79,47530.17,-8,1,1,"","url:24marine.com"
en_world,"international marine surveyors",SURVEY,COMERCIAL,SERVICIO,30,LOW,22,3920.92,1613.82,3830.33,-32,3,1,"","url:24marine.com"
en_world,"marine and mechanical engineering",OTRO,GENERICA,REVISAR,30,LOW,18,0.00,2745.51,25672.40,18,1,1,"","url:24marine.com"
en_world,"maritime search",OTRO,INFORMACIONAL,REVISAR,30,LOW,1,0.00,0.00,0.00,-11,4,1,"","url:24marine.com"
en_world,"vessel found",OTRO,GENERICA,REVISAR,30,LOW,2,855.62,0.00,0.00,18,5,1,"","url:24marine.com"
en_world,"with marine vessel",OTRO,GENERICA,REVISAR,30,LOW,0,0.00,0.00,0.00,-11,3,1,"","url:24marine.com"
en_world,"home marketing agency",FUERA,COMERCIAL,EXCLUIR,30,LOW,24,0.00,0.00,0.00,36,9,1,"","url:crossworldagency.com"
en_world,"agency and company",FUERA,COMERCIAL,EXCLUIR,30,LOW,3,0.00,0.00,0.00,-6,4,1,"","url:crossworldagency.com"
en_world,"also agency",FUERA,COMERCIAL,EXCLUIR,30,LOW,2,0.00,0.00,0.00,45,1,1,"","url:crossworldagency.com"
en_world,"marketing agency in the world",FUERA,COMERCIAL,EXCLUIR,30,LOW,14,22275.39,5163.24,34462.68,-25,2,1,"","url:crossworldagency.com"
en_world,"marketing cross",OTRO,GENERICA,EXCLUIR,30,LOW,2,0.00,0.00,0.00,-37,6,1,"","url:crossworldagency.com"
en_world,"marketing agency what is it",FUERA,COMERCIAL,EXCLUIR,30,LOW,1,0.00,0.00,0.00,-15,1,1,"","url:crossworldagency.com"
en_world,"our agencies",FUERA,GENERICA,EXCLUIR,30,LOW,6,2228.39,0.00,0.00,-18,9,1,"","url:crossworldagency.com"
en_world,"marketing al",OTRO,GENERICA,EXCLUIR,30,LOW,17,3507.57,1354.28,6134.22,-31,2,1,"","url:crossworldagency.com"
en_world,"marketing holding",OTRO,GENERICA,EXCLUIR,30,LOW,12,0.00,0.00,0.00,-31,10,1,"","url:crossworldagency.com"
en_world,"local shipping agent",AGENCIA,COMERCIAL,SERVICIO,20,MEDIUM,48,7480.53,2686.22,27343.90,-16,4,1,"","agencia url:adimarships.com url:gac.com url:lethagencies.com"
en_world,"freight shipping agent",AGENCIA,COMERCIAL,SERVICIO,20,LOW,0,0.00,0.00,0.00,-64,4,1,"","agencia"
en_world,"global delivery agency",FUERA,COMERCIAL,EXCLUIR,20,MEDIUM,48,0.00,2662.94,24002.80,-41,9,1,"","agencia"
en_world,"shipping agent korea",AGENCIA,COMERCIAL,SERVICIO,20,MEDIUM,51,3700.53,2171.76,9325.38,-45,6,1,"","agencia"
en_world,"aegean shipping agency",AGENCIA,COMERCIAL,SERVICIO,20,LOW,4,0.00,0.00,0.00,-8,4,1,"","agencia"
en_world,"afex shipping agency",AGENCIA,COMERCIAL,SERVICIO,20,LOW,8,0.00,0.00,0.00,-21,7,1,"","agencia"
en_world,"alfa shipping agencies",AGENCIA,GENERICA,SERVICIO,20,LOW,6,0.00,0.00,0.00,25,11,1,"","agencia"
en_world,"all fast shipping agency",AGENCIA,COMERCIAL,SERVICIO,20,LOW,25,71837.66,0.00,0.00,-40,1,1,"","agencia"
en_world,"anchor swire shipping agency",AGENCIA,COMERCIAL,SERVICIO,20,LOW,4,0.00,0.00,0.00,78,3,1,"","agencia"
en_world,"apa itu shipping agency",AGENCIA,COMERCIAL,SERVICIO,20,LOW,0,0.00,0.00,0.00,3,1,1,"","agencia url:adimarships.com url:orcashipsagents.com"
en_world,"asaker marine & shipping agency",AGENCIA,COMERCIAL,SERVICIO,20,LOW,4,0.00,0.00,0.00,-23,1,1,"","agencia"
en_world,"barwil agencies",FUERA,GENERICA,EXCLUIR,20,LOW,6,0.00,0.00,0.00,-45,9,1,"","agencia"
en_world,"best shipping agency",AGENCIA,COMERCIAL,SERVICIO,20,LOW,32,7394.09,462.72,11368.86,-33,5,1,"","agencia url:adimarships.com"
en_world,"boskalis crewing",OTRO,GENERICA,REVISAR,20,LOW,8,0.00,0.00,0.00,-16,1,1,"","agencia"
en_world,"brilliant shipping agency",AGENCIA,COMERCIAL,SERVICIO,20,LOW,3,0.00,0.00,0.00,16,1,1,"","agencia"
en_world,"cambiaso risso shipping agency",AGENCIA,COMERCIAL,SERVICIO,20,LOW,0,0.00,0.00,0.00,-27,9,1,"","agencia"
en_world,"china merchants ocean shipping agency",AGENCIA,COMERCIAL,SERVICIO,20,LOW,4,0.00,0.00,0.00,92,3,1,"","agencia"
en_world,"consolidated shipping agencies",AGENCIA,GENERICA,SERVICIO,20,LOW,6,5645.42,0.00,0.00,-1,2,1,"","agencia"
en_world,"cosco shipping agency",AGENCIA,COMERCIAL,SERVICIO,20,LOW,6,0.00,0.00,0.00,-8,6,1,"","agencia"
en_world,"deep shipping agency",AGENCIA,COMERCIAL,SERVICIO,20,LOW,1,0.00,0.00,0.00,5,1,1,"","agencia"
en_world,"diamond h marine shipping agency",AGENCIA,COMERCIAL,SERVICIO,20,LOW,0,0.00,0.00,0.00,-35,1,1,"","agencia"
en_world,"dta ship agency llc",AGENCIA,COMERCIAL,SERVICIO,20,LOW,6,0.00,0.00,0.00,-54,1,1,"","agencia"
en_world,"efnav shipping",OTRO,GENERICA,REVISAR,20,LOW,7,6112.22,0.00,0.00,0,10,1,"","agencia"
en_world,"eternity shipping agencies ltd",AGENCIA,GENERICA,SERVICIO,20,LOW,13,0.00,0.00,0.00,-8,1,1,"","agencia"
en_world,"euromar shipping agency",AGENCIA,COMERCIAL,SERVICIO,20,LOW,7,0.00,0.00,0.00,-21,11,1,"","agencia"
en_world,"evergreen shipping agency container tracking",AGENCIA,COMERCIAL,SERVICIO,20,LOW,2,0.00,0.00,0.00,28,3,1,"","agencia"
en_world,"first shipping agency",AGENCIA,COMERCIAL,SERVICIO,20,LOW,1,0.00,0.00,0.00,30,1,1,"","agencia"
en_world,"global container agency",AGENCIA,COMERCIAL,SERVICIO,20,LOW,7,0.00,0.00,0.00,-20,6,1,"","agencia"
en_world,"global maritime agency ltd",AGENCIA,COMERCIAL,SERVICIO,20,LOW,1,0.00,0.00,0.00,38,2,1,"","agencia"
en_world,"global vision shipping agencies",AGENCIA,GENERICA,SERVICIO,20,LOW,10,0.00,0.00,0.00,53,3,1,"","agencia"
en_world,"green port shipping agency",AGENCIA,COMERCIAL,SERVICIO,20,LOW,8,0.00,0.00,0.00,-57,9,1,"","agencia"
en_world,"hellas shipping agencies ltd",AGENCIA,GENERICA,SERVICIO,20,LOW,6,3286.00,0.00,0.00,24,9,1,"","agencia"
en_world,"hellenic shipping agency",AGENCIA,COMERCIAL,SERVICIO,20,LOW,6,0.00,0.00,0.00,-8,9,1,"","agencia"
en_world,"hoopad darya shipping agency",AGENCIA,COMERCIAL,SERVICIO,20,LOW,2,0.00,0.00,0.00,-4,3,1,"","agencia"
en_world,"inchcape shipping agency",CONQUEST,NAVEGACIONAL,CONQUEST,20,LOW,2,0.00,0.00,0.00,8,2,1,"","agencia url:lethagencies.com"
en_world,"international maritime and shipping limited",OTRO,INFORMACIONAL,REVISAR,20,LOW,3,0.00,0.00,0.00,32,6,1,"","agencia"
en_world,"iss shipping agency",AGENCIA,COMERCIAL,SERVICIO,20,LOW,2,0.00,0.00,0.00,8,2,1,"","agencia"
en_world,"jnb shipping agencies",AGENCIA,GENERICA,SERVICIO,20,LOW,0,0.00,0.00,0.00,2,1,1,"","agencia"
en_world,"jst forwarding & shipping agency",AGENCIA,COMERCIAL,SERVICIO,20,LOW,0,0.00,0.00,0.00,-39,2,1,"","agencia"
en_world,"kanoo shipping agencies",AGENCIA,GENERICA,SERVICIO,20,LOW,1,0.00,0.00,0.00,-17,1,1,"","agencia"
en_world,"leo shipping agency",AGENCIA,COMERCIAL,SERVICIO,20,LOW,1,0.00,0.00,0.00,-27,9,1,"","agencia"
en_world,"list of maritime agency accredited by poea",AGENCIA,COMERCIAL,SERVICIO,20,LOW,0,0.00,0.00,0.00,-39,9,1,"","agencia"
en_world,"magsaysay shipping agency",AGENCIA,COMERCIAL,SERVICIO,20,LOW,2,0.00,0.00,0.00,-4,1,1,"","agencia"
en_world,"maltrans shipping agencies",AGENCIA,GENERICA,SERVICIO,20,LOW,9,0.00,0.00,0.00,35,7,1,"","agencia"
en_world,"maria shipping agency",AGENCIA,COMERCIAL,SERVICIO,20,LOW,0,0.00,0.00,0.00,28,1,1,"","agencia"
en_world,"marita shipping agency",AGENCIA,COMERCIAL,SERVICIO,20,LOW,1,0.00,0.00,0.00,12,3,1,"","agencia"
en_world,"michael mar shipping agency",AGENCIA,COMERCIAL,SERVICIO,20,LOW,0,0.00,0.00,0.00,12,5,1,"","agencia"
en_world,"monson shipping agency",AGENCIA,COMERCIAL,SERVICIO,20,LOW,0,0.00,0.00,0.00,48,1,1,"","agencia"
en_world,"nadia shipping agencies",AGENCIA,GENERICA,SERVICIO,20,LOW,2,2825.70,0.00,0.00,1,4,1,"","agencia"
en_world,"norseman shipping agency",AGENCIA,COMERCIAL,SERVICIO,20,LOW,0,0.00,0.00,0.00,-16,5,1,"","agencia"
en_world,"ocean wave maritime agency",AGENCIA,COMERCIAL,SERVICIO,20,LOW,1,0.00,0.00,0.00,20,6,1,"","agencia"
en_world,"offshore maritime companies",STS_OFFSHORE,INFORMACIONAL,BLOG_CORE,20,MEDIUM,62,0.00,6203.09,17434.62,-25,2,1,"","agencia"
en_world,"pacific shipping agency",CONQUEST,NAVEGACIONAL,CONQUEST,20,LOW,6,0.00,0.00,0.00,6,10,1,"","agencia"
en_world,"panama canal reservation",INFO_CANAL,INFORMACIONAL,BLOG_CORE,20,MEDIUM,36,5528.34,0.00,0.00,-83,10,1,"","agencia info"
en_world,"pasat crewing agency",AGENCIA,COMERCIAL,SERVICIO,20,LOW,2,0.00,0.00,0.00,108,1,1,"","agencia"
en_world,"pomi shipping agency",AGENCIA,COMERCIAL,SERVICIO,20,LOW,0,0.00,0.00,0.00,13,1,1,"","agencia"
en_world,"premier shipping agencies",AGENCIA,GENERICA,SERVICIO,20,LOW,0,0.00,0.00,0.00,-34,1,1,"","agencia"
en_world,"scandinavian shipping agency",AGENCIA,COMERCIAL,SERVICIO,20,LOW,0,0.00,0.00,0.00,27,4,1,"","agencia"
en_world,"sea marine shipping agencies",AGENCIA,GENERICA,SERVICIO,20,LOW,2,0.00,0.00,0.00,-26,1,1,"","agencia"
en_world,"seabridge liner agencies",FUERA,GENERICA,EXCLUIR,20,LOW,31,0.00,1911.05,3671.87,10,7,1,"","agencia"
en_world,"seafarer shipping agency",AGENCIA,COMERCIAL,SERVICIO,20,LOW,5,0.00,0.00,0.00,48,1,1,"","agencia"
en_world,"seascope shipping agency ltd",AGENCIA,COMERCIAL,SERVICIO,20,LOW,11,5586.66,0.00,0.00,-28,11,1,"","agencia"
en_world,"senwa maritime agency ltd",AGENCIA,COMERCIAL,SERVICIO,20,LOW,1,0.00,0.00,0.00,1,7,1,"","agencia"
en_world,"seven seas shipping agencies ltd",AGENCIA,GENERICA,SERVICIO,20,LOW,0,0.00,0.00,0.00,-46,9,1,"","agencia"
en_world,"sharaf shipping agency ltd",AGENCIA,COMERCIAL,SERVICIO,20,LOW,1,0.00,0.00,0.00,-20,10,1,"","agencia"
en_world,"ship agency services pty ltd",AGENCIA,COMERCIAL,SERVICIO,20,LOW,1,0.00,0.00,0.00,-2,11,1,"","agencia"
en_world,"sk shipping agency",AGENCIA,COMERCIAL,SERVICIO,20,LOW,0,0.00,0.00,0.00,-37,3,1,"","agencia"
en_world,"southbond shipping agency ltd",AGENCIA,COMERCIAL,SERVICIO,20,LOW,0,0.00,0.00,0.00,-27,11,1,"","agencia"
en_world,"starline agencies tracking",FUERA,GENERICA,EXCLUIR,20,LOW,6,47.36,0.00,0.00,-3,6,1,"","agencia"
en_world,"steamship agency",AGENCIA,COMERCIAL,SERVICIO,20,LOW,1,0.00,0.00,0.00,-30,3,1,"","agencia"
en_world,"straits link ship agencies & management pte ltd",AGENCIA,GENERICA,SERVICIO,20,LOW,5,930.55,0.00,0.00,47,7,1,"","agencia"
en_world,"streamline shipping agencies ltd",AGENCIA,GENERICA,SERVICIO,20,LOW,9,0.00,0.00,0.00,8,10,1,"","agencia"
en_world,"tankers vessel agency",AGENCIA,COMERCIAL,SERVICIO,20,LOW,0,0.00,0.00,0.00,3,4,1,"","agencia url:orcashipsagents.com"
en_world,"united liner agency",FUERA,COMERCIAL,EXCLUIR,20,LOW,1,0.00,0.00,0.00,-29,4,1,"","agencia"
en_world,"vikings shipping agency",AGENCIA,COMERCIAL,SERVICIO,20,LOW,1,0.00,0.00,0.00,28,1,1,"","agencia"
en_world,"worldwide delivery agency",FUERA,COMERCIAL,EXCLUIR,20,LOW,21,0.00,0.00,0.00,-1,5,1,"","agencia"
en_world,"panama canal transit agent",AGENCIA,COMERCIAL,SERVICIO_PANAMA,20,LOW,0,0.00,0.00,0.00,83,7,1,"","agencia"
en_world,"bunkering panama",BUNKER,COMERCIAL,SERVICIO_PANAMA,20,LOW,3,3687.90,0.00,0.00,-55,3,1,"","bunker url:orcashipsagents.com"
en_world,"bunker hill marine surveyor",BUNKER,COMERCIAL,SERVICIO,20,LOW,18,16236.78,0.00,0.00,-5,6,1,"","bunker"
en_world,"bqs survey",FUERA,GENERICA,EXCLUIR,20,LOW,1,0.00,0.00,0.00,-8,9,1,"","bunker"
en_world,"bunker detective survey",BUNKER,GENERICA,SERVICIO,20,LOW,4,0.00,0.00,0.00,-29,9,1,"","bunker url:panamashipservice.com"
en_world,"cargo damage survey",SURVEY,GENERICA,SERVICIO,20,LOW,8,0.00,0.00,0.00,27,11,1,"","survey url:24marine.com"
en_world,"ultrasonic hatch cover tester price",SURVEY,INFORMACIONAL,BLOG_CORE,20,LOW,31,5651.88,0.00,0.00,53,3,1,"","survey"
en_world,"air receiver tank test certificate",OTRO,GENERICA,REVISAR,20,LOW,8,0.00,0.00,0.00,-44,4,1,"","survey"
en_world,"cargo safe ultrasonic hatch cover tester",SURVEY,GENERICA,SERVICIO,20,LOW,13,0.00,0.00,0.00,-44,1,1,"","survey"
en_world,"draft survey example",SURVEY,GENERICA,SERVICIO,20,LOW,0,0.00,0.00,0.00,-36,9,1,"","survey"
en_world,"draft survey excel",SURVEY,GENERICA,SERVICIO,20,LOW,0,0.00,0.00,0.00,-25,3,1,"","survey"
en_world,"draft survey of ship",SURVEY,GENERICA,SERVICIO,20,LOW,4,0.00,0.00,0.00,-63,1,1,"","survey url:panamashipservice.com"
en_world,"initial draft survey",SURVEY,GENERICA,SERVICIO,20,LOW,4,0.00,0.00,0.00,-14,3,1,"","survey"
en_world,"sgs draft survey",SURVEY,GENERICA,SERVICIO,20,LOW,2,0.00,0.00,0.00,47,1,1,"","survey"
en_world,"intertek petroleum inspector",SURVEY,COMERCIAL,SERVICIO,20,LOW,7,10928.09,0.00,0.00,1,5,1,"","survey_2"
en_world,"loss prevention survey",FUERA,GENERICA,EXCLUIR,20,LOW,13,0.00,0.00,0.00,-25,2,1,"","survey_2"
en_world,"mandatory inspection of domestic lpg installation",FUERA,GENERICA,EXCLUIR,20,LOW,0,0.00,0.00,0.00,48,9,1,"","survey_2"
en_world,"marine warranty surveyor companies",SURVEY,COMERCIAL,SERVICIO,20,MEDIUM,42,9667.20,2475.54,10788.58,64,4,1,"","survey_2"
en_world,"sgs petroleum inspector",SURVEY,COMERCIAL,SERVICIO,20,LOW,1,1358.95,0.00,0.00,17,2,1,"","survey_2"
en_world,"freight claims for dummies",FUERA,GENERICA,EXCLUIR,20,LOW,2,0.00,0.00,0.00,-69,1,1,"","claims"
en_world,"air france cargo claims",CLAIMS,GENERICA,SERVICIO,20,LOW,1,0.00,0.00,0.00,-5,7,1,"","claims"
en_world,"american airlines cargo claims",CLAIMS,GENERICA,SERVICIO,20,LOW,3,7652.13,0.00,0.00,-5,1,1,"","claims"
en_world,"cargo claims in shipping",CLAIMS,GENERICA,SERVICIO,20,LOW,7,0.00,0.00,0.00,-58,2,1,"","claims"
en_world,"cargo shortage claims",CLAIMS,GENERICA,SERVICIO,20,LOW,6,26328.66,0.00,0.00,-40,9,1,"","claims"
en_world,"club marine insurance claim",CLAIMS,GENERICA,SERVICIO,20,LOW,0,0.00,0.00,0.00,-8,1,1,"","claims"
en_world,"empire fire and marine insurance company claims",CLAIMS,COMERCIAL,SERVICIO,20,LOW,10,13355.14,0.00,0.00,-30,9,1,"","claims"
en_world,"inland marine claims",CLAIMS,GENERICA,SERVICIO,20,LOW,0,0.00,0.00,0.00,-23,4,1,"","claims"
en_world,"marine claims handler jobs",CLAIMS,GENERICA,EXCLUIR,20,LOW,3,0.00,0.00,0.00,-36,11,1,"","claims"
en_world,"marine insurance adjuster jobs",CLAIMS,GENERICA,EXCLUIR,20,LOW,7,0.00,0.00,0.00,-16,5,1,"","claims"
en_world,"tokio marine car insurance claim",CLAIMS,GENERICA,SERVICIO,20,LOW,9,1805.38,0.00,0.00,-53,11,1,"","claims"
en_world,"tokio marine windscreen claim",CLAIMS,GENERICA,SERVICIO,20,LOW,21,12806.96,2954.24,9097.08,-31,3,1,"","claims"
en_world,"bunkering ship to ship",BUNKER,GENERICA,SERVICIO,20,LOW,0,0.00,0.00,0.00,-13,3,1,"","offshore_sts"
en_world,"offshore wind farm support",STS_OFFSHORE,GENERICA,SERVICIO,20,LOW,3,0.00,0.00,0.00,25,9,1,"","offshore_sts"
en_world,"polaris marine and offshore support services limited",STS_OFFSHORE,COMERCIAL,SERVICIO,20,LOW,4,0.00,0.00,0.00,90,7,1,"","offshore_sts"
en_world,"ship to ship lng transfer",STS_OFFSHORE,GENERICA,SERVICIO,20,LOW,2,0.00,0.00,0.00,-62,9,1,"","offshore_sts"
en_world,"ship to ship mooring operation",STS_OFFSHORE,GENERICA,SERVICIO,20,LOW,11,7075.61,0.00,0.00,-55,2,1,"","offshore_sts"
en_world,"evergreen panama ship",OTRO,COMERCIAL,REVISAR,20,LOW,0,0.00,0.00,0.00,-20,5,1,"","consultoria"
en_world,"freight consultants international",FUERA,COMERCIAL,EXCLUIR,20,LOW,10,0.00,0.00,0.00,-14,4,2,"international freight consultants","consultoria"
en_world,"global maritime consultancy pte ltd",CONSULT,INFORMACIONAL,BLOG_CORE,20,LOW,4,0.00,0.00,0.00,-55,6,1,"","consultoria"
en_world,"global maritime shipping",OTRO,INFORMACIONAL,REVISAR,20,LOW,14,17994.01,0.00,0.00,-24,3,1,"","consultoria"
en_world,"maritime consulting firms",CONSULT,COMERCIAL,SERVICIO,20,HIGH,86,27068.44,0.00,0.00,-27,5,1,"","consultoria"
en_world,"panama flag administration",INFO_CANAL,INFORMACIONAL,BLOG_CORE,20,LOW,3,2652.45,0.00,0.00,-27,10,1,"","consultoria info"
en_world,"panama merchant marine",OTRO,COMERCIAL,REVISAR,20,LOW,0,0.00,0.00,0.00,158,1,1,"","consultoria"
en_world,"panama shipping agency and services",AGENCIA,COMERCIAL,SERVICIO_PANAMA,20,LOW,17,3766.48,0.00,0.00,-52,10,1,"","consultoria conquest url:adimarships.com url:gac.com url:orcashipsagents.com"
en_world,"ship broking and chartering",CONSULT,GENERICA,SERVICIO,20,LOW,8,0.00,0.00,0.00,-39,9,1,"","consultoria"
en_world,"ship chartering and brokering",CONSULT,COMERCIAL,SERVICIO,20,LOW,24,1243.20,1002.18,3308.36,-44,3,1,"","consultoria url:orcashipsagents.com"
en_world,"maritime services panama",CONSULT,COMERCIAL,SERVICIO_PANAMA,20,LOW,4,0.00,0.00,0.00,-18,6,2,"panama maritime services","consultoria"
en_world,"panama canal requirements",INFO_CANAL,INFORMACIONAL,BLOG_CORE,20,LOW,0,0.00,0.00,0.00,-35,1,1,"","info url:adimarships.com url:panamashipservice.com url:lethagencies.com url:orcashipsagents.com"
en_world,"panama canal cruise ship schedule",INFO_CANAL,INFORMACIONAL,EXCLUIR,20,MEDIUM,46,12220.58,1253.73,8051.80,-34,1,1,"","info"
en_world,"panama ship registry website",INFO_CANAL,INFORMACIONAL,BLOG_CORE,20,LOW,10,2303.13,0.00,0.00,-43,9,1,"","info"
en_world,"miraflores panama canal tickets",INFO_CANAL,INFORMACIONAL,BLOG_GENERAL,20,MEDIUM,56,4576.57,1397.00,4326.94,-61,2,1,"","info"
en_world,"panama canal vessel transit schedule",INFO_CANAL,INFORMACIONAL,BLOG_CORE,20,LOW,3,0.00,0.00,0.00,41,4,1,"","info url:panamashipservice.com url:orcashipsagents.com"
en_world,"agua clara locks panama canal",INFO_CANAL,INFORMACIONAL,BLOG_GENERAL,20,LOW,23,2107.77,0.00,0.00,-1,2,1,"","info"
en_world,"agua clara panama canal",INFO_CANAL,INFORMACIONAL,BLOG_GENERAL,20,LOW,7,0.00,0.00,0.00,-16,1,1,"","info"
en_world,"panama city fuerte amador",OTRO,COMERCIAL,REVISAR,20,LOW,12,0.00,0.00,0.00,-54,11,2,"fuerte amador to panama city","url:orcashipsagents.com"
en_world,"how much to pass through panama canal",INFO_CANAL,INFORMACIONAL,BLOG_GENERAL,20,LOW,0,0.00,0.00,0.00,-52,12,1,"","info"
en_world,"new panama canal construction",INFO_CANAL,INFORMACIONAL,BLOG_GENERAL,20,LOW,0,0.00,0.00,0.00,-38,2,1,"","info"
en_world,"new panama locks",INFO_CANAL,INFORMACIONAL,BLOG_GENERAL,20,LOW,10,0.00,0.00,0.00,-28,1,1,"","info"
en_world,"panama canal locks camera",INFO_CANAL,INFORMACIONAL,EXCLUIR,20,LOW,0,0.00,0.00,0.00,21,2,1,"","info"
en_world,"panama canal reservation system",INFO_CANAL,INFORMACIONAL,BLOG_CORE,20,LOW,4,0.00,0.00,0.00,67,4,1,"","info"
en_world,"panama city panama port",OTRO,COMERCIAL,REVISAR,20,LOW,6,9285.09,0.00,0.00,-26,3,1,"","info url:orcashipsagents.com"
en_world,"panama colon cruise port",OTRO,COMERCIAL,EXCLUIR,20,LOW,10,0.00,0.00,0.00,15,11,1,"","info url:orcashipsagents.com"
en_world,"panama container ports",OTRO,COMERCIAL,REVISAR,20,LOW,10,0.00,0.00,0.00,-45,2,1,"","info url:orcashipsagents.com"
en_world,"panama container terminal",OTRO,COMERCIAL,REVISAR,20,LOW,2,48.55,0.00,0.00,-38,9,1,"","info url:orcashipsagents.com"
en_world,"panama ship registry search",INFO_CANAL,INFORMACIONAL,BLOG_CORE,20,LOW,4,3159.03,0.00,0.00,-35,1,1,"","info"
en_world,"pedro miguel locks panama",INFO_CANAL,INFORMACIONAL,BLOG_GENERAL,20,LOW,1,0.00,0.00,0.00,83,1,1,"","info"
en_world,"regulations for transiting the panama canal",INFO_CANAL,INFORMACIONAL,BLOG_CORE,20,LOW,0,0.00,0.00,0.00,4,1,1,"","info url:orcashipsagents.com"
en_world,"panama canal passing fee",INFO_CANAL,INFORMACIONAL,BLOG_CORE,20,LOW,0,0.00,0.00,0.00,-49,3,1,"","info_2"
en_world,"adimar shipping",CONQUEST,NAVEGACIONAL,CONQUEST,20,LOW,0,0.00,0.00,0.00,26,3,1,"","conquest"
en_world,"canal agency",AGENCIA,COMERCIAL,SERVICIO,20,LOW,0,0.00,0.00,0.00,-39,5,1,"","url:adimarships.com url:lethagencies.com"
en_world,"ships through panama canal",INFO_CANAL,INFORMACIONAL,BLOG_GENERAL,20,LOW,2,0.00,0.00,0.00,-67,3,1,"","url:adimarships.com url:panamashipservice.com url:gac.com url:lethagencies.com url:orcashipsagents.com"
en_world,"the panama canal is",INFO_CANAL,INFORMACIONAL,BLOG_GENERAL,20,LOW,0,0.00,0.00,0.00,-12,10,1,"","url:adimarships.com url:panamashipservice.com url:lethagencies.com url:orcashipsagents.com"
en_world,"ship for cargo",OTRO,GENERICA,REVISAR,20,LOW,4,0.00,0.00,0.00,-25,1,1,"","url:adimarships.com url:panamashipservice.com url:orcashipsagents.com"
en_world,"ship the ship",OTRO,GENERICA,REVISAR,20,LOW,0,0.00,0.00,0.00,-17,1,1,"","url:adimarships.com url:panamashipservice.com url:gac.com"
en_world,"cargo from the ship",OTRO,GENERICA,REVISAR,20,LOW,1,0.00,0.00,0.00,-29,1,1,"","url:adimarships.com url:panamashipservice.com"
en_world,"charterer of ship",CONSULT,GENERICA,SERVICIO,20,LOW,0,0.00,0.00,0.00,-69,1,1,"","url:adimarships.com url:orcashipsagents.com"
en_world,"ships waiting",OTRO,GENERICA,REVISAR,20,LOW,0,0.00,0.00,0.00,114,3,1,"","url:adimarships.com"
en_world,"commercial shipping services",OTRO,COMERCIAL,EXCLUIR,20,LOW,25,0.00,5731.34,79014.10,8,7,1,"","url:panamashipservice.com"
en_world,"panama ship supply",OTRO,COMERCIAL,REVISAR,20,LOW,14,0.00,0.00,0.00,12,1,1,"","url:panamashipservice.com url:gac.com url:orcashipsagents.com"
en_world,"ship surveys and inspections",SURVEY,GENERICA,SERVICIO,20,LOW,9,2416.10,0.00,0.00,-48,3,1,"","url:panamashipservice.com"
en_world,"panama canal maintenance",INFO_CANAL,INFORMACIONAL,BLOG_GENERAL,20,LOW,0,0.00,0.00,0.00,-23,1,1,"","url:panamashipservice.com"
en_world,"ship garbage disposal",OTRO,GENERICA,REVISAR,20,LOW,0,0.00,0.00,0.00,10,10,1,"","url:panamashipservice.com"
en_world,"marine supply & ship services",OTRO,COMERCIAL,EXCLUIR,20,LOW,8,6110.77,0.00,0.00,-27,3,1,"","url:panamashipservice.com url:gac.com"
en_world,"ship survey and vetting inspection",SURVEY,GENERICA,SERVICIO,20,LOW,6,0.00,849.60,1629.09,-12,9,1,"","url:panamashipservice.com"
en_world,"marine transportation industry",OTRO,GENERICA,REVISAR,20,LOW,0,0.00,0.00,0.00,-45,10,1,"","url:panamashipservice.com"
en_world,"maritime fleet management",OTRO,INFORMACIONAL,REVISAR,20,LOW,7,13949.56,0.00,0.00,-80,3,1,"","url:panamashipservice.com"
en_world,"shipping industry report",OTRO,GENERICA,REVISAR,20,LOW,33,0.00,0.00,0.00,-52,6,1,"","url:panamashipservice.com"
en_world,"vessel fleet management",OTRO,GENERICA,REVISAR,20,LOW,27,6238.92,2094.06,17509.40,-46,3,2,"fleet management vessels","url:panamashipservice.com"
en_world,"vessel marine services",OTRO,COMERCIAL,REVISAR,20,LOW,5,0.00,0.00,0.00,-35,3,1,"","url:panamashipservice.com url:gac.com url:24marine.com"
en_world,"marine survey vessel",SURVEY,GENERICA,SERVICIO,20,LOW,5,0.00,0.00,0.00,22,4,1,"","url:panamashipservice.com url:24marine.com"
en_world,"industry marine",OTRO,GENERICA,REVISAR,20,LOW,0,0.00,0.00,0.00,-57,10,1,"","url:panamashipservice.com"
en_world,"bunker cost in shipping",BUNKER,INFORMACIONAL,BLOG_CORE,20,LOW,4,1679.91,0.00,0.00,-56,3,1,"","url:panamashipservice.com"
en_world,"apa itu shipping company",CONSULT,COMERCIAL,SERVICIO,20,LOW,0,0.00,0.00,0.00,-24,5,1,"","url:panamashipservice.com"
en_world,"marine management shipping",OTRO,GENERICA,REVISAR,20,LOW,19,20150.97,0.00,0.00,-60,5,1,"","url:panamashipservice.com url:gac.com"
en_world,"technical ship management companies",CONSULT,GENERICA,SERVICIO,20,LOW,10,0.00,0.00,0.00,-71,2,1,"","url:panamashipservice.com"
en_world,"business of shipping",OTRO,GENERICA,REVISAR,20,LOW,29,0.00,0.00,0.00,0,9,1,"","url:gac.com"
en_world,"gac freight",CONQUEST,NAVEGACIONAL,CONQUEST,20,LOW,5,0.00,0.00,0.00,32,1,1,"","url:gac.com"
en_world,"shipping agency in saudi arabia",AGENCIA,COMERCIAL,SERVICIO,20,MEDIUM,51,3602.80,1615.29,3458.77,-28,11,1,"","url:gac.com"
en_world,"gac shipping singapore",CONQUEST,NAVEGACIONAL,CONQUEST,20,LOW,8,206121.30,0.00,0.00,1,6,1,"","url:gac.com"
en_world,"shipping services in sri lanka",OTRO,COMERCIAL,EXCLUIR,20,LOW,7,2035.30,0.00,0.00,-44,1,1,"","url:gac.com"
en_world,"gac dubai contact number",CONQUEST,NAVEGACIONAL,CONQUEST,20,LOW,3,8810.80,0.00,0.00,9,9,1,"","url:gac.com"
en_world,"service offshore vessel",STS_OFFSHORE,COMERCIAL,SERVICIO,20,LOW,12,0.00,0.00,0.00,-8,6,1,"","url:gac.com"
en_world,"dubai by ship",OTRO,GENERICA,REVISAR,20,LOW,16,0.00,0.00,0.00,-22,2,1,"","url:gac.com"
en_world,"gac shipping qatar",CONQUEST,NAVEGACIONAL,CONQUEST,20,LOW,9,0.00,0.00,0.00,-3,1,1,"","url:gac.com"
en_world,"marine services abu dhabi",OTRO,COMERCIAL,REVISAR,20,LOW,9,0.00,0.00,0.00,-41,6,1,"","url:gac.com"
en_world,"marine ship supply",OTRO,GENERICA,REVISAR,20,LOW,18,1338.55,2005.01,9454.51,-8,5,1,"","url:gac.com url:orcashipsagents.com"
en_world,"ship pacific",OTRO,GENERICA,REVISAR,20,LOW,0,0.00,0.00,0.00,-19,10,1,"","url:gac.com"
en_world,"shipping from south korea",OTRO,GENERICA,EXCLUIR,20,MEDIUM,42,11443.65,2659.58,54433.02,-25,3,1,"","url:gac.com"
en_world,"canal calculator",INFO_CANAL,INFORMACIONAL,BLOG_GENERAL,20,LOW,0,0.00,0.00,0.00,-13,10,1,"","url:lethagencies.com"
en_world,"the shipping line",OTRO,GENERICA,REVISAR,20,LOW,0,0.00,0.00,0.00,-42,9,1,"","url:lethagencies.com"
en_world,"shipping line agency",AGENCIA,COMERCIAL,SERVICIO,20,LOW,26,8279.09,3038.89,13126.75,-35,3,1,"","url:lethagencies.com"
en_world,"suez toll calculator",INFO_CANAL,INFORMACIONAL,EXCLUIR,20,LOW,1,0.00,0.00,0.00,32,4,1,"","url:lethagencies.com"
en_world,"inchcape shipping singapore",CONQUEST,NAVEGACIONAL,CONQUEST,20,LOW,0,0.00,0.00,0.00,2,1,1,"","url:lethagencies.com"
en_world,"shipping conglomerate",OTRO,INFORMACIONAL,REVISAR,20,LOW,6,9147.21,0.00,0.00,-23,3,1,"","url:lethagencies.com"
en_world,"inchcape shipping services job vacancies",CONQUEST,NAVEGACIONAL,EXCLUIR,20,LOW,0,0.00,0.00,0.00,-13,10,1,"","url:lethagencies.com"
en_world,"all about suez canal",INFO_CANAL,INFORMACIONAL,EXCLUIR,20,LOW,0,0.00,0.00,0.00,-12,4,1,"","url:lethagencies.com"
en_world,"panama canal process",INFO_CANAL,INFORMACIONAL,BLOG_GENERAL,20,LOW,1,0.00,0.00,0.00,-5,3,1,"","url:lethagencies.com"
en_world,"shipping line work",OTRO,GENERICA,REVISAR,20,LOW,2,0.00,0.00,0.00,-35,12,1,"","url:lethagencies.com"
en_world,"shipping services in egypt",OTRO,COMERCIAL,EXCLUIR,20,MEDIUM,36,0.00,0.00,0.00,32,11,1,"","url:lethagencies.com"
en_world,"suez canal schedule",INFO_CANAL,INFORMACIONAL,EXCLUIR,20,LOW,1,0.00,0.00,0.00,-8,5,1,"","url:lethagencies.com"
en_world,"shipping container to panama",OTRO,COMERCIAL,REVISAR,20,LOW,31,13067.84,5081.51,22512.84,-32,3,1,"","url:orcashipsagents.com"
en_world,"steamship agent",AGENCIA,COMERCIAL,SERVICIO,20,LOW,1,0.00,0.00,0.00,-30,3,1,"","url:orcashipsagents.com"
en_world,"cruise port agent",AGENCIA,COMERCIAL,EXCLUIR,20,LOW,0,0.00,0.00,0.00,-59,4,1,"","url:orcashipsagents.com"
en_world,"fuerte amador port",OTRO,GENERICA,REVISAR,20,LOW,2,0.00,0.00,0.00,-31,10,1,"","url:orcashipsagents.com"
en_world,"panama marine authority",INFO_CANAL,INFORMACIONAL,BLOG_CORE,20,LOW,1,0.00,0.00,0.00,-26,2,1,"","url:orcashipsagents.com"
en_world,"panama authority maritime",INFO_CANAL,INFORMACIONAL,BLOG_CORE,20,LOW,0,0.00,0.00,0.00,21,2,1,"","url:orcashipsagents.com"
en_world,"the purpose of the panama canal",INFO_CANAL,INFORMACIONAL,BLOG_GENERAL,20,LOW,0,0.00,0.00,0.00,-4,10,1,"","url:orcashipsagents.com"
en_world,"difference between shipping agent and freight forwarder",AGENCIA,COMERCIAL,EXCLUIR,20,LOW,0,0.00,0.00,0.00,-48,1,1,"","url:orcashipsagents.com"
en_world,"panama canal entry fee",INFO_CANAL,INFORMACIONAL,BLOG_CORE,20,MEDIUM,37,1473.75,600.32,4202.00,-35,2,1,"","url:orcashipsagents.com"
en_world,"ship chandling company",OTRO,COMERCIAL,REVISAR,20,LOW,18,1216.38,0.00,0.00,-13,1,1,"","url:orcashipsagents.com"
en_world,"cargo ship ship",OTRO,GENERICA,EXCLUIR,20,LOW,0,0.00,0.00,0.00,8,3,1,"","url:orcashipsagents.com"
en_world,"crew change vessel",AGENCIA,GENERICA,SERVICIO,20,LOW,0,0.00,0.00,0.00,40,1,1,"","url:orcashipsagents.com"
en_world,"cargo ship for cargo ships",OTRO,GENERICA,EXCLUIR,20,LOW,0,0.00,0.00,0.00,-4,1,1,"","url:orcashipsagents.com"
en_world,"cargo ship crew members",OTRO,GENERICA,EXCLUIR,20,LOW,0,0.00,0.00,0.00,-48,3,1,"","url:orcashipsagents.com"
en_world,"cargo ship owners",OTRO,GENERICA,EXCLUIR,20,LOW,0,0.00,0.00,0.00,-39,10,1,"","url:orcashipsagents.com"
en_world,"ship chartering company",CONSULT,COMERCIAL,SERVICIO,20,MEDIUM,41,2676.09,2064.59,10959.92,-46,10,1,"","url:orcashipsagents.com"
en_world,"shipowning company",OTRO,COMERCIAL,REVISAR,20,LOW,5,0.00,0.00,0.00,-37,10,1,"","url:orcashipsagents.com"
en_world,"the container ship",OTRO,GENERICA,EXCLUIR,20,LOW,0,0.00,0.00,0.00,0,1,1,"","url:orcashipsagents.com"
en_world,"freight marine",OTRO,GENERICA,REVISAR,20,LOW,6,0.00,0.00,0.00,5,10,1,"","url:orcashipsagents.com"
en_world,"container ship shipping ship",OTRO,GENERICA,EXCLUIR,20,LOW,4,0.00,0.00,0.00,-46,9,1,"","url:orcashipsagents.com"
en_world,"pacific line panama",OTRO,COMERCIAL,REVISAR,20,LOW,0,0.00,0.00,0.00,43,7,1,"","url:orcashipsagents.com"
en_world,"my ship group sa",OTRO,GENERICA,REVISAR,20,LOW,0,0.00,0.00,0.00,-35,10,1,"","url:orcashipsagents.com"
en_world,"about container ship",OTRO,GENERICA,EXCLUIR,20,LOW,0,0.00,0.00,0.00,-21,1,1,"","url:orcashipsagents.com"
en_world,"ship details website",OTRO,GENERICA,REVISAR,20,LOW,7,1488.39,0.00,0.00,-50,1,1,"","url:orcashipsagents.com"
en_world,"container vessel details",OTRO,GENERICA,REVISAR,20,LOW,4,1048.84,0.00,0.00,-43,1,1,"","url:orcashipsagents.com"
en_world,"apa itu marine surveyor",SURVEY,COMERCIAL,SERVICIO,20,LOW,0,0.00,0.00,0.00,-16,5,1,"","url:24marine.com"
en_world,"cargo marine surveyor",SURVEY,COMERCIAL,SERVICIO,20,LOW,11,3011.39,0.00,0.00,-23,9,1,"","url:24marine.com"
en_world,"marine surveyor requirements",SURVEY,COMERCIAL,SERVICIO,20,LOW,5,8925.95,0.00,0.00,-34,1,1,"","url:24marine.com"
en_world,"maritime inspection services",SURVEY,COMERCIAL,SERVICIO,20,LOW,5,0.00,0.00,0.00,20,3,1,"","url:24marine.com"
en_world,"naval engineering services",OTRO,COMERCIAL,REVISAR,20,LOW,2,0.00,0.00,0.00,-8,1,1,"","url:24marine.com"
en_world,"independent surveyor adalah",FUERA,COMERCIAL,EXCLUIR,20,LOW,0,0.00,0.00,0.00,-34,10,1,"","url:24marine.com"
en_world,"sea marine inspection services",SURVEY,COMERCIAL,SERVICIO,20,LOW,1,0.00,0.00,0.00,-45,9,1,"","url:24marine.com"
en_world,"all marine surveying",SURVEY,GENERICA,SERVICIO,20,LOW,17,19780.47,10871.08,32895.19,-12,1,1,"","url:24marine.com"
en_world,"out of water marine survey",SURVEY,INFORMACIONAL,BLOG_CORE,20,MEDIUM,37,12007.63,3170.72,8761.29,0,4,1,"","url:24marine.com"
en_world,"lpg marine",OTRO,GENERICA,REVISAR,20,LOW,10,0.00,0.00,0.00,-34,4,1,"","url:24marine.com"
en_world,"cargo survey report",SURVEY,GENERICA,SERVICIO,20,LOW,1,0.00,0.00,0.00,-32,2,1,"","url:24marine.com"
en_world,"condition and valuation survey",FUERA,GENERICA,EXCLUIR,20,LOW,17,0.00,0.00,0.00,8,5,1,"","url:24marine.com"
en_world,"find a marine surveyor",SURVEY,COMERCIAL,SERVICIO,20,LOW,29,13775.38,5154.34,14317.24,83,5,1,"","url:24marine.com"
en_world,"imo ll",OTRO,GENERICA,REVISAR,20,LOW,0,0.00,0.00,0.00,24,7,1,"","url:24marine.com"
en_world,"loading survey",FUERA,GENERICA,EXCLUIR,20,LOW,2,0.00,0.00,0.00,-12,12,1,"","url:24marine.com"
en_world,"marine imo",OTRO,GENERICA,REVISAR,20,LOW,1,0.00,0.00,0.00,-16,9,1,"","url:24marine.com"
en_world,"retrofit vessel",OTRO,GENERICA,REVISAR,20,LOW,10,0.00,0.00,0.00,-36,4,1,"","url:24marine.com"
en_world,"senior marine surveyor",SURVEY,COMERCIAL,SERVICIO,20,LOW,5,0.00,0.00,0.00,9,3,1,"","url:24marine.com"
en_world,"surveyor cargo",SURVEY,COMERCIAL,SERVICIO,20,LOW,2,8050.22,0.00,0.00,13,1,1,"","url:24marine.com"
en_world,"vessel condition report",OTRO,GENERICA,REVISAR,20,LOW,8,0.00,0.00,0.00,-3,2,1,"","url:24marine.com"
en_world,"agency in marketing",FUERA,COMERCIAL,EXCLUIR,20,LOW,11,352.70,0.00,0.00,-64,4,3,"agency of marketing | in marketing agency","url:crossworldagency.com"
en_world,"agency we",FUERA,COMERCIAL,EXCLUIR,20,LOW,0,0.00,0.00,0.00,-23,3,1,"","url:crossworldagency.com"
en_world,"the company marketing",OTRO,COMERCIAL,EXCLUIR,20,LOW,21,0.00,0.00,0.00,75,10,1,"","url:crossworldagency.com"
en_world,"contact us marketing",OTRO,GENERICA,EXCLUIR,20,MEDIUM,49,551314.11,5418.00,138204.55,-15,9,1,"","url:crossworldagency.com"
en_world,"about marketing company",OTRO,COMERCIAL,EXCLUIR,20,LOW,0,0.00,0.00,0.00,-19,9,1,"","url:crossworldagency.com"
en_world,"be marketing agency",FUERA,COMERCIAL,EXCLUIR,20,LOW,3,0.00,0.00,0.00,-3,1,1,"","url:crossworldagency.com"
en_world,"about marketing agency",FUERA,COMERCIAL,EXCLUIR,20,LOW,18,1648.00,1279.74,9070.75,-68,3,1,"","url:crossworldagency.com"
en_world,"marketing agencies worldwide",FUERA,GENERICA,EXCLUIR,20,LOW,30,13613.64,1252.05,11491.07,-48,3,1,"","url:crossworldagency.com"
en_world,"marketing to the world",OTRO,GENERICA,EXCLUIR,20,LOW,1,0.00,0.00,0.00,90,7,1,"","url:crossworldagency.com"
en_world,"a media agency",FUERA,COMERCIAL,EXCLUIR,20,LOW,3,0.00,0.00,0.00,43,10,1,"","url:crossworldagency.com"
en_world,"corporate about you",OTRO,INFORMACIONAL,REVISAR,20,LOW,1,0.00,0.00,0.00,4,4,1,"","url:crossworldagency.com"
en_world,"marketing sos",OTRO,GENERICA,EXCLUIR,20,LOW,2,0.00,0.00,0.00,-19,1,1,"","url:crossworldagency.com"
en_world,"crew change panama",AGENCIA,COMERCIAL,SERVICIO_PANAMA,10,UNKNOWN,0,0.00,0.00,0.00,-29,1,1,"","agencia"
en_world,"over sea shipping companies",OTRO,GENERICA,REVISAR,10,MEDIUM,61,34175.69,11787.30,53898.97,-40,2,1,"","agencia"
en_world,"import shipping agent",AGENCIA,COMERCIAL,SERVICIO,10,LOW,33,0.00,3727.55,12680.86,-67,12,1,"","agencia"
en_world,"chinese ship agent",AGENCIA,COMERCIAL,SERVICIO,10,UNKNOWN,0,0.00,0.00,0.00,-25,1,1,"","agencia"
en_world,"sea freight clearing agents",FUERA,COMERCIAL,EXCLUIR,10,HIGH,93,42644.32,0.00,0.00,-31,7,1,"","agencia"
en_world,"panama canal transit list",INFO_CANAL,INFORMACIONAL,BLOG_GENERAL,10,LOW,0,0.00,0.00,0.00,2,2,1,"","agencia"
en_world,"united nation cargo shipping agency",AGENCIA,COMERCIAL,SERVICIO,10,LOW,6,0.00,0.00,0.00,-66,3,1,"","agencia"
en_world,"mundra port shipping agents",AGENCIA,COMERCIAL,SERVICIO,10,HIGH,67,1044.41,262.20,2371.61,-29,6,1,"","agencia"
en_world,"air freight clearing agents",FUERA,COMERCIAL,EXCLUIR,10,MEDIUM,45,42115.08,18222.26,56281.35,-39,6,1,"","agencia"
en_world,"socar shipping agency tracking",AGENCIA,COMERCIAL,EXCLUIR,10,LOW,8,0.00,0.00,0.00,-1,3,1,"","agencia"
en_world,"korean shipping agent",AGENCIA,COMERCIAL,SERVICIO,10,MEDIUM,35,5145.69,1669.00,8958.94,-21,2,1,"","agencia"
en_world,"worldwide shipping agent",AGENCIA,COMERCIAL,SERVICIO,10,MEDIUM,52,17207.79,0.00,0.00,-76,6,1,"","agencia"
en_world,"$10 000 amazon delivery business offer",OTRO,GENERICA,EXCLUIR,10,UNKNOWN,0,0.00,0.00,0.00,-8,1,1,"","agencia"
en_world,"88 aces maritime services inc manning agency",AGENCIA,COMERCIAL,SERVICIO,10,LOW,0,0.00,0.00,0.00,0,1,1,"","agencia"
en_world,"88 aces shipping agency",AGENCIA,COMERCIAL,SERVICIO,10,LOW,0,0.00,0.00,0.00,-2,7,1,"","agencia"
en_world,"able maritime agency",AGENCIA,COMERCIAL,SERVICIO,10,UNKNOWN,0,0.00,0.00,0.00,-54,10,1,"","agencia"
en_world,"abojeb shipping agency",AGENCIA,COMERCIAL,SERVICIO,10,UNKNOWN,0,0.00,0.00,0.00,,4,1,"","agencia"
en_world,"abosta shipping agency",AGENCIA,COMERCIAL,SERVICIO,10,UNKNOWN,0,0.00,0.00,0.00,-39,2,1,"","agencia"
en_world,"adamis shipping agency",AGENCIA,COMERCIAL,SERVICIO,10,LOW,7,0.00,0.00,0.00,10,2,1,"","agencia"
en_world,"adamis shipping agency sa",AGENCIA,COMERCIAL,SERVICIO,10,LOW,0,0.00,0.00,0.00,0,1,1,"","agencia"
en_world,"adamson shipping agency",AGENCIA,COMERCIAL,SERVICIO,10,LOW,0,0.00,0.00,0.00,3,6,1,"","agencia"
en_world,"afamia shipping agency",AGENCIA,COMERCIAL,SERVICIO,10,UNKNOWN,0,0.00,0.00,0.00,-8,1,1,"","agencia"
en_world,"agency crewing shipping",AGENCIA,COMERCIAL,SERVICIO,10,UNKNOWN,0,0.00,0.00,0.00,-8,2,1,"","agencia"
en_world,"agent in shipping",AGENCIA,COMERCIAL,SERVICIO,10,LOW,0,0.00,0.00,0.00,-3,1,1,"","agencia url:adimarships.com url:orcashipsagents.com"
en_world,"ahmed ali khalifa shipping agencies",AGENCIA,GENERICA,SERVICIO,10,UNKNOWN,0,0.00,0.00,0.00,-58,1,1,"","agencia"
en_world,"air shipping agent",AGENCIA,COMERCIAL,SERVICIO,10,HIGH,71,0.00,0.00,0.00,28,3,1,"","agencia"
en_world,"alfaship shipping agency ltd",AGENCIA,COMERCIAL,SERVICIO,10,LOW,4,0.00,0.00,0.00,0,1,1,"","agencia"
en_world,"all ocean shipping agency",AGENCIA,COMERCIAL,SERVICIO,10,UNKNOWN,0,0.00,0.00,0.00,-35,1,1,"","agencia"
en_world,"alloma shipping agency",AGENCIA,COMERCIAL,SERVICIO,10,LOW,2,0.00,0.00,0.00,206,7,1,"","agencia"
en_world,"alpha shipmanagement corp manning agency",AGENCIA,COMERCIAL,SERVICIO,10,LOW,0,0.00,0.00,0.00,-8,1,1,"","agencia"
en_world,"alster manning agency",FUERA,COMERCIAL,EXCLUIR,10,LOW,0,0.00,0.00,0.00,26,2,1,"","agencia"
en_world,"amazon parcel delivery agency",FUERA,COMERCIAL,EXCLUIR,10,LOW,14,0.00,0.00,0.00,33,10,1,"","agencia"
en_world,"amba shipping company",CONSULT,COMERCIAL,SERVICIO,10,LOW,0,0.00,0.00,0.00,-18,7,1,"","agencia"
en_world,"apex marine shipping agency corp",AGENCIA,COMERCIAL,SERVICIO,10,LOW,0,0.00,0.00,0.00,0,1,1,"","agencia"
en_world,"aqualink maritime inc manning agency",AGENCIA,COMERCIAL,SERVICIO,10,LOW,3,0.00,0.00,0.00,22,6,1,"","agencia"
en_world,"aqualink shipping agency",AGENCIA,COMERCIAL,SERVICIO,10,UNKNOWN,0,0.00,0.00,0.00,206,1,1,"","agencia"
en_world,"arab ocean shipping agencies llc",AGENCIA,GENERICA,SERVICIO,10,LOW,14,0.00,0.00,0.00,-23,1,1,"","agencia"
en_world,"araw shipping agency",AGENCIA,COMERCIAL,SERVICIO,10,LOW,0,0.00,0.00,0.00,0,1,1,"","agencia"
en_world,"asia world shipping agency",AGENCIA,COMERCIAL,SERVICIO,10,LOW,0,0.00,0.00,0.00,26,1,1,"","agencia"
en_world,"astra shipping agency",AGENCIA,COMERCIAL,SERVICIO,10,LOW,11,0.00,0.00,0.00,-79,2,1,"","agencia"
en_world,"avramar shipping agency ltd",AGENCIA,COMERCIAL,SERVICIO,10,LOW,12,0.00,0.00,0.00,8,10,1,"","agencia"
en_world,"barwil agencies ltd for shipping",AGENCIA,GENERICA,SERVICIO,10,LOW,0,0.00,0.00,0.00,0,1,1,"","agencia"
en_world,"barwil egytrans shipping agencies sae",AGENCIA,GENERICA,SERVICIO,10,UNKNOWN,0,0.00,0.00,0.00,-77,2,1,"","agencia"
en_world,"bashundhara shipping agency",AGENCIA,COMERCIAL,SERVICIO,10,UNKNOWN,0,0.00,0.00,0.00,-33,2,1,"","agencia"
en_world,"betty k shipping company",CONSULT,COMERCIAL,SERVICIO,10,LOW,0,0.00,0.00,0.00,-17,3,1,"","agencia"
en_world,"bosphorus shipping agency sa",AGENCIA,COMERCIAL,SERVICIO,10,UNKNOWN,0,0.00,0.00,0.00,10,5,1,"","agencia"
en_world,"bp international shipping corp manning agency",AGENCIA,COMERCIAL,SERVICIO,10,UNKNOWN,0,0.00,0.00,0.00,-8,2,1,"","agencia"
en_world,"bright maritime agency",AGENCIA,COMERCIAL,SERVICIO,10,LOW,0,0.00,0.00,0.00,-13,7,1,"","agencia"
en_world,"britmark shipping agency",AGENCIA,COMERCIAL,SERVICIO,10,LOW,2,0.00,0.00,0.00,-36,9,1,"","agencia"
en_world,"bsm shipping agency",AGENCIA,COMERCIAL,SERVICIO,10,LOW,1,0.00,0.00,0.00,-85,9,1,"","agencia"
en_world,"cargo safeway manning agency",AGENCIA,COMERCIAL,SERVICIO,10,LOW,0,0.00,0.00,0.00,22,1,1,"","agencia"
en_world,"caribbean cargo agencies inc",AGENCIA,GENERICA,SERVICIO,10,LOW,0,0.00,0.00,0.00,-41,3,1,"","agencia"
en_world,"caribbean shipping agencies limited",AGENCIA,GENERICA,SERVICIO,10,LOW,0,0.00,0.00,0.00,-85,3,1,"","agencia"
en_world,"cerrahgil ship agencies",AGENCIA,GENERICA,SERVICIO,10,LOW,14,0.00,0.00,0.00,0,1,1,"","agencia"
en_world,"cff shipping agencies",AGENCIA,GENERICA,SERVICIO,10,UNKNOWN,0,0.00,0.00,0.00,-59,1,1,"","agencia"
en_world,"china ocean shipping agency tracking",AGENCIA,COMERCIAL,SERVICIO,10,LOW,10,0.00,0.00,0.00,-60,5,1,"","agencia"
en_world,"china sea shipping agency ltd",AGENCIA,COMERCIAL,SERVICIO,10,LOW,0,0.00,0.00,0.00,-29,3,1,"","agencia"
en_world,"cma cgm shipping agency jsc",AGENCIA,COMERCIAL,SERVICIO,10,LOW,0,0.00,0.00,0.00,0,1,1,"","agencia"
en_world,"cmi shipping agency",AGENCIA,COMERCIAL,SERVICIO,10,UNKNOWN,0,0.00,0.00,0.00,-48,1,1,"","agencia"
en_world,"consolidated shipping agencies limited",AGENCIA,GENERICA,SERVICIO,10,LOW,0,0.00,0.00,0.00,-15,1,1,"","agencia"
en_world,"conveyor shipping agencies inc",AGENCIA,GENERICA,SERVICIO,10,LOW,0,0.00,0.00,0.00,15,3,1,"","agencia"
en_world,"coral shipping agency",AGENCIA,COMERCIAL,SERVICIO,10,LOW,1,0.00,0.00,0.00,-21,10,1,"","agencia"
en_world,"corten shipping agency",AGENCIA,COMERCIAL,SERVICIO,10,MEDIUM,38,0.00,0.00,0.00,0,1,1,"","agencia"
en_world,"cosren shipping agency tracking",AGENCIA,COMERCIAL,SERVICIO,10,UNKNOWN,0,0.00,0.00,0.00,-36,1,1,"","agencia"
en_world,"dal agency tracking",FUERA,COMERCIAL,EXCLUIR,10,UNKNOWN,0,0.00,0.00,0.00,-69,9,1,"","agencia"
en_world,"darya shipping agency",AGENCIA,COMERCIAL,SERVICIO,10,LOW,0,0.00,0.00,0.00,26,1,1,"","agencia"
en_world,"delivery agency for amazon",FUERA,COMERCIAL,EXCLUIR,10,MEDIUM,62,0.00,0.00,0.00,26,2,1,"","agencia"
en_world,"denholm shipping agents",AGENCIA,COMERCIAL,SERVICIO,10,LOW,0,0.00,0.00,0.00,-16,9,1,"","agencia"
en_world,"dennis shipping agency",AGENCIA,COMERCIAL,SERVICIO,10,LOW,29,0.00,0.00,0.00,-15,1,1,"","agencia"
en_world,"destiny shipping agency",AGENCIA,COMERCIAL,SERVICIO,10,LOW,14,2238.13,0.00,0.00,-8,2,1,"","agencia"
en_world,"dg shipping approved agents",AGENCIA,COMERCIAL,SERVICIO,10,LOW,10,0.00,0.00,0.00,38,3,1,"","agencia"
en_world,"dg shipping approved manning agents",AGENCIA,COMERCIAL,SERVICIO,10,LOW,0,0.00,0.00,0.00,-8,7,1,"","agencia"
en_world,"diamond h marine services and shipping agency inc",AGENCIA,COMERCIAL,SERVICIO,10,LOW,0,0.00,0.00,0.00,0,1,1,"","agencia"
en_world,"diamond maritime agency tracking",AGENCIA,COMERCIAL,SERVICIO,10,LOW,0,0.00,0.00,0.00,-31,2,1,"","agencia"
en_world,"diversified manning agency",FUERA,COMERCIAL,EXCLUIR,10,LOW,0,0.00,0.00,0.00,-8,3,1,"","agencia"
en_world,"diversified shipping agency",AGENCIA,COMERCIAL,SERVICIO,10,UNKNOWN,0,0.00,0.00,0.00,-33,1,1,"","agencia"
en_world,"dk clearing shipping agency",AGENCIA,COMERCIAL,SERVICIO,10,LOW,0,0.00,0.00,0.00,22,1,1,"","agencia"
en_world,"dk shipping agency",AGENCIA,COMERCIAL,SERVICIO,10,LOW,3,0.00,0.00,0.00,-25,1,1,"","agencia"
en_world,"dm maritime agency",AGENCIA,COMERCIAL,SERVICIO,10,LOW,0,0.00,0.00,0.00,48,2,1,"","agencia"
en_world,"domestic shipping agency",AGENCIA,COMERCIAL,SERVICIO,10,LOW,0,0.00,0.00,0.00,-22,5,1,"","agencia"
en_world,"domestic shipping agency accredited by marina",AGENCIA,COMERCIAL,SERVICIO,10,LOW,0,0.00,0.00,0.00,-27,7,1,"","agencia"
en_world,"eagle shipping agency",AGENCIA,COMERCIAL,SERVICIO,10,LOW,0,0.00,0.00,0.00,-50,9,1,"","agencia"
en_world,"eisa shipping agency",AGENCIA,COMERCIAL,SERVICIO,10,LOW,11,0.00,0.00,0.00,-20,10,1,"","agencia"
en_world,"elburg shipping agency",AGENCIA,COMERCIAL,SERVICIO,10,LOW,5,0.00,0.00,0.00,-18,1,1,"","agencia"
en_world,"elwin shipping agency",AGENCIA,COMERCIAL,SERVICIO,10,LOW,0,0.00,0.00,0.00,43,3,1,"","agencia"
en_world,"em a shipping agencies tracking",AGENCIA,GENERICA,SERVICIO,10,LOW,0,0.00,0.00,0.00,-21,3,1,"","agencia"
en_world,"ema shipping agencies tracking",AGENCIA,GENERICA,SERVICIO,10,LOW,0,0.00,0.00,0.00,0,1,1,"","agencia"
en_world,"emirates shipping agencies container tracking",AGENCIA,INFORMACIONAL,BLOG_CORE,10,LOW,1,68.88,0.00,0.00,65,7,1,"","agencia"
en_world,"emmers shipping agency",AGENCIA,COMERCIAL,SERVICIO,10,LOW,0,0.00,0.00,0.00,15,1,1,"","agencia"
en_world,"emsa shipping",OTRO,GENERICA,REVISAR,10,LOW,2,0.00,0.00,0.00,-28,7,1,"","agencia"
en_world,"epsilon shipping agency",AGENCIA,COMERCIAL,SERVICIO,10,LOW,0,0.00,0.00,0.00,0,1,1,"","agencia"
en_world,"equal marine shipping agency",AGENCIA,COMERCIAL,SERVICIO,10,LOW,0,0.00,0.00,0.00,-8,9,1,"","agencia"
en_world,"eurasia shipping agency",AGENCIA,COMERCIAL,SERVICIO,10,LOW,0,0.00,0.00,0.00,-31,10,1,"","agencia"
en_world,"everest shipping agencies pte ltd",AGENCIA,GENERICA,SERVICIO,10,LOW,2,0.00,0.00,0.00,1,1,1,"","agencia"
en_world,"facilities shipping agency container tracking",AGENCIA,COMERCIAL,SERVICIO,10,MEDIUM,43,10104.22,0.00,0.00,-25,2,1,"","agencia"
en_world,"facilities shipping agency tracking",AGENCIA,COMERCIAL,SERVICIO,10,LOW,10,2106.54,0.00,0.00,-23,7,1,"","agencia"
en_world,"farasia maritime agencies",AGENCIA,INFORMACIONAL,BLOG_CORE,10,LOW,0,0.00,0.00,0.00,15,5,1,"","agencia"
en_world,"fastmovers shipping agency",AGENCIA,COMERCIAL,SERVICIO,10,LOW,11,0.00,0.00,0.00,0,12,1,"","agencia"
en_world,"flagship ship agency",AGENCIA,COMERCIAL,SERVICIO,10,UNKNOWN,0,0.00,0.00,0.00,5,2,1,"","agencia"
en_world,"fleet management manning agency",FUERA,COMERCIAL,EXCLUIR,10,LOW,0,0.00,0.00,0.00,0,1,1,"","agencia"
en_world,"fleet manning agency",FUERA,COMERCIAL,EXCLUIR,10,LOW,0,0.00,0.00,0.00,7,6,1,"","agencia"
en_world,"forwarders and delivery agency",FUERA,COMERCIAL,EXCLUIR,10,LOW,19,0.00,0.00,0.00,26,1,1,"","agencia"
en_world,"foscon shipping agency",AGENCIA,COMERCIAL,SERVICIO,10,LOW,0,0.00,0.00,0.00,-8,1,1,"","agencia"
en_world,"fox shipping agency",AGENCIA,COMERCIAL,SERVICIO,10,UNKNOWN,0,0.00,0.00,0.00,-63,2,1,"","agencia"
en_world,"friendly maritime agency",AGENCIA,COMERCIAL,SERVICIO,10,LOW,0,0.00,0.00,0.00,-8,2,1,"","agencia"
en_world,"friendly maritime services inc manning agency",AGENCIA,COMERCIAL,SERVICIO,10,UNKNOWN,0,0.00,0.00,0.00,38,1,1,"","agencia"
en_world,"geepee ship management",CONSULT,GENERICA,SERVICIO,10,LOW,0,0.00,0.00,0.00,1,1,1,"","agencia"
en_world,"gl shipping agency",AGENCIA,COMERCIAL,SERVICIO,10,LOW,0,0.00,0.00,0.00,53,6,1,"","agencia"
en_world,"global logistics freight services and shipping agencies",AGENCIA,COMERCIAL,SERVICIO,10,LOW,15,0.00,0.00,0.00,17,8,1,"","agencia"
en_world,"goodwill shipping agency",AGENCIA,COMERCIAL,SERVICIO,10,LOW,2,0.00,0.00,0.00,-8,1,1,"","agencia"
en_world,"grace marine & shipping corp manning agency",AGENCIA,COMERCIAL,SERVICIO,10,UNKNOWN,0,0.00,0.00,0.00,-8,1,1,"","agencia"
en_world,"grete crewing",OTRO,GENERICA,REVISAR,10,LOW,7,2465.94,0.00,0.00,0,1,1,"","agencia"
en_world,"grimaldi shipping agency",AGENCIA,COMERCIAL,SERVICIO,10,LOW,7,0.00,0.00,0.00,10,1,1,"","agencia"
en_world,"gulf agency shipping company",AGENCIA,COMERCIAL,SERVICIO,10,LOW,24,0.00,0.00,0.00,-8,4,1,"","agencia"
en_world,"gulf harbor shipping agency",AGENCIA,COMERCIAL,SERVICIO,10,LOW,29,0.00,0.00,0.00,10,1,1,"","agencia"
en_world,"hoopad darya shipping agency company",AGENCIA,COMERCIAL,SERVICIO,10,UNKNOWN,0,0.00,0.00,0.00,-21,6,1,"","agencia"
en_world,"horizon shipping agencies s pte ltd",AGENCIA,GENERICA,SERVICIO,10,LOW,0,0.00,0.00,0.00,-1,4,1,"","agencia"
en_world,"husbandry agent shipping",AGENCIA,COMERCIAL,SERVICIO,10,UNKNOWN,0,0.00,0.00,0.00,-62,2,1,"","agencia"
en_world,"husbandry services in port agency",AGENCIA,COMERCIAL,SERVICIO,10,LOW,0,0.00,0.00,0.00,-71,1,1,"","agencia"
en_world,"i want amazon delivery agency",FUERA,COMERCIAL,EXCLUIR,10,LOW,4,659.78,0.00,0.00,8,1,1,"","agencia"
en_world,"inc maritime agency",AGENCIA,COMERCIAL,SERVICIO,10,LOW,4,0.00,0.00,0.00,-2,6,1,"","agencia url:adimarships.com"
en_world,"inter dolphin shipping agency",AGENCIA,COMERCIAL,SERVICIO,10,LOW,32,0.00,0.00,0.00,-21,1,1,"","agencia"
en_world,"international maritime & shipping ltd",OTRO,INFORMACIONAL,REVISAR,10,LOW,2,0.00,0.00,0.00,-21,1,1,"","agencia"
en_world,"international shipping agency inc",AGENCIA,COMERCIAL,SERVICIO,10,LOW,7,0.00,0.00,0.00,20,1,1,"","agencia"
en_world,"interorient maritime agency",AGENCIA,COMERCIAL,SERVICIO,10,LOW,3,0.00,0.00,0.00,0,1,1,"","agencia"
en_world,"isa shipping agency",AGENCIA,COMERCIAL,SERVICIO,10,LOW,0,0.00,0.00,0.00,-8,7,1,"","agencia"
en_world,"iva shipping agency",AGENCIA,COMERCIAL,SERVICIO,10,LOW,0,0.00,0.00,0.00,7,1,1,"","agencia"
en_world,"joint win shipping agency",AGENCIA,COMERCIAL,SERVICIO,10,LOW,7,0.00,0.00,0.00,-1,10,1,"","agencia"
en_world,"kestrel shipping agency",AGENCIA,COMERCIAL,SERVICIO,10,LOW,0,0.00,0.00,0.00,0,1,1,"","agencia"
en_world,"laxmi shipping agency",AGENCIA,COMERCIAL,SERVICIO,10,LOW,0,0.00,0.00,0.00,-1,9,1,"","agencia"
en_world,"lbh shipping agency",AGENCIA,COMERCIAL,SERVICIO,10,LOW,4,0.00,0.00,0.00,0,1,1,"","agencia"
en_world,"leeward shipping agency",AGENCIA,COMERCIAL,SERVICIO,10,LOW,0,0.00,0.00,0.00,-35,9,1,"","agencia"
en_world,"libra shipping agency",AGENCIA,COMERCIAL,SERVICIO,10,LOW,0,0.00,0.00,0.00,-8,2,1,"","agencia"
en_world,"liner agent in shipping",AGENCIA,COMERCIAL,SERVICIO,10,LOW,0,0.00,0.00,0.00,-25,1,1,"","agencia url:adimarships.com url:orcashipsagents.com"
en_world,"list of maritime agency",AGENCIA,COMERCIAL,SERVICIO,10,LOW,4,0.00,0.00,0.00,-53,4,1,"","agencia"
en_world,"lng crewing agency",AGENCIA,COMERCIAL,SERVICIO,10,LOW,0,0.00,0.00,0.00,-46,11,1,"","agencia"
en_world,"lotus marine shipping agency",AGENCIA,COMERCIAL,SERVICIO,10,UNKNOWN,0,0.00,0.00,0.00,-29,1,1,"","agencia"
en_world,"lotus shipping agency",AGENCIA,COMERCIAL,SERVICIO,10,LOW,1,0.00,0.00,0.00,-24,7,1,"","agencia"
en_world,"lt marine shipping agency",AGENCIA,COMERCIAL,SERVICIO,10,LOW,0,0.00,0.00,0.00,-75,2,1,"","agencia"
en_world,"maersk shipping agency",AGENCIA,COMERCIAL,SERVICIO,10,LOW,12,4282.30,0.00,0.00,-8,2,1,"","agencia"
en_world,"magsaysay domestic shipping agency",AGENCIA,COMERCIAL,SERVICIO,10,LOW,1,0.00,0.00,0.00,-2,6,1,"","agencia"
en_world,"main marine shipping agency",AGENCIA,COMERCIAL,SERVICIO,10,LOW,0,0.00,0.00,0.00,-27,2,1,"","agencia"
en_world,"maine marine shipping agency",AGENCIA,COMERCIAL,SERVICIO,10,UNKNOWN,0,0.00,0.00,0.00,-24,1,1,"","agencia"
en_world,"manning agency shipping",AGENCIA,COMERCIAL,SERVICIO,10,LOW,0,0.00,0.00,0.00,-37,1,1,"","agencia"
en_world,"manship shipping agency",AGENCIA,COMERCIAL,SERVICIO,10,LOW,0,0.00,0.00,0.00,2,1,1,"","agencia"
en_world,"marine hive shipping agency",AGENCIA,COMERCIAL,SERVICIO,10,UNKNOWN,0,0.00,0.00,0.00,22,5,1,"","agencia"
en_world,"marine links shipping agencies",AGENCIA,GENERICA,SERVICIO,10,LOW,0,0.00,0.00,0.00,-25,1,1,"","agencia"
en_world,"marine ship agency",AGENCIA,COMERCIAL,SERVICIO,10,LOW,0,0.00,0.00,0.00,-8,7,1,"","agencia"
en_world,"maritime agency in kalaw",AGENCIA,COMERCIAL,SERVICIO,10,LOW,1,0.00,0.00,0.00,-28,10,1,"","agencia"
en_world,"maritime agency services",AGENCIA,COMERCIAL,SERVICIO,10,LOW,10,0.00,0.00,0.00,-8,3,1,"","agencia url:adimarships.com url:gac.com url:lethagencies.com url:orcashipsagents.com"
en_world,"marlow shipping agency",AGENCIA,COMERCIAL,SERVICIO,10,LOW,0,0.00,0.00,0.00,-18,1,1,"","agencia"
en_world,"marsaman shipping agency",AGENCIA,COMERCIAL,SERVICIO,10,UNKNOWN,0,0.00,0.00,0.00,-8,1,1,"","agencia"
en_world,"mashal shipping agency",AGENCIA,COMERCIAL,SERVICIO,10,LOW,0,0.00,0.00,0.00,-21,3,1,"","agencia"
en_world,"matagumpay shipping agency",AGENCIA,COMERCIAL,SERVICIO,10,LOW,0,0.00,0.00,0.00,-2,9,1,"","agencia"
en_world,"max shipping agency",AGENCIA,COMERCIAL,SERVICIO,10,LOW,0,0.00,0.00,0.00,0,1,1,"","agencia"
en_world,"maxicon shipping agencies tracking",AGENCIA,GENERICA,SERVICIO,10,LOW,1,24.04,0.00,0.00,-46,10,1,"","agencia"
en_world,"medway shipping agency",AGENCIA,COMERCIAL,SERVICIO,10,LOW,14,0.00,0.00,0.00,-18,3,1,"","agencia"
en_world,"mercantile shipping agencies limited",AGENCIA,GENERICA,SERVICIO,10,LOW,14,0.00,0.00,0.00,-1,6,1,"","agencia"
en_world,"mlh shipping agency",AGENCIA,COMERCIAL,SERVICIO,10,LOW,14,0.00,0.00,0.00,-44,3,1,"","agencia"
en_world,"modern shipping agencies",AGENCIA,GENERICA,SERVICIO,10,LOW,1,0.00,0.00,0.00,-56,9,1,"","agencia"
en_world,"morya shipping agency",AGENCIA,COMERCIAL,SERVICIO,10,LOW,8,0.00,0.00,0.00,8,12,1,"","agencia"
en_world,"ms shipping agency",AGENCIA,COMERCIAL,SERVICIO,10,LOW,7,0.00,0.00,0.00,15,1,1,"","agencia"
en_world,"msc crewing agency",AGENCIA,COMERCIAL,SERVICIO,10,LOW,6,279.72,0.00,0.00,-14,2,1,"","agencia"
en_world,"national shipping gulf agency",AGENCIA,COMERCIAL,SERVICIO,10,LOW,18,0.00,0.00,0.00,0,1,1,"","agencia"
en_world,"nautical shipping agencies",AGENCIA,GENERICA,SERVICIO,10,LOW,0,0.00,0.00,0.00,2,1,1,"","agencia"
en_world,"nautilus shipping agency ltd",AGENCIA,COMERCIAL,SERVICIO,10,LOW,0,0.00,0.00,0.00,-8,7,1,"","agencia"
en_world,"neptune ship agency pte ltd",AGENCIA,COMERCIAL,SERVICIO,10,LOW,0,0.00,0.00,0.00,-15,2,1,"","agencia"
en_world,"nimasa registration as a shipping company",CONSULT,COMERCIAL,SERVICIO,10,LOW,0,0.00,0.00,0.00,-17,1,1,"","agencia"
en_world,"noatum shipping agency",AGENCIA,COMERCIAL,SERVICIO,10,LOW,0,0.00,0.00,0.00,0,1,1,"","agencia"
en_world,"north sea ship agency",AGENCIA,COMERCIAL,SERVICIO,10,LOW,0,0.00,0.00,0.00,-16,7,1,"","agencia"
en_world,"nova shipping agency",AGENCIA,COMERCIAL,SERVICIO,10,LOW,0,0.00,0.00,0.00,-17,1,1,"","agencia"
en_world,"ocean star shipping agency",AGENCIA,COMERCIAL,SERVICIO,10,LOW,12,0.00,0.00,0.00,-26,9,2,"star ocean shipping agency","agencia"
en_world,"oceanic shipping agencies tracking",AGENCIA,GENERICA,SERVICIO,10,LOW,0,0.00,0.00,0.00,129,11,1,"","agencia"
en_world,"one ocean shipping agency",AGENCIA,COMERCIAL,SERVICIO,10,LOW,0,0.00,0.00,0.00,-50,1,1,"","agencia"
en_world,"one shipping agency",AGENCIA,COMERCIAL,SERVICIO,10,LOW,6,0.00,0.00,0.00,-46,10,1,"","agencia"
en_world,"one shipping manning agency",AGENCIA,COMERCIAL,SERVICIO,10,LOW,1,0.00,0.00,0.00,0,1,1,"","agencia"
en_world,"optimum shipping agency",AGENCIA,COMERCIAL,SERVICIO,10,UNKNOWN,0,0.00,0.00,0.00,-54,4,1,"","agencia"
en_world,"orient shipping agency",AGENCIA,COMERCIAL,SERVICIO,10,LOW,0,0.00,0.00,0.00,-8,2,1,"","agencia"
en_world,"osl shipping agencies container tracking",AGENCIA,GENERICA,SERVICIO,10,UNKNOWN,0,0.00,0.00,0.00,-39,9,1,"","agencia"
en_world,"osm shipping agency",AGENCIA,COMERCIAL,SERVICIO,10,LOW,0,0.00,0.00,0.00,-8,1,1,"","agencia"
en_world,"owner protective agent in shipping",AGENCIA,COMERCIAL,SERVICIO,10,LOW,0,0.00,0.00,0.00,-1,4,1,"","agencia"
en_world,"pacific global shipping agency",AGENCIA,COMERCIAL,SERVICIO,10,UNKNOWN,0,0.00,0.00,0.00,-77,1,1,"","agencia"
en_world,"pacific star shipping agency",AGENCIA,COMERCIAL,SERVICIO,10,LOW,0,0.00,0.00,0.00,-31,1,1,"","agencia"
en_world,"palmali shipping & agency",AGENCIA,COMERCIAL,SERVICIO,10,LOW,7,0.00,0.00,0.00,-8,3,1,"","agencia"
en_world,"panama canal line handlers",INFO_CANAL,INFORMACIONAL,BLOG_GENERAL,10,LOW,0,0.00,0.00,0.00,-8,4,1,"","agencia"
en_world,"panama canal pre booking",AGENCIA,COMERCIAL,SERVICIO_PANAMA,10,UNKNOWN,0,0.00,0.00,0.00,-45,1,1,"","agencia"
en_world,"passat shipping agency",AGENCIA,COMERCIAL,SERVICIO,10,LOW,0,0.00,0.00,0.00,-8,1,1,"","agencia"
en_world,"pentagon shipping agency",AGENCIA,COMERCIAL,SERVICIO,10,UNKNOWN,0,0.00,0.00,0.00,-63,3,1,"","agencia"
en_world,"petromar shipping agency",AGENCIA,COMERCIAL,SERVICIO,10,LOW,0,0.00,0.00,0.00,-56,6,1,"","agencia"
en_world,"philippians international shipping agency",AGENCIA,COMERCIAL,SERVICIO,10,LOW,0,0.00,0.00,0.00,-19,7,1,"","agencia"
en_world,"philippians shipping company",CONSULT,COMERCIAL,SERVICIO,10,UNKNOWN,0,0.00,0.00,0.00,-54,1,1,"","agencia"
en_world,"phoenix global shipping agency",AGENCIA,COMERCIAL,SERVICIO,10,UNKNOWN,0,0.00,0.00,0.00,-54,8,1,"","agencia"
en_world,"phoenix shipping agency",AGENCIA,COMERCIAL,SERVICIO,10,UNKNOWN,0,0.00,0.00,0.00,-8,1,1,"","agencia"
en_world,"poea accredited cruise ship agency",AGENCIA,COMERCIAL,EXCLUIR,10,LOW,0,0.00,0.00,0.00,-61,7,1,"","agencia"
en_world,"poea accredited maritime agency",AGENCIA,COMERCIAL,SERVICIO,10,LOW,10,0.00,0.00,0.00,-44,1,1,"","agencia"
en_world,"poea accredited shipping company",CONSULT,COMERCIAL,SERVICIO,10,LOW,2,0.00,0.00,0.00,-14,3,1,"","agencia"
en_world,"poea list of accredited shipping agency",AGENCIA,COMERCIAL,SERVICIO,10,UNKNOWN,0,0.00,0.00,0.00,-16,2,1,"","agencia"
en_world,"poea list of shipping agency 2022",AGENCIA,COMERCIAL,SERVICIO,10,UNKNOWN,0,0.00,0.00,0.00,-54,2,1,"","agencia"
en_world,"poea registered shipping company",CONSULT,COMERCIAL,SERVICIO,10,LOW,0,0.00,0.00,0.00,-29,1,1,"","agencia"
en_world,"poea shipping company",CONSULT,COMERCIAL,SERVICIO,10,LOW,11,1867.35,983.58,1832.84,-29,3,1,"","agencia"
en_world,"poea shipping company list 2022",CONSULT,COMERCIAL,SERVICIO,10,LOW,0,0.00,0.00,0.00,-17,1,1,"","agencia"
en_world,"poseidon maritime agency",AGENCIA,COMERCIAL,SERVICIO,10,LOW,0,0.00,0.00,0.00,15,1,1,"","agencia"
en_world,"prime marine shipping agency",AGENCIA,COMERCIAL,SERVICIO,10,LOW,4,0.00,0.00,0.00,-40,10,1,"","agencia"
en_world,"progressive shipping agency",AGENCIA,COMERCIAL,SERVICIO,10,LOW,0,0.00,0.00,0.00,-27,6,1,"","agencia"
en_world,"promar shipping agency",AGENCIA,COMERCIAL,SERVICIO,10,LOW,0,0.00,0.00,0.00,0,1,1,"","agencia"
en_world,"protective agent shipping",AGENCIA,COMERCIAL,SERVICIO,10,LOW,19,0.00,0.00,0.00,-15,2,1,"","agencia"
en_world,"prudential shipping agency services inc",AGENCIA,COMERCIAL,SERVICIO,10,LOW,0,0.00,0.00,0.00,38,2,1,"","agencia"
en_world,"psa marine crewing",OTRO,GENERICA,REVISAR,10,LOW,0,0.00,0.00,0.00,-8,2,1,"","agencia"
en_world,"ptc shipping agency",AGENCIA,COMERCIAL,SERVICIO,10,LOW,0,0.00,0.00,0.00,-54,3,1,"","agencia"
en_world,"pure car carrier manning agency",FUERA,COMERCIAL,EXCLUIR,10,UNKNOWN,0,0.00,0.00,0.00,53,1,1,"","agencia"
en_world,"queen of the ocean shipping corp manning agency",AGENCIA,COMERCIAL,SERVICIO,10,LOW,0,0.00,0.00,0.00,1,9,1,"","agencia"
en_world,"radial maritime agency",AGENCIA,COMERCIAL,SERVICIO,10,UNKNOWN,0,0.00,0.00,0.00,-8,1,1,"","agencia"
en_world,"raj shipping agencies limited",AGENCIA,GENERICA,SERVICIO,10,LOW,0,0.00,0.00,0.00,-8,12,1,"","agencia"
en_world,"ram shipping agency",AGENCIA,COMERCIAL,SERVICIO,10,UNKNOWN,0,0.00,0.00,0.00,-8,1,1,"","agencia"
en_world,"ravian international agencies container tracking",AGENCIA,GENERICA,SERVICIO,10,LOW,7,0.00,0.00,0.00,-50,7,1,"","agencia"
en_world,"red eagle shipping agencies",AGENCIA,GENERICA,SERVICIO,10,LOW,0,0.00,0.00,0.00,10,1,1,"","agencia"
en_world,"redmar shipping agency",AGENCIA,COMERCIAL,SERVICIO,10,LOW,0,0.00,0.00,0.00,-43,1,1,"","agencia"
en_world,"reham shipping agency",AGENCIA,COMERCIAL,SERVICIO,10,LOW,4,3482.78,0.00,0.00,-2,12,1,"","agencia"
en_world,"revelle shipping agency",AGENCIA,COMERCIAL,SERVICIO,10,LOW,6,0.00,0.00,0.00,-14,9,1,"","agencia"
en_world,"riley sherman shipping agency inc",AGENCIA,COMERCIAL,SERVICIO,10,LOW,2,0.00,0.00,0.00,-26,2,1,"","agencia"
en_world,"s port agencies pte ltd",AGENCIA,GENERICA,SERVICIO,10,LOW,0,0.00,0.00,0.00,-1,3,1,"","agencia"
en_world,"sai shipping agency",AGENCIA,COMERCIAL,SERVICIO,10,LOW,1,0.00,0.00,0.00,-18,12,1,"","agencia"
en_world,"scandia shipping agencies inc",AGENCIA,GENERICA,SERVICIO,10,LOW,14,0.00,0.00,0.00,-19,1,1,"","agencia"
en_world,"scanmar shipping agency",AGENCIA,COMERCIAL,SERVICIO,10,LOW,0,0.00,0.00,0.00,-8,7,1,"","agencia"
en_world,"sea freight shipping agency",AGENCIA,COMERCIAL,SERVICIO,10,LOW,0,0.00,0.00,0.00,-1,10,1,"","agencia"
en_world,"sea guardian shipping agency",AGENCIA,COMERCIAL,SERVICIO,10,UNKNOWN,0,0.00,0.00,0.00,-69,1,1,"","agencia"
en_world,"sea link maritime agencies pte ltd",AGENCIA,INFORMACIONAL,BLOG_CORE,10,LOW,0,0.00,0.00,0.00,-8,1,1,"","agencia"
en_world,"seaboard shipping agency",AGENCIA,COMERCIAL,SERVICIO,10,LOW,0,0.00,0.00,0.00,-8,1,1,"","agencia"
en_world,"seafreight agencies inc",FUERA,GENERICA,EXCLUIR,10,LOW,2,0.00,0.00,0.00,30,4,1,"","agencia"
en_world,"seaglory shipping services inc tracking",OTRO,COMERCIAL,EXCLUIR,10,UNKNOWN,0,0.00,0.00,0.00,-8,2,1,"","agencia"
en_world,"seagull clearing forwarding",OTRO,GENERICA,REVISAR,10,LOW,0,0.00,0.00,0.00,0,1,1,"","agencia"
en_world,"seahorse ship agencies container tracking",AGENCIA,GENERICA,SERVICIO,10,LOW,2,0.00,0.00,0.00,2,2,1,"","agencia"
en_world,"seahorse ship agencies tracking",AGENCIA,GENERICA,SERVICIO,10,LOW,1,0.00,0.00,0.00,1,1,1,"","agencia"
en_world,"seahorse shipping agency container tracking",AGENCIA,COMERCIAL,SERVICIO,10,UNKNOWN,0,0.00,0.00,0.00,-39,3,1,"","agencia"
en_world,"seaking shipping agency fort",AGENCIA,COMERCIAL,SERVICIO,10,LOW,0,0.00,0.00,0.00,8,2,1,"","agencia"
en_world,"sealink shipping agency",AGENCIA,COMERCIAL,SERVICIO,10,LOW,0,0.00,0.00,0.00,-29,3,1,"","agencia"
en_world,"seamar shipping agency",AGENCIA,COMERCIAL,SERVICIO,10,LOW,7,0.00,0.00,0.00,-8,1,1,"","agencia"
en_world,"seashore maritime agency",AGENCIA,COMERCIAL,SERVICIO,10,LOW,3,0.00,0.00,0.00,-8,4,1,"","agencia"
en_world,"seaways maritime agency",AGENCIA,COMERCIAL,SERVICIO,10,LOW,5,0.00,0.00,0.00,-8,1,1,"","agencia"
en_world,"seven seas maritime agencies",AGENCIA,INFORMACIONAL,BLOG_CORE,10,LOW,1,0.00,0.00,0.00,-8,7,1,"","agencia"
en_world,"sharaf shipping agency container tracking",AGENCIA,COMERCIAL,SERVICIO,10,LOW,3,46.80,0.00,0.00,0,1,1,"","agencia"
en_world,"sharaf shipping services",OTRO,COMERCIAL,EXCLUIR,10,LOW,1,0.00,0.00,0.00,7,3,1,"","agencia"
en_world,"ship agency husbandry services",AGENCIA,COMERCIAL,SERVICIO,10,LOW,31,0.00,0.00,0.00,-53,3,1,"","agencia url:adimarships.com url:orcashipsagents.com"
en_world,"ship husbandry companies",AGENCIA,GENERICA,SERVICIO,10,LOW,0,0.00,0.00,0.00,38,1,1,"","agencia"
en_world,"shipner shipping and agencies",AGENCIA,GENERICA,SERVICIO,10,LOW,0,0.00,0.00,0.00,-2,6,1,"","agencia"
en_world,"shipping agent and forwarding agent",AGENCIA,COMERCIAL,SERVICIO,10,LOW,0,0.00,0.00,0.00,-8,1,1,"","agencia"
en_world,"shipping agent logistic service",AGENCIA,COMERCIAL,SERVICIO,10,UNKNOWN,0,0.00,0.00,0.00,-8,1,1,"","agencia"
en_world,"shipping agents in paradip port",AGENCIA,COMERCIAL,SERVICIO,10,LOW,14,0.00,0.00,0.00,-77,7,1,"","agencia"
en_world,"shipping companies & agents",AGENCIA,COMERCIAL,SERVICIO,10,HIGH,69,0.00,0.00,0.00,-39,5,1,"","agencia"
en_world,"shipping companies and agents",AGENCIA,COMERCIAL,SERVICIO,10,HIGH,69,0.00,0.00,0.00,-39,5,1,"","agencia"
en_world,"shivam shipping agency",AGENCIA,COMERCIAL,SERVICIO,10,LOW,0,0.00,0.00,0.00,10,1,1,"","agencia"
en_world,"sima marine shipping agency",AGENCIA,COMERCIAL,SERVICIO,10,UNKNOWN,0,0.00,0.00,0.00,-45,6,1,"","agencia"
en_world,"singa shipping agency",AGENCIA,COMERCIAL,SERVICIO,10,LOW,0,0.00,0.00,0.00,-8,1,1,"","agencia"
en_world,"sky shipping agency sa",AGENCIA,COMERCIAL,SERVICIO,10,LOW,0,0.00,0.00,0.00,-1,10,1,"","agencia"
en_world,"solpia shipping agency",AGENCIA,COMERCIAL,SERVICIO,10,LOW,0,0.00,0.00,0.00,-60,1,1,"","agencia"
en_world,"spectrum maritime agency",AGENCIA,COMERCIAL,SERVICIO,10,LOW,0,0.00,0.00,0.00,30,1,1,"","agencia"
en_world,"spectrum shipping agency",AGENCIA,COMERCIAL,SERVICIO,10,LOW,0,0.00,0.00,0.00,-8,6,1,"","agencia"
en_world,"ss shipping agencies",AGENCIA,GENERICA,SERVICIO,10,LOW,1,0.00,0.00,0.00,50,11,1,"","agencia"
en_world,"sss maritime shipping company",CONSULT,COMERCIAL,SERVICIO,10,LOW,0,0.00,0.00,0.00,-8,7,1,"","agencia"
en_world,"star port agency",AGENCIA,COMERCIAL,SERVICIO,10,UNKNOWN,0,0.00,0.00,0.00,-82,3,1,"","agencia"
en_world,"sunbright maritime agency",AGENCIA,COMERCIAL,SERVICIO,10,LOW,0,0.00,0.00,0.00,1,1,1,"","agencia"
en_world,"supplier forwarding agency",FUERA,COMERCIAL,EXCLUIR,10,UNKNOWN,0,0.00,0.00,0.00,-80,6,1,"","agencia"
en_world,"suraj forwarders & shipping agencies",AGENCIA,GENERICA,EXCLUIR,10,LOW,2,0.00,0.00,0.00,16,3,1,"","agencia"
en_world,"thome ship agency",AGENCIA,COMERCIAL,SERVICIO,10,LOW,0,0.00,0.00,0.00,0,1,1,"","agencia"
en_world,"tms ship agencies inc tracking",AGENCIA,GENERICA,SERVICIO,10,UNKNOWN,0,0.00,0.00,0.00,-69,1,1,"","agencia"
en_world,"top sea shipping agency",AGENCIA,COMERCIAL,SERVICIO,10,LOW,12,0.00,0.00,0.00,-49,6,1,"","agencia"
en_world,"transglobal shipping agency",AGENCIA,COMERCIAL,SERVICIO,10,UNKNOWN,0,0.00,0.00,0.00,28,3,1,"","agencia"
en_world,"troy shipping agency",AGENCIA,COMERCIAL,SERVICIO,10,LOW,21,0.00,0.00,0.00,-40,5,1,"","agencia"
en_world,"un cargo shipping agency",AGENCIA,COMERCIAL,SERVICIO,10,LOW,6,0.00,0.00,0.00,-66,3,1,"","agencia"
en_world,"unifeeder agencies container tracking",AGENCIA,INFORMACIONAL,BLOG_CORE,10,LOW,2,0.00,0.00,0.00,-14,1,1,"","agencia"
en_world,"united marine agencies container tracking",AGENCIA,GENERICA,SERVICIO,10,LOW,0,0.00,0.00,0.00,-37,5,1,"","agencia"
en_world,"universal shipping agency sa",AGENCIA,COMERCIAL,SERVICIO,10,LOW,0,0.00,0.00,0.00,0,1,1,"","agencia"
en_world,"upl shipping agency",AGENCIA,COMERCIAL,SERVICIO,10,LOW,0,0.00,0.00,0.00,0,1,1,"","agencia"
en_world,"v ships crewing agency",AGENCIA,COMERCIAL,SERVICIO,10,LOW,8,12829.86,0.00,0.00,-46,10,1,"","agencia"
en_world,"v ships manpower services",OTRO,COMERCIAL,REVISAR,10,UNKNOWN,0,0.00,0.00,0.00,-18,1,1,"","agencia"
en_world,"virtue maritime agency",AGENCIA,COMERCIAL,SERVICIO,10,LOW,3,0.00,0.00,0.00,-8,6,1,"","agencia"
en_world,"vishal shipping agency",AGENCIA,COMERCIAL,SERVICIO,10,LOW,8,3832.55,0.00,0.00,-28,7,1,"","agencia"
en_world,"vision freight shipping & agencies",AGENCIA,GENERICA,SERVICIO,10,LOW,4,0.00,0.00,0.00,-8,5,1,"","agencia"
en_world,"wah kwong shipping agency",AGENCIA,COMERCIAL,SERVICIO,10,LOW,7,0.00,0.00,0.00,-2,5,1,"","agencia"
en_world,"wasit shipping agencies llc",AGENCIA,GENERICA,SERVICIO,10,LOW,0,0.00,0.00,0.00,-20,12,1,"","agencia"
en_world,"waterfront shipping agency",AGENCIA,COMERCIAL,SERVICIO,10,LOW,0,0.00,0.00,0.00,-27,3,1,"","agencia"
en_world,"waypoint shipping agency",AGENCIA,COMERCIAL,SERVICIO,10,LOW,0,0.00,0.00,0.00,8,3,1,"","agencia"
en_world,"wells shipping agency",AGENCIA,COMERCIAL,SERVICIO,10,LOW,14,13994.34,0.00,0.00,-37,3,1,"","agencia"
en_world,"wilhelmsen port services wps",CONQUEST,NAVEGACIONAL,CONQUEST,10,LOW,0,0.00,0.00,0.00,1,1,1,"","agencia"
en_world,"wilmar shipping agency llc",AGENCIA,COMERCIAL,SERVICIO,10,LOW,0,0.00,0.00,0.00,-8,1,1,"","agencia"
en_world,"world freight agencies nv",FUERA,GENERICA,EXCLUIR,10,LOW,8,0.00,0.00,0.00,10,1,1,"","agencia"
en_world,"world golden sea shipping agency llc",AGENCIA,COMERCIAL,SERVICIO,10,UNKNOWN,0,0.00,0.00,0.00,-19,2,1,"","agencia"
en_world,"world shipping agencies pty ltd",AGENCIA,GENERICA,SERVICIO,10,LOW,0,0.00,0.00,0.00,38,1,1,"","agencia"
en_world,"yacht international shipping agency",AGENCIA,COMERCIAL,SERVICIO,10,UNKNOWN,0,0.00,0.00,0.00,28,2,1,"","agencia"
en_world,"ye rising star maritime corp manning agency",AGENCIA,COMERCIAL,SERVICIO,10,UNKNOWN,0,0.00,0.00,0.00,-39,5,1,"","agencia"
en_world,"zeymarine ship agencies pte ltd",AGENCIA,GENERICA,SERVICIO,10,LOW,0,0.00,0.00,0.00,1,1,1,"","agencia"
en_world,"zim integrated shipping agencies",AGENCIA,INFORMACIONAL,BLOG_CORE,10,LOW,0,0.00,0.00,0.00,-8,1,1,"","agencia"
en_world,"marine fuel panama",BUNKER,COMERCIAL,SERVICIO_PANAMA,10,UNKNOWN,0,0.00,0.00,0.00,-33,2,1,"","bunker"
en_world,"bunker fuel panama",BUNKER,COMERCIAL,SERVICIO_PANAMA,10,LOW,0,0.00,0.00,0.00,-8,3,1,"","bunker"
en_world,"mgo panama",BUNKER,COMERCIAL,SERVICIO_PANAMA,10,LOW,0,0.00,0.00,0.00,-8,5,1,"","bunker"
en_world,"bunker claims",BUNKER,GENERICA,SERVICIO,10,LOW,11,3893.03,0.00,0.00,-15,3,1,"","bunker"
en_world,"221b bunker survey",BUNKER,GENERICA,SERVICIO,10,LOW,11,0.00,0.00,0.00,-27,4,1,"","bunker"
en_world,"mpa bunker surveyor",BUNKER,COMERCIAL,SERVICIO,10,LOW,2,0.00,0.00,0.00,-1,4,1,"","bunker"
en_world,"mpa bunker surveyor list",BUNKER,COMERCIAL,SERVICIO,10,LOW,0,0.00,0.00,0.00,8,5,1,"","bunker"
en_world,"mpa licensed bunker surveyor",BUNKER,COMERCIAL,SERVICIO,10,LOW,0,0.00,0.00,0.00,0,1,1,"","bunker"
en_world,"on off hire bunker survey",BUNKER,GENERICA,SERVICIO,10,LOW,0,0.00,0.00,0.00,-8,1,1,"","bunker survey"
en_world,"marine surveyor panama",SURVEY,COMERCIAL,SERVICIO_PANAMA,10,LOW,5,0.00,0.00,0.00,10,6,1,"","survey url:24marine.com"
en_world,"ism code internal audit",SURVEY,GENERICA,SERVICIO,10,LOW,13,4047.27,0.00,0.00,-8,2,1,"","survey"
en_world,"ism auditor course online",SURVEY,GENERICA,EXCLUIR,10,LOW,33,3657.89,1461.58,4848.66,-26,3,1,"","survey"
en_world,"ism audit preparation",SURVEY,GENERICA,SERVICIO,10,LOW,0,0.00,0.00,0.00,-66,1,1,"","survey"
en_world,"barge draft survey",SURVEY,GENERICA,SERVICIO,10,LOW,5,0.00,0.00,0.00,0,1,1,"","survey"
en_world,"cargo damage survey report sample",SURVEY,GENERICA,SERVICIO,10,LOW,3,28244.45,0.00,0.00,-48,10,1,"","survey"
en_world,"condition assessment program tankers",OTRO,GENERICA,REVISAR,10,LOW,24,10727.09,0.00,0.00,-31,9,1,"","survey"
en_world,"container damage survey report",SURVEY,GENERICA,SERVICIO,10,LOW,7,0.00,0.00,0.00,-42,1,1,"","survey"
en_world,"external ism audit is usually done by",SURVEY,GENERICA,SERVICIO,10,LOW,0,0.00,0.00,0.00,-35,2,1,"","survey"
en_world,"internal ism audit is usually done by",SURVEY,GENERICA,SERVICIO,10,UNKNOWN,0,0.00,0.00,0.00,-42,2,1,"","survey"
en_world,"ism audit preparation in engine room",SURVEY,GENERICA,SERVICIO,10,UNKNOWN,0,0.00,0.00,0.00,-54,10,1,"","survey"
en_world,"ism code audit",SURVEY,GENERICA,SERVICIO,10,LOW,0,0.00,0.00,0.00,5,3,1,"","survey"
en_world,"ism external audit",SURVEY,GENERICA,SERVICIO,10,LOW,0,0.00,0.00,0.00,-49,3,1,"","survey"
en_world,"ism external audit frequency",SURVEY,GENERICA,SERVICIO,10,LOW,0,0.00,0.00,0.00,0,1,1,"","survey"
en_world,"ism internal audit interval",SURVEY,GENERICA,SERVICIO,10,LOW,2,0.00,0.00,0.00,-21,2,1,"","survey"
en_world,"ism isps auditor",SURVEY,GENERICA,SERVICIO,10,LOW,31,0.00,914.11,2996.54,0,1,1,"","survey"
en_world,"ism isps auditor course",SURVEY,GENERICA,EXCLUIR,10,LOW,7,0.00,0.00,0.00,5,3,1,"","survey"
en_world,"isps auditor course",FUERA,GENERICA,EXCLUIR,10,LOW,9,0.00,0.00,0.00,-1,1,1,"","survey"
en_world,"lashing survey report",SURVEY,GENERICA,SERVICIO,10,LOW,0,0.00,0.00,0.00,-15,3,1,"","survey"
en_world,"marine draft survey",SURVEY,GENERICA,SERVICIO,10,LOW,1,0.00,0.00,0.00,-21,5,1,"","survey"
en_world,"marine draft surveyor jobs",SURVEY,COMERCIAL,EXCLUIR,10,LOW,0,0.00,0.00,0.00,-8,6,1,"","survey"
en_world,"p&i condition survey checklist",SURVEY,INFORMACIONAL,BLOG_CORE,10,LOW,5,0.00,0.00,0.00,-8,10,1,"","survey"
en_world,"pressure tank test certificate",OTRO,GENERICA,REVISAR,10,LOW,0,0.00,0.00,0.00,10,1,1,"","survey"
en_world,"sgs draft survey tool",SURVEY,GENERICA,SERVICIO,10,LOW,1,0.00,0.00,0.00,-8,2,1,"","survey"
en_world,"hatch cover ultrasonic test",SURVEY,GENERICA,SERVICIO,10,LOW,0,0.00,0.00,0.00,-28,6,1,"","survey"
en_world,"third party inspection companies oil & gas",FUERA,GENERICA,EXCLUIR,10,LOW,0,0.00,0.00,0.00,-56,1,1,"","survey_2"
en_world,"amspec petroleum inspector",SURVEY,COMERCIAL,SERVICIO,10,LOW,4,0.00,0.00,0.00,-21,5,1,"","survey_2"
en_world,"oil and gas third party inspection companies",FUERA,GENERICA,EXCLUIR,10,MEDIUM,57,8376.16,0.00,0.00,7,1,1,"","survey_2"
en_world,"oil inspection companies",FUERA,GENERICA,EXCLUIR,10,LOW,29,17215.53,0.00,0.00,-28,7,1,"","survey_2"
en_world,"petroleum cargo inspector",SURVEY,COMERCIAL,SERVICIO,10,LOW,0,0.00,0.00,0.00,-25,1,1,"","survey_2"
en_world,"workers compensation loss control survey",SURVEY,GENERICA,SERVICIO,10,LOW,0,0.00,0.00,0.00,-29,2,1,"","survey_2"
en_world,"deadline for camp lejeune",OTRO,GENERICA,REVISAR,10,UNKNOWN,0,0.00,0.00,0.00,-54,1,1,"","claims"
en_world,"boat insurance adjuster",CLAIMS,GENERICA,SERVICIO,10,MEDIUM,39,360526.09,0.00,0.00,-8,9,1,"","claims"
en_world,"national fire and marine insurance company claims",CLAIMS,COMERCIAL,SERVICIO,10,LOW,14,0.00,0.00,0.00,-8,4,1,"","claims"
en_world,"travelers home and marine insurance claims",CLAIMS,GENERICA,EXCLUIR,10,LOW,0,0.00,0.00,0.00,-22,3,1,"","claims"
en_world,"empire fire marine insurance company claims",CLAIMS,COMERCIAL,SERVICIO,10,LOW,14,0.00,0.00,0.00,-37,2,1,"","claims"
en_world,"agcs marine insurance company claims",CLAIMS,COMERCIAL,SERVICIO,10,LOW,0,0.00,0.00,0.00,0,1,1,"","claims"
en_world,"aig marine claims",CLAIMS,GENERICA,SERVICIO,10,LOW,0,0.00,0.00,0.00,0,1,1,"","claims"
en_world,"air cargo claims",CLAIMS,GENERICA,SERVICIO,10,LOW,2,0.00,0.00,0.00,-3,1,1,"","claims"
en_world,"allianz marine claims",CLAIMS,GENERICA,SERVICIO,10,LOW,0,0.00,0.00,0.00,0,1,1,"","claims"
en_world,"aviva marine claims",CLAIMS,GENERICA,SERVICIO,10,LOW,0,0.00,0.00,0.00,0,1,1,"","claims"
en_world,"boat rockerz 235v2 warranty claim",SURVEY,GENERICA,SERVICIO,10,UNKNOWN,0,0.00,0.00,0.00,-80,11,1,"","claims"
en_world,"bulk cargo shortage claims",CLAIMS,GENERICA,SERVICIO,10,LOW,0,0.00,0.00,0.00,-25,1,1,"","claims"
en_world,"chubb marine claims",CLAIMS,GENERICA,SERVICIO,10,LOW,0,0.00,0.00,0.00,-1,1,1,"","claims"
en_world,"deltacargo com claims",CLAIMS,GENERICA,SERVICIO,10,UNKNOWN,0,0.00,0.00,0.00,83,4,1,"","claims"
en_world,"dhl cargo claims",CLAIMS,GENERICA,EXCLUIR,10,LOW,0,0.00,0.00,0.00,0,1,1,"","claims"
en_world,"dhl cargoclaims dhl com",CLAIMS,GENERICA,EXCLUIR,10,LOW,2,866.18,0.00,0.00,0,1,1,"","claims"
en_world,"emirates cargo claims",CLAIMS,INFORMACIONAL,BLOG_CORE,10,LOW,0,0.00,0.00,0.00,-20,7,1,"","claims"
en_world,"geico boat insurance claims",CLAIMS,GENERICA,SERVICIO,10,LOW,11,2307.53,0.00,0.00,-8,4,1,"","claims"
en_world,"geico marine insurance claims",CLAIMS,GENERICA,SERVICIO,10,LOW,1,4170.35,0.00,0.00,-18,5,1,"","claims"
en_world,"iata cargo claim rules",CLAIMS,GENERICA,SERVICIO,10,LOW,2,0.00,0.00,0.00,-45,5,1,"","claims"
en_world,"independent marine claims adjuster",CLAIMS,GENERICA,SERVICIO,10,UNKNOWN,0,0.00,0.00,0.00,-36,1,1,"","claims"
en_world,"marine cargo claims tetley pdf",CLAIMS,GENERICA,EXCLUIR,10,LOW,0,0.00,0.00,0.00,28,4,1,"","claims"
en_world,"marine insurance claim denied",CLAIMS,GENERICA,SERVICIO,10,UNKNOWN,0,0.00,0.00,0.00,-58,3,1,"","claims"
en_world,"marine insurance claims adjusting services",CLAIMS,COMERCIAL,SERVICIO,10,LOW,0,0.00,0.00,0.00,0,1,1,"","claims"
en_world,"marine loss adjuster jobs",CLAIMS,GENERICA,EXCLUIR,10,LOW,6,161.98,0.00,0.00,-21,10,1,"","claims"
en_world,"maritime insurance claims",CLAIMS,INFORMACIONAL,BLOG_CORE,10,LOW,2,0.00,0.00,0.00,-8,10,1,"","claims"
en_world,"montreal convention cargo claims",CLAIMS,GENERICA,SERVICIO,10,LOW,0,0.00,0.00,0.00,-1,2,1,"","claims"
en_world,"motor carrier cargo claims",CLAIMS,GENERICA,SERVICIO,10,LOW,0,0.00,0.00,0.00,-27,1,1,"","claims"
en_world,"nautilus marine claims",CLAIMS,GENERICA,SERVICIO,10,LOW,0,0.00,0.00,0.00,10,1,1,"","claims"
en_world,"noble marine claims",CLAIMS,GENERICA,SERVICIO,10,LOW,4,0.00,0.00,0.00,8,9,1,"","claims"
en_world,"ocean marine claims",CLAIMS,GENERICA,SERVICIO,10,LOW,1,0.00,0.00,0.00,-8,1,1,"","claims"
en_world,"premier marine claims",CLAIMS,GENERICA,SERVICIO,10,LOW,0,0.00,0.00,0.00,-8,7,1,"","claims"
en_world,"qatar airways cargo claims",CLAIMS,GENERICA,SERVICIO,10,LOW,0,0.00,0.00,0.00,0,1,1,"","claims"
en_world,"shourai marine claims",CLAIMS,GENERICA,SERVICIO,10,LOW,3,0.00,0.00,0.00,7,1,1,"","claims"
en_world,"st paul fire and marine insurance claims",CLAIMS,GENERICA,SERVICIO,10,MEDIUM,43,0.00,0.00,0.00,28,6,1,"","claims"
en_world,"tetley marine cargo claims",CLAIMS,GENERICA,SERVICIO,10,LOW,0,0.00,0.00,0.00,-32,4,1,"","claims"
en_world,"the travelers home and marine insurance company claims",CLAIMS,COMERCIAL,EXCLUIR,10,UNKNOWN,0,0.00,0.00,0.00,-8,1,1,"","claims"
en_world,"tokio marine america insurance company claims",CLAIMS,COMERCIAL,SERVICIO,10,LOW,0,0.00,0.00,0.00,-58,6,1,"","claims"
en_world,"tokio marine hcc claims",CLAIMS,GENERICA,SERVICIO,10,LOW,0,0.00,0.00,0.00,-15,1,1,"","claims"
en_world,"tokio marine medical insurance claims",CLAIMS,GENERICA,SERVICIO,10,UNKNOWN,0,0.00,0.00,0.00,-18,1,1,"","claims"
en_world,"tokio marine motor insurance claim",CLAIMS,GENERICA,SERVICIO,10,LOW,14,1723.61,0.00,0.00,0,1,1,"","claims"
en_world,"types of cargo claims",CLAIMS,GENERICA,SERVICIO,10,LOW,0,0.00,0.00,0.00,0,1,1,"","claims"
en_world,"types of cargo damage",CLAIMS,GENERICA,SERVICIO,10,LOW,0,0.00,0.00,0.00,-66,3,1,"","claims"
en_world,"ups capital marine claims adjuster",CLAIMS,GENERICA,EXCLUIR,10,UNKNOWN,0,0.00,0.00,0.00,-54,1,1,"","claims"
en_world,"ups cargo claims",CLAIMS,GENERICA,EXCLUIR,10,LOW,9,3322.37,0.00,0.00,25,6,1,"","claims"
en_world,"www afklcargo com claims",CLAIMS,GENERICA,SERVICIO,10,UNKNOWN,0,0.00,0.00,0.00,1,1,1,"","claims"
en_world,"yrc cargo claims",CLAIMS,GENERICA,SERVICIO,10,UNKNOWN,0,0.00,0.00,0.00,-90,1,1,"","claims"
en_world,"yrc freight claims",FUERA,GENERICA,EXCLUIR,10,LOW,0,0.00,0.00,0.00,-26,3,1,"","claims"
en_world,"zurich marine claims",CLAIMS,GENERICA,SERVICIO,10,LOW,5,0.00,0.00,0.00,-16,11,1,"","claims"
en_world,"lightering services",STS_OFFSHORE,COMERCIAL,SERVICIO,10,LOW,0,0.00,0.00,0.00,-15,3,1,"","offshore_sts"
en_world,"offshore day trading platforms",STS_OFFSHORE,GENERICA,SERVICIO,10,UNKNOWN,0,0.00,0.00,0.00,-8,6,1,"","offshore_sts"
en_world,"offshore stock trading platforms",STS_OFFSHORE,GENERICA,SERVICIO,10,MEDIUM,43,5734.94,0.00,0.00,-15,4,1,"","offshore_sts"
en_world,"best offshore day trading platforms",STS_OFFSHORE,GENERICA,SERVICIO,10,UNKNOWN,0,0.00,0.00,0.00,-87,1,1,"","offshore_sts"
en_world,"best offshore trading platform",STS_OFFSHORE,GENERICA,SERVICIO,10,MEDIUM,50,324541.29,1680.88,27660.03,-20,11,1,"","offshore_sts"
en_world,"ics ocimf ship to ship transfer guide",STS_OFFSHORE,INFORMACIONAL,BLOG_CORE,10,LOW,0,0.00,0.00,0.00,8,3,1,"","offshore_sts"
en_world,"logistics offshore support",STS_OFFSHORE,GENERICA,SERVICIO,10,LOW,0,0.00,0.00,0.00,-67,2,1,"","offshore_sts"
en_world,"national oil fields and terminals catering company",OTRO,COMERCIAL,REVISAR,10,LOW,0,0.00,0.00,0.00,-20,6,1,"","offshore_sts"
en_world,"nola oil terminal llc",STS_OFFSHORE,GENERICA,SERVICIO,10,LOW,0,0.00,0.00,0.00,-8,1,1,"","offshore_sts"
en_world,"offshore marine support",STS_OFFSHORE,GENERICA,SERVICIO,10,LOW,0,0.00,0.00,0.00,-72,3,1,"","offshore_sts"
en_world,"oil and gas terminal operations",OTRO,GENERICA,REVISAR,10,LOW,0,0.00,0.00,0.00,-50,2,1,"","offshore_sts"
en_world,"ship to ship lpg transfer",STS_OFFSHORE,GENERICA,SERVICIO,10,UNKNOWN,0,0.00,0.00,0.00,-63,2,1,"","offshore_sts"
en_world,"ship to ship transfer checklist",STS_OFFSHORE,INFORMACIONAL,BLOG_CORE,10,LOW,6,0.00,0.00,0.00,-46,3,1,"","offshore_sts"
en_world,"ship to ship transfer companies",STS_OFFSHORE,GENERICA,SERVICIO,10,LOW,1,0.00,0.00,0.00,-27,3,1,"","offshore_sts"
en_world,"ship to ship transfer guide petroleum",STS_OFFSHORE,INFORMACIONAL,BLOG_CORE,10,LOW,8,0.00,0.00,0.00,-14,9,1,"","offshore_sts"
en_world,"ship to ship transfer regulations",STS_OFFSHORE,INFORMACIONAL,BLOG_CORE,10,LOW,0,0.00,0.00,0.00,-56,3,1,"","offshore_sts"
en_world,"viking offshore support services limited",STS_OFFSHORE,COMERCIAL,SERVICIO,10,LOW,0,0.00,0.00,0.00,-8,2,1,"","offshore_sts"
en_world,"ship management panama",CONSULT,COMERCIAL,SERVICIO_PANAMA,10,LOW,0,0.00,0.00,0.00,-8,6,1,"","consultoria"
en_world,"small business shipping consultant",CONSULT,COMERCIAL,SERVICIO,10,UNKNOWN,0,0.00,0.00,0.00,-54,1,1,"","consultoria"
en_world,"brl shipping consultants",CONSULT,COMERCIAL,SERVICIO,10,LOW,0,0.00,0.00,0.00,-15,1,1,"","consultoria"
en_world,"cruise ship charter brokers",CONSULT,COMERCIAL,EXCLUIR,10,UNKNOWN,0,0.00,0.00,0.00,-77,3,1,"","consultoria"
en_world,"drewry shipping insight",OTRO,GENERICA,REVISAR,10,LOW,17,1469.14,0.00,0.00,0,1,1,"","consultoria"
en_world,"global marine consultancy and services",CONSULT,COMERCIAL,SERVICIO,10,UNKNOWN,0,0.00,0.00,0.00,-49,3,1,"","consultoria"
en_world,"global marine consulting ltd",CONSULT,GENERICA,SERVICIO,10,LOW,0,0.00,0.00,0.00,-8,10,1,"","consultoria"
en_world,"global maritime enterprises ltd",OTRO,INFORMACIONAL,REVISAR,10,LOW,24,20830.16,0.00,0.00,-31,1,1,"","consultoria"
en_world,"global maritime supply pty ltd",OTRO,INFORMACIONAL,REVISAR,10,LOW,0,0.00,0.00,0.00,-15,2,1,"","consultoria"
en_world,"maersk inhouse consulting",FUERA,GENERICA,EXCLUIR,10,LOW,0,0.00,0.00,0.00,-1,1,1,"","consultoria"
en_world,"maersk panama office",OTRO,COMERCIAL,REVISAR,10,LOW,0,0.00,0.00,0.00,-8,10,1,"","consultoria"
en_world,"maersk sealand panama",OTRO,COMERCIAL,REVISAR,10,LOW,6,0.00,0.00,0.00,12,1,2,"sealand maersk panama","consultoria"
en_world,"marine consulting firms",CONSULT,COMERCIAL,SERVICIO,10,HIGH,100,0.00,0.00,0.00,-2,11,1,"","consultoria"
en_world,"maritime management consulting",CONSULT,INFORMACIONAL,BLOG_CORE,10,LOW,0,0.00,0.00,0.00,-60,3,1,"","consultoria"
en_world,"ofac advisory to the maritime petroleum shipping community",CONSULT,INFORMACIONAL,BLOG_CORE,10,LOW,0,0.00,0.00,0.00,-27,9,1,"","consultoria"
en_world,"panama maritime administration",OTRO,INFORMACIONAL,REVISAR,10,LOW,0,0.00,0.00,0.00,-19,2,1,"","consultoria info url:orcashipsagents.com"
en_world,"panama shipping agency & services",AGENCIA,COMERCIAL,SERVICIO_PANAMA,10,LOW,0,0.00,0.00,0.00,0,1,1,"","consultoria url:adimarships.com url:lethagencies.com url:orcashipsagents.com"
en_world,"parcel shipping consultant",CONSULT,COMERCIAL,EXCLUIR,10,LOW,18,208778.04,0.00,0.00,-37,1,2,"parcel shipping consultants","consultoria"
en_world,"sea intelligence consulting",FUERA,GENERICA,EXCLUIR,10,LOW,0,0.00,0.00,0.00,-15,1,1,"","consultoria"
en_world,"ship brokering and chartering practice",CONSULT,COMERCIAL,SERVICIO,10,LOW,32,0.00,0.00,0.00,0,1,1,"","consultoria"
en_world,"shipping business consultants",CONSULT,COMERCIAL,SERVICIO,10,LOW,0,0.00,0.00,0.00,-21,3,1,"","consultoria"
en_world,"shreysun global maritime consultant",CONSULT,COMERCIAL,SERVICIO,10,UNKNOWN,0,0.00,0.00,0.00,-54,1,1,"","consultoria"
en_world,"skagen ship consulting",CONSULT,GENERICA,SERVICIO,10,LOW,0,0.00,0.00,0.00,-56,11,1,"","consultoria"
en_world,"the shipbrokers working knowledge",CONSULT,COMERCIAL,SERVICIO,10,LOW,21,0.00,0.00,0.00,-8,7,1,"","consultoria"
en_world,"the society of consulting marine engineers and ship surveyors",SURVEY,COMERCIAL,SERVICIO,10,LOW,2,0.00,0.00,0.00,0,1,1,"","consultoria"
en_world,"vts shipping agency marine survey & consultancy services",SURVEY,COMERCIAL,SERVICIO,10,UNKNOWN,0,0.00,0.00,0.00,-24,1,1,"","consultoria"
en_world,"how much is a cruise to panama canal",INFO_CANAL,INFORMACIONAL,EXCLUIR,10,MEDIUM,64,8144.91,846.36,5516.64,0,1,1,"","info"
en_world,"panama canal cruise old locks",INFO_CANAL,INFORMACIONAL,EXCLUIR,10,MEDIUM,52,6679.10,2022.85,11039.28,-21,6,1,"","info"
en_world,"panama canal miraflores locks tour",INFO_CANAL,INFORMACIONAL,EXCLUIR,10,MEDIUM,57,8244.31,4676.76,7788.61,42,2,1,"","info"
en_world,"agua clara colon panama",OTRO,COMERCIAL,REVISAR,10,LOW,0,0.00,0.00,0.00,25,1,1,"","info"
en_world,"colon free zone panama sea port",OTRO,COMERCIAL,REVISAR,10,LOW,0,0.00,0.00,0.00,-33,1,1,"","info"
en_world,"colon panama port webcam",OTRO,COMERCIAL,EXCLUIR,10,LOW,0,0.00,0.00,0.00,-8,1,1,"","info"
en_world,"colon port terminal panama",OTRO,COMERCIAL,REVISAR,10,LOW,0,0.00,0.00,0.00,-8,1,1,"","info"
en_world,"colon terminal panama",OTRO,COMERCIAL,REVISAR,10,LOW,3,2569.38,0.00,0.00,-24,11,1,"","info url:orcashipsagents.com"
en_world,"cost for cruise ship to transit panama canal",INFO_CANAL,INFORMACIONAL,EXCLUIR,10,LOW,21,0.00,0.00,0.00,-50,1,2,"cost for a cruise ship to transit the panama canal","info"
en_world,"panama canal cost to transit",INFO_CANAL,INFORMACIONAL,BLOG_CORE,10,LOW,0,0.00,0.00,0.00,-52,1,2,"cost for panama canal transit","info url:adimarships.com"
en_world,"cristobal panama cruise port",INFO_CANAL,INFORMACIONAL,EXCLUIR,10,UNKNOWN,0,0.00,0.00,0.00,-33,12,1,"","info"
en_world,"cruise port in panama city panama",OTRO,COMERCIAL,EXCLUIR,10,LOW,16,0.00,0.00,0.00,-2,2,1,"","info url:orcashipsagents.com"
en_world,"daylight transit panama canal",INFO_CANAL,INFORMACIONAL,BLOG_GENERAL,10,LOW,29,0.00,0.00,0.00,-39,11,1,"","info"
en_world,"fuerte amador panama for panama city",OTRO,COMERCIAL,REVISAR,10,LOW,12,0.00,0.00,0.00,8,1,1,"","info"
en_world,"how much cost to cross panama canal",INFO_CANAL,INFORMACIONAL,BLOG_CORE,10,LOW,3,0.00,0.00,0.00,-64,1,1,"","info"
en_world,"how much cost to go through panama canal",INFO_CANAL,INFORMACIONAL,BLOG_CORE,10,LOW,0,0.00,0.00,0.00,-43,1,1,"","info"
en_world,"how much does it cost to pass through panama canal",INFO_CANAL,INFORMACIONAL,BLOG_CORE,10,LOW,0,0.00,0.00,0.00,-31,1,1,"","info"
en_world,"how much it cost to cross the panama canal",INFO_CANAL,INFORMACIONAL,BLOG_CORE,10,LOW,1,0.00,0.00,0.00,-28,1,1,"","info"
en_world,"how much panama canal cost",INFO_CANAL,INFORMACIONAL,BLOG_CORE,10,LOW,0,0.00,0.00,0.00,-77,12,1,"","info"
en_world,"how much to transit the panama canal",INFO_CANAL,INFORMACIONAL,BLOG_GENERAL,10,LOW,1,0.00,0.00,0.00,6,1,1,"","info"
en_world,"manzanillo island panama",INFO_CANAL,INFORMACIONAL,BLOG_CORE,10,LOW,0,0.00,0.00,0.00,-8,1,1,"","info"
en_world,"miraflores locks visitor center panamá",INFO_CANAL,INFORMACIONAL,EXCLUIR,10,UNKNOWN,0,0.00,0.00,0.00,1,1,1,"","info"
en_world,"miraflores panama visitor center",OTRO,COMERCIAL,EXCLUIR,10,HIGH,86,5560.68,0.00,0.00,-27,11,1,"","info"
en_world,"miraflores visitor center at the panama canal",INFO_CANAL,INFORMACIONAL,EXCLUIR,10,LOW,14,0.00,0.00,0.00,-37,2,1,"","info"
en_world,"new panama canal opening date",INFO_CANAL,INFORMACIONAL,BLOG_GENERAL,10,LOW,0,0.00,0.00,0.00,-15,1,1,"","info"
en_world,"new panama canal requirements",INFO_CANAL,INFORMACIONAL,BLOG_CORE,10,LOW,0,0.00,0.00,0.00,-28,9,1,"","info"
en_world,"panama canal & locks transit by boat",INFO_CANAL,INFORMACIONAL,BLOG_GENERAL,10,MEDIUM,37,0.00,0.00,0.00,15,1,1,"","info"
en_world,"panama canal at miraflores locks",INFO_CANAL,INFORMACIONAL,BLOG_GENERAL,10,LOW,0,0.00,0.00,0.00,-39,1,1,"","info"
en_world,"panama canal booking system",AGENCIA,COMERCIAL,SERVICIO_PANAMA,10,LOW,4,0.00,0.00,0.00,11,1,1,"","info"
en_world,"panama canal expansion 2021",INFO_CANAL,INFORMACIONAL,BLOG_GENERAL,10,UNKNOWN,0,0.00,0.00,0.00,-54,4,1,"","info"
en_world,"panama canal expansion cost",INFO_CANAL,INFORMACIONAL,BLOG_CORE,10,LOW,0,0.00,0.00,0.00,-83,1,1,"","info"
en_world,"panama canal expansion impact",INFO_CANAL,INFORMACIONAL,BLOG_GENERAL,10,UNKNOWN,0,0.00,0.00,0.00,-36,1,1,"","info"
en_world,"panama canal fees for cruise ships",INFO_CANAL,INFORMACIONAL,EXCLUIR,10,LOW,0,0.00,0.00,0.00,-95,1,1,"","info info_2 url:orcashipsagents.com"
en_world,"panama canal highest toll paid",INFO_CANAL,INFORMACIONAL,BLOG_CORE,10,LOW,0,0.00,0.00,0.00,-99,1,1,"","info"
en_world,"panama canal historic locks",INFO_CANAL,INFORMACIONAL,BLOG_GENERAL,10,LOW,30,15441.99,1442.12,9745.67,-41,11,1,"","info"
en_world,"panama canal miraflores camera",INFO_CANAL,INFORMACIONAL,EXCLUIR,10,LOW,0,0.00,0.00,0.00,-8,1,1,"","info"
en_world,"panama canal museum miraflores",INFO_CANAL,INFORMACIONAL,EXCLUIR,10,LOW,3,0.00,0.00,0.00,5,10,1,"","info"
en_world,"panama canal port authority",INFO_CANAL,INFORMACIONAL,BLOG_CORE,10,LOW,0,0.00,0.00,0.00,-30,1,1,"","info url:lethagencies.com url:orcashipsagents.com"
en_world,"panama canal ship transit schedule",INFO_CANAL,INFORMACIONAL,BLOG_CORE,10,LOW,0,0.00,0.00,0.00,-8,1,1,"","info url:adimarships.com url:panamashipservice.com url:orcashipsagents.com"
en_world,"panama canal train schedule",INFO_CANAL,INFORMACIONAL,BLOG_CORE,10,LOW,0,0.00,0.00,0.00,0,1,1,"","info"
en_world,"panama canal transit requirements",INFO_CANAL,INFORMACIONAL,BLOG_CORE,10,LOW,0,0.00,0.00,0.00,-1,3,1,"","info url:orcashipsagents.com"
en_world,"panama city colon port",OTRO,COMERCIAL,REVISAR,10,UNKNOWN,0,0.00,0.00,0.00,,8,1,"","info"
en_world,"panama city miraflores locks visitor center",INFO_CANAL,INFORMACIONAL,EXCLUIR,10,LOW,32,1656.88,570.56,2893.04,0,1,1,"","info"
en_world,"panama city panama cruise terminal",OTRO,COMERCIAL,EXCLUIR,10,LOW,6,0.00,0.00,0.00,30,11,1,"","info url:orcashipsagents.com"
en_world,"panama colon container terminal",INFO_CANAL,INFORMACIONAL,BLOG_GENERAL,10,LOW,4,0.00,0.00,0.00,-37,3,1,"","info"
en_world,"panama flag authority",INFO_CANAL,INFORMACIONAL,BLOG_CORE,10,LOW,9,2506.41,0.00,0.00,-21,2,1,"","info"
en_world,"panama flag port of registry",INFO_CANAL,INFORMACIONAL,BLOG_CORE,10,LOW,7,0.00,0.00,0.00,-2,1,1,"","info"
en_world,"panama flag ship registry",INFO_CANAL,INFORMACIONAL,BLOG_CORE,10,LOW,10,3430.05,0.00,0.00,-15,3,1,"","info"
en_world,"panama maritime authority official website",INFO_CANAL,INFORMACIONAL,BLOG_CORE,10,UNKNOWN,0,0.00,0.00,0.00,-8,1,1,"","info"
en_world,"panama maritime authority segumar",INFO_CANAL,INFORMACIONAL,BLOG_CORE,10,LOW,2,0.00,0.00,0.00,-40,2,1,"","info"
en_world,"panama new cruise terminal",OTRO,COMERCIAL,EXCLUIR,10,UNKNOWN,0,0.00,0.00,0.00,-87,10,1,"","info"
en_world,"panama port list",OTRO,INFORMACIONAL,REVISAR,10,LOW,0,0.00,0.00,0.00,-69,1,1,"","info"
en_world,"panama rodman port",OTRO,COMERCIAL,REVISAR,10,LOW,0,0.00,0.00,0.00,-23,5,1,"","info"
en_world,"panama yacht registry",INFO_CANAL,INFORMACIONAL,BLOG_CORE,10,MEDIUM,46,30518.86,0.00,0.00,-25,1,1,"","info"
en_world,"pedro miguel panama canal zone",INFO_CANAL,INFORMACIONAL,BLOG_GENERAL,10,LOW,0,0.00,0.00,0.00,-22,1,1,"","info"
en_world,"register ship in panama",OTRO,COMERCIAL,REVISAR,10,UNKNOWN,0,0.00,0.00,0.00,-33,2,1,"","info"
en_world,"time to transit panama canal",INFO_CANAL,INFORMACIONAL,BLOG_GENERAL,10,LOW,0,0.00,0.00,0.00,-31,1,1,"","info url:adimarships.com url:orcashipsagents.com"
en_world,"what does it cost to transit the panama canal",INFO_CANAL,INFORMACIONAL,BLOG_CORE,10,LOW,0,0.00,0.00,0.00,-36,1,1,"","info"
en_world,"panama canal fees 2020",INFO_CANAL,INFORMACIONAL,BLOG_CORE,10,LOW,0,0.00,0.00,0.00,38,1,1,"","info_2"
en_world,"panama canal fees 2021 cargo ship",INFO_CANAL,INFORMACIONAL,EXCLUIR,10,UNKNOWN,0,0.00,0.00,0.00,-74,9,1,"","info_2"
en_world,"panama canal fees 2022",INFO_CANAL,INFORMACIONAL,BLOG_CORE,10,UNKNOWN,0,0.00,0.00,0.00,-54,4,1,"","info_2"
en_world,"panama canal shipping delays",INFO_CANAL,INFORMACIONAL,BLOG_CORE,10,LOW,0,0.00,0.00,0.00,-57,3,1,"","info_2 url:adimarships.com url:panamashipservice.com url:orcashipsagents.com"
en_world,"price to cross panama canal",INFO_CANAL,INFORMACIONAL,BLOG_CORE,10,LOW,2,0.00,0.00,0.00,-59,1,1,"","info_2"
en_world,"associated steamship agents",CONQUEST,NAVEGACIONAL,CONQUEST,10,LOW,3,0.00,0.00,0.00,-8,1,1,"","conquest"
en_world,"cross world agency",CONQUEST,NAVEGACIONAL,CONQUEST,10,LOW,2,0.00,0.00,0.00,-32,2,1,"","conquest"
en_world,"shipping to panama city panama",OTRO,COMERCIAL,EXCLUIR,10,HIGH,86,18714.64,7884.85,38433.63,-15,1,1,"","conquest"
en_world,"international shipping to panama",OTRO,COMERCIAL,EXCLUIR,10,HIGH,86,0.00,0.00,0.00,0,1,1,"","conquest url:gac.com url:orcashipsagents.com"
en_world,"ship chandlers in panama",CONSULT,COMERCIAL,SERVICIO_PANAMA,10,LOW,0,0.00,0.00,0.00,22,1,1,"","conquest"
en_world,"wilhelmsen ships service panama",CONQUEST,NAVEGACIONAL,CONQUEST,10,LOW,5,0.00,0.00,0.00,22,1,1,"","conquest"
en_world,"as shipping agency",AGENCIA,COMERCIAL,SERVICIO,10,LOW,6,0.00,0.00,0.00,22,6,1,"","url:adimarships.com url:orcashipsagents.com"
en_world,"panama canal to panama",INFO_CANAL,INFORMACIONAL,BLOG_GENERAL,10,LOW,0,0.00,0.00,0.00,-73,1,1,"","url:adimarships.com url:lethagencies.com url:orcashipsagents.com"
en_world,"shipping ship ship",OTRO,GENERICA,REVISAR,10,LOW,0,0.00,0.00,0.00,-19,1,2,"the ship shipping ship","url:adimarships.com url:orcashipsagents.com"
en_world,"the shipping times",OTRO,INFORMACIONAL,REVISAR,10,LOW,0,0.00,0.00,0.00,-14,7,1,"","url:adimarships.com url:panamashipservice.com"
en_world,"shipping from us to panama",OTRO,COMERCIAL,EXCLUIR,10,HIGH,67,6334.35,2318.33,11271.93,-40,2,1,"","url:adimarships.com"
en_world,"transit in panama",OTRO,COMERCIAL,REVISAR,10,LOW,2,0.00,0.00,0.00,-30,1,1,"","url:adimarships.com url:panamashipservice.com url:lethagencies.com url:orcashipsagents.com"
en_world,"it in shipping industry",OTRO,GENERICA,REVISAR,10,LOW,17,2648.95,0.00,0.00,-21,6,1,"","url:adimarships.com url:panamashipservice.com"
en_world,"ship it all",OTRO,GENERICA,REVISAR,10,LOW,21,0.00,0.00,0.00,-15,6,1,"","url:adimarships.com url:gac.com url:lethagencies.com"
en_world,"shipping vessel cost",OTRO,INFORMACIONAL,REVISAR,10,LOW,0,0.00,0.00,0.00,-26,3,1,"","url:adimarships.com url:panamashipservice.com"
en_world,"panama canal transit live",INFO_CANAL,INFORMACIONAL,BLOG_GENERAL,10,LOW,0,0.00,0.00,0.00,-38,1,1,"","url:adimarships.com"
en_world,"about shipping industry",OTRO,GENERICA,REVISAR,10,LOW,0,0.00,0.00,0.00,-26,6,1,"","url:adimarships.com url:panamashipservice.com url:lethagencies.com"
en_world,"transit time vessel",OTRO,INFORMACIONAL,REVISAR,10,LOW,11,0.00,0.00,0.00,-48,9,1,"","url:adimarships.com url:panamashipservice.com"
en_world,"ship transportation cost",OTRO,INFORMACIONAL,REVISAR,10,HIGH,86,1489.08,0.00,0.00,-15,2,1,"","url:panamashipservice.com"
en_world,"industrial shipping companies",OTRO,GENERICA,REVISAR,10,MEDIUM,45,49429.25,0.00,0.00,-37,4,1,"","url:panamashipservice.com"
en_world,"www shipping company",CONSULT,COMERCIAL,SERVICIO,10,MEDIUM,52,0.00,0.00,0.00,-46,9,1,"","url:panamashipservice.com url:gac.com"
en_world,"ship class survey",SURVEY,GENERICA,SERVICIO,10,LOW,0,0.00,0.00,0.00,-35,1,1,"","url:panamashipservice.com"
en_world,"the marine shipping",OTRO,GENERICA,REVISAR,10,LOW,0,0.00,0.00,0.00,-40,10,1,"","url:panamashipservice.com"
en_world,"shipping and shipment",OTRO,GENERICA,REVISAR,10,LOW,0,0.00,0.00,0.00,-2,1,1,"","url:panamashipservice.com"
en_world,"seafaring industry",OTRO,GENERICA,REVISAR,10,LOW,0,0.00,0.00,0.00,-47,1,1,"","url:panamashipservice.com"
en_world,"marine service and repair",OTRO,COMERCIAL,REVISAR,10,MEDIUM,34,0.00,10965.06,35746.10,-36,9,1,"","url:panamashipservice.com"
en_world,"about shipping company",CONSULT,COMERCIAL,SERVICIO,10,LOW,8,0.00,0.00,0.00,-51,3,1,"","url:panamashipservice.com url:lethagencies.com url:orcashipsagents.com"
en_world,"panama canal shipping supply",INFO_CANAL,INFORMACIONAL,BLOG_GENERAL,10,LOW,21,0.00,0.00,0.00,-14,4,1,"","url:panamashipservice.com url:orcashipsagents.com"
en_world,"marine garbage disposal",OTRO,GENERICA,REVISAR,10,LOW,11,0.00,0.00,0.00,-45,3,1,"","url:panamashipservice.com"
en_world,"pricing in shipping industry",OTRO,GENERICA,REVISAR,10,LOW,0,0.00,0.00,0.00,-34,3,1,"","url:panamashipservice.com"
en_world,"supply vessel shipping company",CONSULT,COMERCIAL,SERVICIO,10,LOW,11,1758.29,0.00,0.00,15,9,1,"","url:panamashipservice.com"
en_world,"at shipping company",CONSULT,COMERCIAL,SERVICIO,10,LOW,26,7921.47,4749.50,23267.83,17,2,1,"","url:panamashipservice.com url:gac.com url:lethagencies.com"
en_world,"the marine industry",OTRO,GENERICA,REVISAR,10,LOW,0,0.00,0.00,0.00,-26,1,1,"","url:panamashipservice.com"
en_world,"shipping from usa to saudi arabia by sea",OTRO,GENERICA,EXCLUIR,10,HIGH,86,7816.83,2582.00,8287.86,-35,1,1,"","url:gac.com"
en_world,"maritime ship cleaning",OTRO,INFORMACIONAL,REVISAR,10,LOW,1,0.00,0.00,0.00,-15,12,1,"","url:gac.com"
en_world,"shipping agency in germany",AGENCIA,COMERCIAL,SERVICIO,10,LOW,30,37392.99,1691.75,10463.21,-8,1,1,"","url:gac.com"
en_world,"global shipping contact number",OTRO,GENERICA,REVISAR,10,LOW,23,0.00,3676.85,13976.06,-3,9,1,"","url:gac.com"
en_world,"marine firms",OTRO,COMERCIAL,REVISAR,10,HIGH,86,0.00,0.00,0.00,0,9,1,"","url:gac.com url:24marine.com"
en_world,"shipping from south africa to europe",OTRO,GENERICA,EXCLUIR,10,MEDIUM,33,0.00,0.00,0.00,-8,2,1,"","url:gac.com"
en_world,"ship in abu dhabi",OTRO,GENERICA,REVISAR,10,LOW,0,0.00,0.00,0.00,-63,12,1,"","url:gac.com"
en_world,"shipping agency malaysia",AGENCIA,COMERCIAL,SERVICIO,10,LOW,9,4825.67,0.00,0.00,-27,9,1,"","url:gac.com"
en_world,"bangladesh shipping agency",AGENCIA,COMERCIAL,SERVICIO,10,LOW,21,1474.51,0.00,0.00,-1,11,1,"","url:gac.com"
en_world,"cleaning agency hull",AGENCIA,COMERCIAL,SERVICIO,10,HIGH,79,24244.79,8298.27,33659.68,-25,11,1,"","url:gac.com"
en_world,"find shipping company",CONSULT,COMERCIAL,EXCLUIR,10,MEDIUM,38,177.13,5841.77,35655.26,-21,4,1,"","url:gac.com"
en_world,"gac delivering your strategy",CONQUEST,NAVEGACIONAL,CONQUEST,10,LOW,10,1991.36,0.00,0.00,17,1,1,"","url:gac.com"
en_world,"gac logistics park dubai",CONQUEST,NAVEGACIONAL,CONQUEST,10,LOW,29,0.00,0.00,0.00,-8,2,1,"","url:gac.com"
en_world,"gac shipping bahrain",CONQUEST,NAVEGACIONAL,CONQUEST,10,LOW,1,0.00,0.00,0.00,-36,2,1,"","url:gac.com"
en_world,"gac shipping greece",CONQUEST,NAVEGACIONAL,CONQUEST,10,LOW,0,0.00,0.00,0.00,0,1,1,"","url:gac.com"
en_world,"requirements for international shipping",OTRO,INFORMACIONAL,REVISAR,10,LOW,15,1107.35,0.00,0.00,-45,3,1,"","url:gac.com"
en_world,"shipping agency in qatar",AGENCIA,COMERCIAL,SERVICIO,10,MEDIUM,57,3360.50,2253.09,5475.02,-34,1,1,"","url:gac.com"
en_world,"shipping agency malta",AGENCIA,COMERCIAL,SERVICIO,10,MEDIUM,33,0.00,0.00,0.00,-42,10,1,"","url:gac.com"
en_world,"through the panama canal",INFO_CANAL,INFORMACIONAL,BLOG_GENERAL,10,LOW,21,12807.23,0.00,0.00,-27,2,1,"","url:gac.com url:orcashipsagents.com"
en_world,"transit to ship",OTRO,GENERICA,REVISAR,10,LOW,1,0.00,0.00,0.00,-40,10,1,"","url:gac.com"
en_world,"about inchcape shipping services",CONQUEST,NAVEGACIONAL,EXCLUIR,10,LOW,0,0.00,0.00,0.00,0,1,1,"","url:lethagencies.com"
en_world,"panama canal calculator",INFO_CANAL,INFORMACIONAL,BLOG_GENERAL,10,LOW,0,0.00,0.00,0.00,-32,1,1,"","url:lethagencies.com"
en_world,"full service shipping",OTRO,COMERCIAL,REVISAR,10,MEDIUM,59,0.00,9005.90,61795.53,-21,6,1,"","url:lethagencies.com"
en_world,"transit suez canal",INFO_CANAL,INFORMACIONAL,EXCLUIR,10,LOW,0,0.00,0.00,0.00,-1,3,1,"","url:lethagencies.com"
en_world,"panama toll calculator",INFO_CANAL,INFORMACIONAL,BLOG_CORE,10,LOW,0,0.00,0.00,0.00,-40,1,1,"","url:lethagencies.com"
en_world,"as shipping company",CONSULT,COMERCIAL,SERVICIO,10,LOW,4,0.00,0.00,0.00,-8,11,1,"","url:lethagencies.com url:orcashipsagents.com"
en_world,"inchcape shipping services owner",CONQUEST,NAVEGACIONAL,EXCLUIR,10,LOW,0,0.00,0.00,0.00,22,2,1,"","url:lethagencies.com"
en_world,"shipping company from",CONSULT,COMERCIAL,SERVICIO,10,LOW,16,0.00,0.00,0.00,-37,3,1,"","url:lethagencies.com"
en_world,"inchcape shipping services head office",CONQUEST,NAVEGACIONAL,EXCLUIR,10,LOW,0,0.00,0.00,0.00,-19,3,1,"","url:lethagencies.com"
en_world,"local shipping lines",OTRO,GENERICA,REVISAR,10,LOW,2,0.00,0.00,0.00,-28,4,1,"","url:lethagencies.com"
en_world,"inchcape shipping services korea",CONQUEST,NAVEGACIONAL,EXCLUIR,10,LOW,3,0.00,0.00,0.00,-1,5,1,"","url:lethagencies.com"
en_world,"port & authority",INFO_CANAL,INFORMACIONAL,BLOG_CORE,10,HIGH,100,15774.20,1617.18,5578.48,-21,1,1,"","url:lethagencies.com"
en_world,"ship chandelling services",OTRO,COMERCIAL,REVISAR,10,LOW,10,0.00,0.00,0.00,-36,9,1,"","url:lethagencies.com url:orcashipsagents.com"
en_world,"vessel suez canal",INFO_CANAL,INFORMACIONAL,EXCLUIR,10,LOW,0,0.00,0.00,0.00,-43,6,1,"","url:lethagencies.com"
en_world,"charter vessel shipping company",CONSULT,COMERCIAL,SERVICIO,10,MEDIUM,40,30179.78,2156.40,19149.60,-59,1,1,"","url:orcashipsagents.com"
en_world,"panama canal cost to go through",INFO_CANAL,INFORMACIONAL,BLOG_CORE,10,LOW,0,0.00,0.00,0.00,-74,1,1,"","url:orcashipsagents.com"
en_world,"cruise ship terminal panama city",OTRO,COMERCIAL,EXCLUIR,10,LOW,0,0.00,0.00,0.00,-23,1,1,"","url:orcashipsagents.com"
en_world,"cruise ships in panama canal today",INFO_CANAL,INFORMACIONAL,EXCLUIR,10,LOW,5,0.00,0.00,0.00,20,1,1,"","url:orcashipsagents.com"
en_world,"panama canal c",INFO_CANAL,INFORMACIONAL,BLOG_GENERAL,10,LOW,0,0.00,0.00,0.00,-29,1,1,"","url:orcashipsagents.com"
en_world,"view of panama canal",INFO_CANAL,INFORMACIONAL,BLOG_GENERAL,10,LOW,13,0.00,0.00,0.00,-41,1,1,"","url:orcashipsagents.com"
en_world,"panama canal management",INFO_CANAL,INFORMACIONAL,BLOG_GENERAL,10,LOW,0,0.00,0.00,0.00,-82,1,1,"","url:orcashipsagents.com"
en_world,"panama canal cruise season",INFO_CANAL,INFORMACIONAL,EXCLUIR,10,LOW,29,0.00,0.00,0.00,-8,4,1,"","url:orcashipsagents.com"
en_world,"port authority panama city",INFO_CANAL,INFORMACIONAL,BLOG_CORE,10,LOW,0,0.00,0.00,0.00,-42,1,1,"","url:orcashipsagents.com"
en_world,"ship crew change",AGENCIA,GENERICA,SERVICIO,10,LOW,0,0.00,0.00,0.00,-37,2,2,"crew change in ship","url:orcashipsagents.com"
en_world,"more shipping company",CONSULT,COMERCIAL,SERVICIO,10,LOW,13,0.00,0.00,0.00,0,1,1,"","url:orcashipsagents.com"
en_world,"the ship supplier",OTRO,COMERCIAL,REVISAR,10,LOW,2,0.00,0.00,0.00,-35,2,1,"","url:orcashipsagents.com"
en_world,"maritime stores suppliers",OTRO,COMERCIAL,REVISAR,10,HIGH,67,17816.96,0.00,0.00,8,9,1,"","url:orcashipsagents.com"
en_world,"maritime shipbrokers",CONSULT,COMERCIAL,SERVICIO,10,LOW,22,11422.80,0.00,0.00,-26,2,1,"","url:orcashipsagents.com"
en_world,"container ship purpose",OTRO,GENERICA,EXCLUIR,10,LOW,0,0.00,0.00,0.00,13,8,1,"","url:orcashipsagents.com"
en_world,"commercial ship brokers",CONSULT,COMERCIAL,SERVICIO,10,LOW,28,2824.49,685.94,45823.27,15,1,1,"","url:orcashipsagents.com"
en_world,"number of crew on a container ship",OTRO,GENERICA,EXCLUIR,10,LOW,0,0.00,0.00,0.00,-21,1,1,"","url:orcashipsagents.com"
en_world,"container ship description",OTRO,GENERICA,EXCLUIR,10,LOW,0,0.00,0.00,0.00,-21,9,1,"","url:orcashipsagents.com"
en_world,"domestic shipping lines",OTRO,GENERICA,REVISAR,10,LOW,2,7743.97,0.00,0.00,-29,9,1,"","url:orcashipsagents.com"
en_world,"maritime shipments",OTRO,INFORMACIONAL,REVISAR,10,LOW,17,0.00,0.00,0.00,-40,3,1,"","url:orcashipsagents.com"
en_world,"panama maritime authority contact details",INFO_CANAL,INFORMACIONAL,BLOG_CORE,10,LOW,4,0.00,0.00,0.00,-2,4,1,"","url:orcashipsagents.com"
en_world,"local manning agency",FUERA,COMERCIAL,EXCLUIR,10,LOW,0,0.00,0.00,0.00,0,1,1,"","url:orcashipsagents.com"
en_world,"all manning agency",FUERA,COMERCIAL,EXCLUIR,10,LOW,0,0.00,0.00,0.00,-41,6,1,"","url:orcashipsagents.com"
en_world,"cargo ship across atlantic",OTRO,GENERICA,EXCLUIR,10,LOW,3,0.00,0.00,0.00,-8,3,1,"","url:orcashipsagents.com"
en_world,"operation department in shipping",OTRO,GENERICA,REVISAR,10,UNKNOWN,0,0.00,0.00,0.00,-33,11,1,"","url:orcashipsagents.com"
en_world,"transportation for the sea",OTRO,GENERICA,REVISAR,10,LOW,0,0.00,0.00,0.00,0,1,1,"","url:orcashipsagents.com"
en_world,"container ship owners",OTRO,GENERICA,EXCLUIR,10,LOW,0,0.00,0.00,0.00,-3,2,1,"","url:orcashipsagents.com"
en_world,"survey maritime",SURVEY,INFORMACIONAL,BLOG_CORE,10,LOW,11,0.00,0.00,0.00,-28,7,1,"","url:24marine.com"
en_world,"independent survey company",FUERA,COMERCIAL,EXCLUIR,10,HIGH,71,0.00,9970.99,41119.88,-43,5,1,"","url:24marine.com"
en_world,"naval surveyor",SURVEY,COMERCIAL,SERVICIO,10,LOW,6,11551.14,0.00,0.00,-18,3,1,"","url:24marine.com"
en_world,"vancouver marine surveyors",SURVEY,COMERCIAL,SERVICIO,10,LOW,17,0.00,0.00,0.00,17,1,1,"","url:24marine.com"
en_world,"marine engineering and services",OTRO,COMERCIAL,REVISAR,10,MEDIUM,55,113993.52,12155.56,170543.29,-50,9,1,"","url:24marine.com"
en_world,"sea marine surveyors",SURVEY,COMERCIAL,SERVICIO,10,LOW,0,0.00,0.00,0.00,-28,2,1,"","url:24marine.com"
en_world,"marine surveyor hong kong",SURVEY,COMERCIAL,SERVICIO,10,LOW,14,1360.61,437.60,1632.42,15,2,1,"","url:24marine.com"
en_world,"vessel survey requirements",SURVEY,INFORMACIONAL,BLOG_CORE,10,LOW,19,40550.12,0.00,0.00,-1,1,1,"","url:24marine.com"
en_world,"imo inspection",FUERA,GENERICA,EXCLUIR,10,LOW,3,0.00,0.00,0.00,0,1,1,"","url:24marine.com"
en_world,"imo survey",FUERA,GENERICA,EXCLUIR,10,LOW,0,0.00,0.00,0.00,-8,9,1,"","url:24marine.com"
en_world,"marine bulk",OTRO,GENERICA,REVISAR,10,LOW,4,0.00,0.00,0.00,-36,2,1,"","url:24marine.com"
en_world,"east coast marine surveying",SURVEY,GENERICA,SERVICIO,10,LOW,7,0.00,0.00,0.00,-8,3,1,"","url:24marine.com"
en_world,"ihm vessel",OTRO,GENERICA,REVISAR,10,LOW,0,0.00,0.00,0.00,-19,4,1,"","url:24marine.com"
en_world,"marine companies in vancouver",OTRO,GENERICA,REVISAR,10,MEDIUM,57,3929.45,0.00,0.00,-39,9,1,"","url:24marine.com"
en_world,"survey vessel project",SURVEY,GENERICA,SERVICIO,10,LOW,0,0.00,0.00,0.00,-36,12,1,"","url:24marine.com"
en_world,"with us agency",FUERA,COMERCIAL,EXCLUIR,10,LOW,3,0.00,0.00,0.00,-23,7,1,"","url:crossworldagency.com"
en_world,"agency of company",FUERA,COMERCIAL,EXCLUIR,10,LOW,12,0.00,0.00,0.00,-24,3,1,"","url:crossworldagency.com"
en_world,"learn more about our services",OTRO,COMERCIAL,REVISAR,10,LOW,11,108017.11,0.00,0.00,-35,12,1,"","url:crossworldagency.com"
en_world,"marketing agency operations",FUERA,COMERCIAL,EXCLUIR,10,MEDIUM,34,24311.81,13192.15,37892.71,-47,3,1,"","url:crossworldagency.com"
en_world,"marketing agency contact us",FUERA,COMERCIAL,EXCLUIR,10,MEDIUM,56,134881.81,959.68,70942.04,42,3,1,"","url:crossworldagency.com"
en_world,"action marketing agency",FUERA,COMERCIAL,EXCLUIR,10,LOW,2,0.00,0.00,0.00,-1,7,1,"","url:crossworldagency.com"
en_world,"marketing agency for",FUERA,COMERCIAL,EXCLUIR,10,MEDIUM,36,11233.61,1065.06,8537.55,-40,2,1,"","url:crossworldagency.com"
en_world,"co marketing agency",FUERA,COMERCIAL,EXCLUIR,10,LOW,29,0.00,0.00,0.00,-22,2,1,"","url:crossworldagency.com"
en_world,"marketing is a business",OTRO,GENERICA,EXCLUIR,10,LOW,0,0.00,0.00,0.00,-8,3,1,"","url:crossworldagency.com"
en_world,"business by you",OTRO,GENERICA,REVISAR,10,LOW,0,0.00,0.00,0.00,-48,1,1,"","url:crossworldagency.com"
en_world,"the marketing services",OTRO,COMERCIAL,EXCLUIR,10,UNKNOWN,0,0.00,0.00,0.00,-22,4,1,"","url:crossworldagency.com"
en_pa_us,"panama canal",INFO_CANAL,INFORMACIONAL,EXCLUIR,165000,LOW,5,4713.27,969.49,4642.81,-45,1,2,"panama and the canal","url:adimarships.com url:panamashipservice.com url:gac.com url:lethagencies.com url:orcashipsagents.com"
en_pa_us,"panama canal panama canal",INFO_CANAL,INFORMACIONAL,BLOG_GENERAL,165000,LOW,5,4713.27,969.49,4642.81,-45,1,1,"","url:adimarships.com url:panamashipservice.com url:gac.com url:lethagencies.com url:orcashipsagents.com"
en_pa_us,"panama canal panama",INFO_CANAL,INFORMACIONAL,BLOG_GENERAL,165000,LOW,5,4713.27,969.49,4642.81,-45,1,4,"panama panama canal | panama canal in panama | panama and panama canal","url:adimarships.com url:panamashipservice.com url:gac.com url:lethagencies.com url:orcashipsagents.com"
en_pa_us,"panama canal canal",INFO_CANAL,INFORMACIONAL,BLOG_GENERAL,165000,LOW,5,4713.27,969.49,4642.81,-45,1,1,"","url:adimarships.com url:panamashipservice.com url:lethagencies.com url:orcashipsagents.com"
en_pa_us,"panama cl",OTRO,COMERCIAL,EXCLUIR,165000,LOW,5,4713.27,969.49,4642.81,-45,1,1,"","url:adimarships.com url:panamashipservice.com url:lethagencies.com url:orcashipsagents.com"
en_pa_us,"panamanian canal",INFO_CANAL,INFORMACIONAL,EXCLUIR,165000,LOW,5,4713.27,969.49,4642.81,-45,1,1,"","url:lethagencies.com url:orcashipsagents.com"
en_pa_us,"panama city panama canal",INFO_CANAL,INFORMACIONAL,EXCLUIR,165000,LOW,5,4713.27,969.49,4642.81,-45,1,1,"","url:orcashipsagents.com"
en_pa_us,"shipping services",OTRO,COMERCIAL,EXCLUIR,90500,LOW,21,29755.54,9322.47,47201.94,80,9,1,"","url:adimarships.com url:gac.com url:lethagencies.com"
en_pa_us,"ship services",OTRO,COMERCIAL,EXCLUIR,90500,LOW,21,29755.54,9322.47,47201.94,80,9,2,"ships services","url:panamashipservice.com"
en_pa_us,"towage company",OTRO,COMERCIAL,EXCLUIR,60500,MEDIUM,42,28279.72,7238.38,28166.95,-14,3,1,"","agencia"
en_pa_us,"authority port",INFO_CANAL,INFORMACIONAL,EXCLUIR,60500,LOW,22,8882.26,1906.45,8372.58,-31,12,1,"","url:lethagencies.com"
en_pa_us,"ship container ship",OTRO,GENERICA,EXCLUIR,60500,HIGH,100,15360.15,4894.22,24983.13,-16,10,1,"","url:orcashipsagents.com"
en_pa_us,"agency marketing",FUERA,COMERCIAL,EXCLUIR,60500,LOW,14,50006.11,15351.09,48026.97,-16,2,4,"marketing agency | a marketing agency | agency for marketing","url:crossworldagency.com"
en_pa_us,"marketing agency marketing agency",FUERA,COMERCIAL,EXCLUIR,60500,LOW,14,50006.11,15351.09,48026.97,-16,2,1,"","url:crossworldagency.com"
en_pa_us,"find vessel",OTRO,GENERICA,EXCLUIR,49500,LOW,0,4635.17,1081.08,4788.48,13,7,1,"","url:gac.com url:24marine.com"
en_pa_us,"us maritime",OTRO,INFORMACIONAL,REVISAR,33100,LOW,10,24140.03,9388.08,56865.05,-1,11,1,"","url:24marine.com"
en_pa_us,"cargo vessel ship",OTRO,GENERICA,REVISAR,27100,LOW,2,32078.50,7135.53,31518.30,-47,6,1,"","url:adimarships.com url:orcashipsagents.com"
en_pa_us,"cargo ship",OTRO,GENERICA,EXCLUIR,27100,LOW,2,32078.50,7135.53,31518.30,-47,6,3,"cargo in ship | cargo of ship","url:orcashipsagents.com"
en_pa_us,"cargo ship cargo ship",OTRO,GENERICA,EXCLUIR,27100,LOW,2,32078.50,7135.53,31518.30,-47,6,1,"","url:orcashipsagents.com"
en_pa_us,"ship cargo ship",OTRO,GENERICA,EXCLUIR,27100,LOW,2,32078.50,7135.53,31518.30,-47,6,1,"","url:orcashipsagents.com"
en_pa_us,"ship as cargo",OTRO,GENERICA,REVISAR,27100,LOW,2,32078.50,7135.53,31518.30,-47,6,1,"","url:orcashipsagents.com"
en_pa_us,"ship with cargo",OTRO,GENERICA,REVISAR,27100,LOW,2,32078.50,7135.53,31518.30,-47,6,1,"","url:orcashipsagents.com"
en_pa_us,"gas tankers",OTRO,GENERICA,EXCLUIR,27100,HIGH,96,3081.77,699.25,7341.46,-1,10,1,"","url:24marine.com"
en_pa_us,"port of calls",INFO_CANAL,INFORMACIONAL,EXCLUIR,22200,LOW,3,1250.50,1158.37,7223.55,-4,10,1,"","url:lethagencies.com"
en_pa_us,"freight forwarding agency",FUERA,COMERCIAL,EXCLUIR,18100,LOW,28,39058.42,10363.10,38072.98,-3,3,1,"","agencia"
en_pa_us,"panama miraflores visitor center",OTRO,COMERCIAL,EXCLUIR,18100,LOW,8,3289.92,1051.07,3752.30,27,1,1,"","info"
en_pa_us,"vessel tracking",OTRO,GENERICA,EXCLUIR,18100,LOW,1,5413.21,1164.61,6130.61,-11,4,1,"","url:gac.com"
en_pa_us,"panama canal map",INFO_CANAL,INFORMACIONAL,EXCLUIR,18100,HIGH,68,215.52,1218.19,7845.98,-23,1,1,"","url:lethagencies.com"
en_pa_us,"suez canal map",INFO_CANAL,INFORMACIONAL,EXCLUIR,14800,MEDIUM,33,219.98,0.00,0.00,43,3,1,"","url:lethagencies.com"
en_pa_us,"owner ship",OTRO,GENERICA,EXCLUIR,12100,LOW,1,36758.29,5145.36,29244.76,14,7,1,"","url:adimarships.com"
en_pa_us,"shipping company",CONSULT,COMERCIAL,SERVICIO,12100,MEDIUM,42,38100.30,11247.02,56806.04,-73,12,3,"shipping companies | company for shipping","url:panamashipservice.com"
en_pa_us,"ship's parts",OTRO,GENERICA,EXCLUIR,12100,LOW,0,0.00,0.00,0.00,-9,11,1,"","url:panamashipservice.com"
en_pa_us,"ship company",OTRO,COMERCIAL,REVISAR,12100,MEDIUM,42,38100.30,11247.02,56806.04,-73,12,2,"company ships","url:gac.com"
en_pa_us,"international ship",OTRO,GENERICA,EXCLUIR,12100,LOW,16,20787.76,4630.07,22221.35,2,7,1,"","url:gac.com"
en_pa_us,"part ship",OTRO,GENERICA,REVISAR,12100,LOW,0,0.00,0.00,0.00,-9,11,2,"ship parts","url:lethagencies.com"
en_pa_us,"panama de canal",INFO_CANAL,INFORMACIONAL,EXCLUIR,12100,LOW,2,2609.48,700.70,2841.32,-32,1,1,"","url:orcashipsagents.com"
en_pa_us,"shipping authority",INFO_CANAL,INFORMACIONAL,EXCLUIR,9900,LOW,13,721.42,703.73,1524.39,31,1,1,"","url:lethagencies.com"
en_pa_us,"ship supplier",OTRO,COMERCIAL,REVISAR,9900,HIGH,94,23692.19,4936.12,26139.88,-20,7,1,"","url:orcashipsagents.com"
en_pa_us,"colon colon panama",OTRO,COMERCIAL,REVISAR,9900,LOW,5,4100.31,600.79,4728.42,9,1,1,"","url:orcashipsagents.com"
en_pa_us,"container vessel",OTRO,GENERICA,REVISAR,9900,LOW,7,36399.23,12343.36,43908.98,20,3,1,"","url:orcashipsagents.com url:24marine.com"
en_pa_us,"survey world",FUERA,GENERICA,EXCLUIR,9900,LOW,10,6530.08,1772.09,6892.32,2,7,1,"","url:crossworldagency.com"
en_pa_us,"vehicle shipping agent",AGENCIA,COMERCIAL,EXCLUIR,8100,LOW,6,2981.13,14195.84,37342.39,1622,10,1,"","agencia"
en_pa_us,"panama canal when was it built",INFO_CANAL,INFORMACIONAL,EXCLUIR,8100,LOW,1,4948.14,36.71,9859.74,-22,1,1,"","url:adimarships.com"
en_pa_us,"freight ship",OTRO,GENERICA,REVISAR,8100,LOW,21,56543.67,14378.77,71089.00,-40,10,1,"","url:gac.com url:orcashipsagents.com"
en_pa_us,"freightliner ship",OTRO,GENERICA,REVISAR,8100,LOW,21,56543.67,14378.77,71089.00,-40,10,1,"","url:orcashipsagents.com"
en_pa_us,"find ship",OTRO,GENERICA,EXCLUIR,6600,LOW,1,2154.43,834.01,2755.52,14,3,1,"","url:adimarships.com url:panamashipservice.com url:gac.com"
en_pa_us,"hull shipping",OTRO,GENERICA,REVISAR,6600,LOW,0,0.00,0.00,0.00,2,5,1,"","url:gac.com"
en_pa_us,"ship store",OTRO,GENERICA,REVISAR,6600,LOW,9,4286.21,2802.13,17908.41,-67,12,1,"","url:lethagencies.com"
en_pa_us,"marketing company",OTRO,COMERCIAL,EXCLUIR,6600,MEDIUM,40,82090.72,18977.19,83111.28,-43,9,1,"","url:crossworldagency.com"
en_pa_us,"ship per",OTRO,GENERICA,REVISAR,5400,LOW,10,39847.74,10828.16,38506.87,-11,3,1,"","url:panamashipservice.com"
en_pa_us,"ships cost",OTRO,INFORMACIONAL,REVISAR,5400,LOW,18,11168.45,1535.11,20050.40,-10,7,1,"","url:panamashipservice.com"
en_pa_us,"panama canal history",INFO_CANAL,INFORMACIONAL,EXCLUIR,4400,LOW,4,10016.85,79.81,12736.07,-72,1,1,"","url:adimarships.com url:lethagencies.com"
en_pa_us,"analytics agencies",FUERA,GENERICA,EXCLUIR,4400,MEDIUM,62,60995.99,33099.58,124453.23,-3,1,1,"","url:crossworldagency.com"
en_pa_us,"products for marketing",OTRO,GENERICA,EXCLUIR,4400,LOW,23,48704.50,11335.01,56183.31,-34,9,1,"","url:crossworldagency.com"
en_pa_us,"panama canal locks",INFO_CANAL,INFORMACIONAL,BLOG_GENERAL,3600,LOW,4,4331.61,879.99,3088.99,-22,1,1,"","info url:adimarships.com"
en_pa_us,"gatun locks",INFO_CANAL,INFORMACIONAL,BLOG_GENERAL,3600,LOW,4,4331.61,879.99,3088.99,-22,1,1,"","info"
en_pa_us,"gatun locks panama",INFO_CANAL,INFORMACIONAL,BLOG_GENERAL,3600,LOW,4,4331.61,879.99,3088.99,-22,1,1,"","info"
en_pa_us,"locks panama",INFO_CANAL,INFORMACIONAL,BLOG_GENERAL,3600,LOW,4,4331.61,879.99,3088.99,-22,1,1,"","info"
en_pa_us,"panama canal gates",INFO_CANAL,INFORMACIONAL,BLOG_GENERAL,3600,LOW,4,4331.61,879.99,3088.99,-22,1,1,"","info"
en_pa_us,"panama canal water locks",INFO_CANAL,INFORMACIONAL,BLOG_GENERAL,3600,LOW,4,4331.61,879.99,3088.99,-22,1,1,"","info"
en_pa_us,"kinds of ship",OTRO,GENERICA,REVISAR,3600,LOW,0,0.00,0.00,0.00,-26,3,1,"","url:orcashipsagents.com"
en_pa_us,"marketing firms",OTRO,COMERCIAL,EXCLUIR,3600,MEDIUM,40,55791.27,14505.21,53478.18,-32,10,1,"","url:crossworldagency.com"
en_pa_us,"canal locks",INFO_CANAL,INFORMACIONAL,BLOG_GENERAL,2900,LOW,0,0.00,0.00,0.00,51,3,1,"","url:adimarships.com"
en_pa_us,"marine survey",SURVEY,GENERICA,SERVICIO,2900,LOW,6,22467.87,6673.02,26063.46,-3,7,1,"","url:panamashipservice.com url:24marine.com"
en_pa_us,"sides of a ship",OTRO,GENERICA,REVISAR,2900,LOW,2,101.95,37.84,173.39,13,1,1,"","url:panamashipservice.com"
en_pa_us,"shipping international company",OTRO,COMERCIAL,REVISAR,2900,MEDIUM,44,36307.03,10225.88,42123.42,-40,11,1,"","url:gac.com"
en_pa_us,"panama canal building",INFO_CANAL,INFORMACIONAL,BLOG_GENERAL,2900,LOW,1,12514.77,2036.37,17544.01,-17,1,1,"","url:lethagencies.com"
en_pa_us,"merchant vessels",OTRO,GENERICA,REVISAR,2900,LOW,0,296056.06,9778.88,103652.78,-7,3,1,"","url:orcashipsagents.com"
en_pa_us,"marketing services",OTRO,COMERCIAL,EXCLUIR,2900,LOW,22,49658.58,16080.09,52645.40,-30,1,1,"","url:crossworldagency.com"
en_pa_us,"company survey",FUERA,COMERCIAL,EXCLUIR,2900,LOW,16,25590.83,6364.52,34058.40,-15,9,2,"company surveys","url:crossworldagency.com"
en_pa_us,"panama canal port",INFO_CANAL,INFORMACIONAL,BLOG_GENERAL,2400,LOW,1,0.00,0.00,0.00,219,2,2,"port of panama canal","info url:lethagencies.com"
en_pa_us,"panama canal where",INFO_CANAL,INFORMACIONAL,BLOG_GENERAL,2400,LOW,3,10648.45,1439.47,8305.98,-45,1,2,"panama canal is where","url:orcashipsagents.com"
en_pa_us,"marine services",OTRO,COMERCIAL,REVISAR,2400,LOW,10,20825.07,6704.35,39724.86,-12,7,1,"","url:panamashipservice.com url:gac.com url:24marine.com"
en_pa_us,"ship location",OTRO,GENERICA,REVISAR,2400,LOW,1,3211.55,866.19,3150.92,-9,4,1,"","url:gac.com"
en_pa_us,"global ship",OTRO,GENERICA,REVISAR,2400,LOW,22,18906.14,4579.02,20548.56,-54,10,1,"","url:gac.com"
en_pa_us,"freight ship companies",OTRO,GENERICA,REVISAR,2400,LOW,18,55469.60,16102.98,78492.43,-45,10,1,"","url:gac.com"
en_pa_us,"shipping line",OTRO,GENERICA,REVISAR,2400,LOW,15,29970.84,8958.21,46621.42,108,11,1,"","url:lethagencies.com"
en_pa_us,"shipping liners",OTRO,GENERICA,REVISAR,2400,LOW,15,29970.84,8958.21,46621.42,108,11,1,"","url:lethagencies.com"
en_pa_us,"cocolí locks panama canal expansion",INFO_CANAL,INFORMACIONAL,BLOG_GENERAL,1900,LOW,2,0.00,0.00,0.00,-19,1,1,"","info"
en_pa_us,"panama canal located",INFO_CANAL,INFORMACIONAL,BLOG_GENERAL,1900,LOW,1,0.00,190.49,3989.44,-23,1,1,"","url:adimarships.com url:lethagencies.com url:orcashipsagents.com"
en_pa_us,"ship chandler",CONSULT,COMERCIAL,SERVICIO,1900,LOW,1,14746.37,2193.07,10933.60,46,7,2,"ship chandlers","url:lethagencies.com"
en_pa_us,"making ship",OTRO,GENERICA,REVISAR,1900,MEDIUM,55,269.68,321.24,2570.79,-19,2,1,"","url:panamashipservice.com"
en_pa_us,"shipping port",OTRO,GENERICA,REVISAR,1900,LOW,1,59657.50,5482.53,27753.53,-39,4,1,"","url:gac.com"
en_pa_us,"ship in the world",OTRO,GENERICA,REVISAR,1900,LOW,18,5038.42,2074.13,8772.05,10,9,1,"","url:gac.com"
en_pa_us,"ships sales",OTRO,GENERICA,REVISAR,1900,LOW,13,1051.45,107.85,2021.04,-13,5,1,"","url:gac.com"
en_pa_us,"biggest ship",OTRO,GENERICA,REVISAR,1900,LOW,0,15402.28,0.00,0.00,8,1,1,"","url:orcashipsagents.com"
en_pa_us,"bulk carriers",OTRO,GENERICA,REVISAR,1900,LOW,1,0.00,3354.41,37318.78,33,2,1,"","url:24marine.com"
en_pa_us,"tankers vessel",OTRO,GENERICA,REVISAR,1900,LOW,1,21554.24,8805.58,39151.75,3,3,1,"","url:24marine.com"
en_pa_us,"pedro miguel locks",INFO_CANAL,INFORMACIONAL,BLOG_GENERAL,1600,LOW,2,0.00,0.00,0.00,14,1,1,"","info"
en_pa_us,"panama canal facts",INFO_CANAL,INFORMACIONAL,BLOG_GENERAL,1600,LOW,2,21947.67,0.00,0.00,11,1,1,"","url:adimarships.com"
en_pa_us,"ship solutions",OTRO,GENERICA,REVISAR,1600,LOW,11,89583.13,11088.62,72731.91,-12,5,1,"","url:adimarships.com url:panamashipservice.com url:gac.com"
en_pa_us,"panama canal cameras",INFO_CANAL,INFORMACIONAL,EXCLUIR,1600,LOW,0,0.00,0.00,0.00,2,1,1,"","url:adimarships.com"
en_pa_us,"panama canal live cameras",INFO_CANAL,INFORMACIONAL,EXCLUIR,1600,LOW,0,0.00,0.00,0.00,2,1,1,"","url:adimarships.com"
en_pa_us,"shipping delays",OTRO,INFORMACIONAL,REVISAR,1600,LOW,0,0.00,0.00,0.00,-3,12,1,"","url:adimarships.com"
en_pa_us,"worldwide ship",OTRO,GENERICA,REVISAR,1600,LOW,31,20461.77,4994.94,20113.22,-34,1,1,"","url:gac.com"
en_pa_us,"ports worldwide",OTRO,GENERICA,REVISAR,1600,LOW,2,13804.77,9304.64,20702.59,15,11,1,"","url:gac.com"
en_pa_us,"port calls",AGENCIA,GENERICA,SERVICIO,1600,LOW,0,0.00,0.00,0.00,36,4,1,"","url:lethagencies.com"
en_pa_us,"panama city port",OTRO,COMERCIAL,REVISAR,1600,LOW,3,2293.25,0.00,0.00,29,1,1,"","url:orcashipsagents.com"
en_pa_us,"lpg gas tankers",OTRO,GENERICA,EXCLUIR,1600,HIGH,78,1998.58,795.54,9209.96,-20,10,1,"","url:24marine.com"
en_pa_us,"lpg tankers",OTRO,GENERICA,REVISAR,1600,HIGH,78,1998.58,795.54,9209.96,-20,10,1,"","url:24marine.com"
en_pa_us,"agency 4",FUERA,COMERCIAL,EXCLUIR,1600,LOW,0,35212.75,9743.24,66711.33,4,5,1,"","url:crossworldagency.com"
en_pa_us,"panama port",OTRO,COMERCIAL,REVISAR,1300,LOW,2,3662.53,939.86,7299.60,-49,3,4,"port panama | panama ports | ports in panama","url:orcashipsagents.com"
en_pa_us,"miraflores locks panama",INFO_CANAL,INFORMACIONAL,BLOG_GENERAL,1300,LOW,23,3960.06,996.68,4402.81,564,9,1,"","info"
en_pa_us,"miraflores locks panama city",INFO_CANAL,INFORMACIONAL,BLOG_GENERAL,1300,LOW,2,2606.33,1050.39,4274.12,135,9,1,"","info"
en_pa_us,"miraflores visitor center panama",OTRO,COMERCIAL,EXCLUIR,1300,LOW,2,2606.33,1050.39,4274.12,135,9,1,"","info"
en_pa_us,"panama port panama",OTRO,COMERCIAL,REVISAR,1300,LOW,2,3662.53,939.86,7299.60,-49,3,1,"","info url:lethagencies.com url:orcashipsagents.com"
en_pa_us,"panama seaport",OTRO,COMERCIAL,REVISAR,1300,LOW,2,3662.53,939.86,7299.60,-49,3,1,"","info"
en_pa_us,"gac panama",CONQUEST,NAVEGACIONAL,CONQUEST,1300,LOW,15,460.85,408.62,1918.38,21,10,1,"","conquest"
en_pa_us,"ship time",OTRO,INFORMACIONAL,REVISAR,1300,LOW,1,15593.83,3646.38,21177.15,48,7,1,"","url:adimarships.com url:panamashipservice.com"
en_pa_us,"shipping ship shipping",OTRO,GENERICA,REVISAR,1300,LOW,0,0.00,0.00,0.00,31,1,1,"","url:adimarships.com"
en_pa_us,"ship shipping ship shipping",OTRO,GENERICA,REVISAR,1300,LOW,0,0.00,0.00,0.00,31,1,3,"ship shipping shipping ship | shipping ship shipping ships","url:adimarships.com"
en_pa_us,"shipping timeline",OTRO,INFORMACIONAL,REVISAR,1300,LOW,1,15593.83,3646.38,21177.15,48,7,1,"","url:adimarships.com"
en_pa_us,"ship for shipping ships",OTRO,GENERICA,REVISAR,1300,LOW,0,0.00,0.00,0.00,31,1,1,"","url:adimarships.com url:orcashipsagents.com"
en_pa_us,"ship shipping ship shipping shipping ship",OTRO,GENERICA,REVISAR,1300,LOW,0,0.00,0.00,0.00,31,1,1,"","url:adimarships.com url:orcashipsagents.com"
en_pa_us,"marine repairs",OTRO,GENERICA,REVISAR,1300,LOW,16,18239.35,6105.62,39317.58,-10,6,1,"","url:panamashipservice.com url:gac.com"
en_pa_us,"engine of ship",OTRO,GENERICA,REVISAR,1300,LOW,4,57482.53,12168.34,55099.43,-14,3,1,"","url:panamashipservice.com"
en_pa_us,"panama canal how does it work",INFO_CANAL,INFORMACIONAL,BLOG_GENERAL,1300,LOW,1,3203.64,1983.78,3724.49,-18,1,1,"","url:lethagencies.com"
en_pa_us,"container ships",OTRO,GENERICA,REVISAR,1300,LOW,1,0.00,0.00,0.00,-17,5,1,"","url:orcashipsagents.com"
en_pa_us,"canal de panama historia",INFO_CANAL,INFORMACIONAL,EXCLUIR,1300,LOW,0,46.17,0.00,0.00,70,8,1,"","url:orcashipsagents.com"
en_pa_us,"chartering companies",CONSULT,GENERICA,SERVICIO,1300,LOW,15,31724.95,12259.43,43860.25,9,11,1,"","url:orcashipsagents.com"
en_pa_us,"shipping ship shipping shipping ships",OTRO,GENERICA,REVISAR,1300,LOW,0,0.00,0.00,0.00,31,1,1,"","url:orcashipsagents.com"
en_pa_us,"marine technical",OTRO,GENERICA,REVISAR,1300,LOW,15,19698.96,7098.37,44096.78,-14,4,1,"","url:24marine.com"
en_pa_us,"media agency",FUERA,COMERCIAL,EXCLUIR,1300,LOW,26,43585.73,10902.41,43578.29,-44,9,1,"","url:crossworldagency.com"
en_pa_us,"colon panama cruise port",OTRO,COMERCIAL,EXCLUIR,1000,LOW,7,4871.45,965.26,12380.04,28,1,2,"cruise port in colon panama","info url:orcashipsagents.com"
en_pa_us,"miraflores visitor center panama canal",INFO_CANAL,INFORMACIONAL,EXCLUIR,1000,LOW,3,3974.79,1094.78,4142.55,177,7,1,"","info"
en_pa_us,"freight forwarders services",OTRO,COMERCIAL,EXCLUIR,1000,LOW,8,87471.68,14760.36,44792.82,64,7,1,"","url:adimarships.com url:gac.com url:lethagencies.com"
en_pa_us,"shipping vessel",OTRO,GENERICA,REVISAR,1000,LOW,0,9069.30,6337.76,17356.13,4,4,2,"vessel shipping","url:gac.com"
en_pa_us,"ships information",OTRO,GENERICA,REVISAR,1000,LOW,3,13639.00,2587.81,17116.61,4,3,1,"","url:adimarships.com"
en_pa_us,"marine transportation",OTRO,GENERICA,REVISAR,1000,LOW,10,17995.00,7362.26,23688.06,-40,9,1,"","url:panamashipservice.com url:orcashipsagents.com"
en_pa_us,"vessel ship",OTRO,GENERICA,REVISAR,1000,LOW,0,9069.30,6337.76,17356.13,4,4,3,"ship and vessel | ships and vessels","url:orcashipsagents.com"
en_pa_us,"shipper vessel",OTRO,GENERICA,REVISAR,1000,LOW,0,9069.30,6337.76,17356.13,4,4,1,"","url:panamashipservice.com"
en_pa_us,"world ship",OTRO,GENERICA,REVISAR,1000,LOW,17,25934.41,7761.89,44966.53,-6,3,1,"","url:gac.com"
en_pa_us,"shipping logistics company",OTRO,COMERCIAL,REVISAR,1000,LOW,19,35609.66,8717.87,45364.03,-28,8,1,"","url:gac.com"
en_pa_us,"port companies",OTRO,GENERICA,REVISAR,1000,HIGH,99,6721.22,1276.89,5987.43,-16,10,1,"","url:lethagencies.com"
en_pa_us,"egypt canal",INFO_CANAL,INFORMACIONAL,EXCLUIR,1000,LOW,0,0.00,0.00,0.00,53,10,1,"","url:lethagencies.com"
en_pa_us,"maritime transportation",OTRO,INFORMACIONAL,REVISAR,1000,LOW,1,26238.81,6265.26,25359.78,27,7,1,"","url:orcashipsagents.com"
en_pa_us,"colon cruise terminal",OTRO,COMERCIAL,EXCLUIR,1000,LOW,2,3882.30,0.00,0.00,68,12,1,"","url:orcashipsagents.com"
en_pa_us,"gas carriers",OTRO,GENERICA,REVISAR,1000,LOW,8,562.32,505.43,7585.10,2,3,1,"","url:24marine.com"
en_pa_us,"marketing business",OTRO,GENERICA,EXCLUIR,1000,LOW,31,58002.56,17432.13,55913.59,-14,9,1,"","url:crossworldagency.com"
en_pa_us,"take surveys",FUERA,GENERICA,EXCLUIR,1000,LOW,22,18210.03,4064.22,19265.91,-57,10,1,"","url:crossworldagency.com"
en_pa_us,"business by home",OTRO,GENERICA,REVISAR,1000,LOW,18,21066.46,2244.76,24450.91,-46,3,2,"business on home","url:crossworldagency.com"
en_pa_us,"chartering broker",CONSULT,COMERCIAL,SERVICIO,880,LOW,19,14708.18,9617.06,264154.72,3,12,1,"","consultoria url:orcashipsagents.com"
en_pa_us,"port of balboa",INFO_CANAL,INFORMACIONAL,BLOG_CORE,880,LOW,3,0.00,0.00,0.00,-3,3,1,"","info"
en_pa_us,"balboa port panama",INFO_CANAL,INFORMACIONAL,BLOG_CORE,880,LOW,3,0.00,0.00,0.00,-3,3,1,"","info"
en_pa_us,"panama canal visitors center",INFO_CANAL,INFORMACIONAL,BLOG_GENERAL,880,MEDIUM,34,4115.56,855.46,3549.96,-2,1,1,"","info"
en_pa_us,"shipping inc",OTRO,GENERICA,REVISAR,880,LOW,1,11174.36,128.94,34999.94,32,7,1,"","url:adimarships.com"
en_pa_us,"panama canal important",INFO_CANAL,INFORMACIONAL,BLOG_GENERAL,880,LOW,1,0.00,0.00,0.00,-26,1,1,"","url:adimarships.com"
en_pa_us,"marine fuels",BUNKER,GENERICA,SERVICIO,880,LOW,6,20354.94,12775.55,24603.95,-20,6,1,"","url:gac.com"
en_pa_us,"significance of panama canal",INFO_CANAL,INFORMACIONAL,BLOG_GENERAL,880,LOW,1,0.00,0.00,0.00,-26,1,1,"","url:orcashipsagents.com"
en_pa_us,"professional marine",OTRO,GENERICA,REVISAR,880,MEDIUM,51,9345.36,2872.32,13860.62,1,6,1,"","url:24marine.com"
en_pa_us,"marketing services agencies",FUERA,COMERCIAL,EXCLUIR,880,LOW,9,67084.67,19298.51,62657.50,-33,1,1,"","url:crossworldagency.com"
en_pa_us,"ship brokering",CONSULT,COMERCIAL,SERVICIO,720,MEDIUM,48,61243.01,15582.66,71450.22,-24,3,1,"","consultoria"
en_pa_us,"miraflores locks panama canal",INFO_CANAL,INFORMACIONAL,BLOG_GENERAL,720,LOW,1,2951.36,934.27,4752.75,64,10,1,"","info"
en_pa_us,"ship charterers",CONSULT,GENERICA,SERVICIO,720,LOW,1,6620.90,2412.31,40754.93,-20,3,1,"","url:adimarships.com url:panamashipservice.com"
en_pa_us,"ship a ship",OTRO,GENERICA,REVISAR,720,LOW,7,5518.13,804.85,52006.87,25,5,2,"ship in ship","url:adimarships.com url:panamashipservice.com url:orcashipsagents.com"
en_pa_us,"us canal",INFO_CANAL,INFORMACIONAL,EXCLUIR,720,LOW,1,0.00,7469.97,22556.70,-61,12,1,"","url:adimarships.com url:lethagencies.com"
en_pa_us,"repair ship",OTRO,GENERICA,REVISAR,720,LOW,5,25253.25,7172.33,19469.04,-21,3,2,"ship repair","url:panamashipservice.com url:lethagencies.com"
en_pa_us,"marine shipping",OTRO,GENERICA,REVISAR,720,LOW,2,9234.08,1477.57,22714.20,20,3,2,"marine and shipping","url:panamashipservice.com url:gac.com url:orcashipsagents.com"
en_pa_us,"ship propeller",OTRO,GENERICA,REVISAR,720,LOW,1,1893.21,0.00,0.00,-51,5,1,"","url:panamashipservice.com"
en_pa_us,"logistics panama",OTRO,COMERCIAL,REVISAR,720,LOW,24,236.35,61.60,939.86,0,3,1,"","url:gac.com"
en_pa_us,"panama canal authority",INFO_CANAL,INFORMACIONAL,BLOG_CORE,720,LOW,0,41818.00,0.00,0.00,-39,2,1,"","url:lethagencies.com url:orcashipsagents.com"
en_pa_us,"ship shipped",OTRO,GENERICA,REVISAR,720,LOW,7,5518.13,804.85,52006.87,25,5,1,"","url:lethagencies.com"
en_pa_us,"panama canal opening",INFO_CANAL,INFORMACIONAL,BLOG_GENERAL,720,LOW,0,0.00,0.00,0.00,54,4,1,"","url:lethagencies.com url:orcashipsagents.com"
en_pa_us,"shipping yards",OTRO,GENERICA,REVISAR,720,LOW,2,1943.13,0.00,0.00,-4,1,1,"","url:lethagencies.com"
en_pa_us,"ship broker",CONSULT,COMERCIAL,SERVICIO,720,MEDIUM,48,61243.01,15582.66,71450.22,-24,3,1,"","url:orcashipsagents.com"
en_pa_us,"ship chartering",CONSULT,GENERICA,SERVICIO,720,LOW,1,6620.90,2412.31,40754.93,-20,3,1,"","url:orcashipsagents.com"
en_pa_us,"vessel chartering",CONSULT,GENERICA,SERVICIO,720,LOW,1,6620.90,2412.31,40754.93,-20,3,1,"","url:orcashipsagents.com"
en_pa_us,"vessel operation",OTRO,GENERICA,REVISAR,720,LOW,2,885.60,0.00,0.00,426,7,1,"","url:orcashipsagents.com"
en_pa_us,"bulk tankers",OTRO,GENERICA,REVISAR,720,HIGH,67,74036.54,3961.46,23519.61,-3,4,1,"","url:24marine.com"
en_pa_us,"lpg carriers",OTRO,GENERICA,REVISAR,720,LOW,0,0.00,0.00,0.00,22,3,1,"","url:24marine.com"
en_pa_us,"lpg vessel",OTRO,GENERICA,REVISAR,720,LOW,0,0.00,0.00,0.00,22,3,1,"","url:24marine.com"
en_pa_us,"canal cross",INFO_CANAL,INFORMACIONAL,EXCLUIR,720,LOW,18,3159.28,969.96,3411.82,-8,4,1,"","url:crossworldagency.com"
en_pa_us,"shipping agent",AGENCIA,COMERCIAL,SERVICIO,590,MEDIUM,37,26950.55,8094.64,29779.23,-20,1,1,"","agencia url:adimarships.com url:lethagencies.com url:orcashipsagents.com"
en_pa_us,"evergreen shipping agency corp",AGENCIA,COMERCIAL,SERVICIO,590,LOW,5,39786.09,15393.84,46823.84,-3,7,1,"","agencia"
en_pa_us,"manzanillo panama",INFO_CANAL,INFORMACIONAL,BLOG_CORE,590,LOW,0,5843.36,0.00,0.00,-15,3,1,"","info url:orcashipsagents.com"
en_pa_us,"panama cruise terminal",OTRO,COMERCIAL,EXCLUIR,590,LOW,3,0.00,0.00,0.00,14,10,1,"","info url:orcashipsagents.com"
en_pa_us,"panama canal description",INFO_CANAL,INFORMACIONAL,BLOG_GENERAL,590,LOW,1,0.00,0.00,0.00,127,10,2,"description of the panama canal","url:adimarships.com"
en_pa_us,"marine company",OTRO,COMERCIAL,REVISAR,590,LOW,8,3715.33,6982.82,27759.42,-10,11,1,"","url:panamashipservice.com url:24marine.com"
en_pa_us,"ship transportation",OTRO,GENERICA,REVISAR,590,LOW,8,37798.30,13647.41,39168.94,-25,3,1,"","url:panamashipservice.com"
en_pa_us,"one quote",OTRO,GENERICA,REVISAR,590,LOW,3,0.00,26401.92,152611.10,85,5,1,"","url:panamashipservice.com"
en_pa_us,"by sea shipping",OTRO,GENERICA,REVISAR,590,LOW,31,44530.15,7737.08,35403.80,-43,3,2,"shipping by sea","url:gac.com"
en_pa_us,"shipping office",OTRO,GENERICA,REVISAR,590,LOW,10,22122.88,9606.88,42195.93,2,7,1,"","url:gac.com"
en_pa_us,"logistics ship",OTRO,GENERICA,REVISAR,590,LOW,20,25614.01,6735.68,36028.06,-36,3,1,"","url:gac.com"
en_pa_us,"shipping crew",OTRO,GENERICA,REVISAR,590,LOW,0,0.00,0.00,0.00,-2,4,1,"","url:gac.com"
en_pa_us,"ship maritime",OTRO,INFORMACIONAL,REVISAR,590,LOW,2,156375.25,7362.26,45739.98,27,3,1,"","url:gac.com"
en_pa_us,"history suez canal",INFO_CANAL,INFORMACIONAL,EXCLUIR,590,LOW,2,1270.25,61.56,3743.13,-10,4,1,"","url:lethagencies.com"
en_pa_us,"maritime shipping",OTRO,INFORMACIONAL,REVISAR,590,LOW,2,156375.25,7362.26,45739.98,27,3,2,"maritime and shipping","url:orcashipsagents.com"
en_pa_us,"fuerte amador panama",OTRO,COMERCIAL,REVISAR,590,LOW,11,4152.21,1165.63,10181.72,7,1,1,"","url:orcashipsagents.com"
en_pa_us,"port of ships",INFO_CANAL,INFORMACIONAL,BLOG_CORE,590,LOW,1,0.00,14097.94,101275.23,-18,1,1,"","url:orcashipsagents.com"
en_pa_us,"cruise ship cargo",OTRO,GENERICA,EXCLUIR,590,LOW,7,6756.01,3508.82,15664.38,-16,4,1,"","url:orcashipsagents.com"
en_pa_us,"chartering services",CONSULT,COMERCIAL,SERVICIO,590,LOW,30,42818.04,12425.70,43860.25,-45,3,1,"","url:orcashipsagents.com"
en_pa_us,"moran shipping agencies inc",AGENCIA,GENERICA,SERVICIO,480,LOW,1,0.00,0.00,0.00,-3,1,1,"","agencia"
en_pa_us,"offshore supply boat",STS_OFFSHORE,GENERICA,SERVICIO,480,LOW,6,69732.80,18703.26,68390.66,-10,1,2,"supply boat offshore","offshore_sts"
en_pa_us,"colon container terminal panama",INFO_CANAL,INFORMACIONAL,BLOG_GENERAL,480,LOW,0,0.00,0.00,0.00,-17,3,1,"","info"
en_pa_us,"fuerte amador panama cruise port",OTRO,COMERCIAL,EXCLUIR,480,LOW,5,15925.87,2134.06,7838.25,127,2,1,"","info url:orcashipsagents.com"
en_pa_us,"marine industry",OTRO,GENERICA,REVISAR,480,LOW,6,0.00,7706.87,62657.50,-16,1,1,"","url:panamashipservice.com"
en_pa_us,"ship supply",OTRO,GENERICA,REVISAR,480,HIGH,84,2043.41,0.00,0.00,3,12,1,"","url:panamashipservice.com url:gac.com url:lethagencies.com"
en_pa_us,"bunker cost",BUNKER,INFORMACIONAL,BLOG_CORE,480,LOW,1,3118.65,0.00,0.00,-19,3,1,"","url:panamashipservice.com"
en_pa_us,"marine services company",OTRO,COMERCIAL,REVISAR,480,LOW,15,54002.00,18759.29,43252.88,10,3,1,"","url:panamashipservice.com url:24marine.com"
en_pa_us,"ship shipping ship",OTRO,GENERICA,REVISAR,480,LOW,1,0.00,0.00,0.00,-28,10,2,"ships shipping ships","url:gac.com url:orcashipsagents.com"
en_pa_us,"marine vessel",OTRO,GENERICA,REVISAR,480,LOW,0,2663.82,0.00,0.00,-3,6,1,"","url:panamashipservice.com url:24marine.com"
en_pa_us,"ship management",CONSULT,GENERICA,SERVICIO,480,LOW,2,8490.16,6673.02,52120.14,-52,2,1,"","url:gac.com"
en_pa_us,"maritime services",CONSULT,COMERCIAL,SERVICIO,480,LOW,4,0.00,1780.95,14379.90,6,12,1,"","url:gac.com url:24marine.com"
en_pa_us,"shipping company in us",CONSULT,COMERCIAL,SERVICIO,480,MEDIUM,41,25536.93,8938.06,44725.99,-65,10,2,"shipping companies in the us","url:gac.com"
en_pa_us,"port operations",OTRO,GENERICA,REVISAR,480,LOW,2,0.00,0.00,0.00,-10,3,1,"","url:gac.com url:lethagencies.com"
en_pa_us,"ship & bunker",BUNKER,GENERICA,SERVICIO,480,LOW,0,0.00,0.00,0.00,17,3,1,"","url:gac.com"
en_pa_us,"bunker and ship",BUNKER,GENERICA,SERVICIO,480,LOW,0,0.00,0.00,0.00,17,3,1,"","url:gac.com"
en_pa_us,"port operators",OTRO,GENERICA,REVISAR,480,LOW,2,0.00,0.00,0.00,-10,3,1,"","url:lethagencies.com"
en_pa_us,"cargo vessel",OTRO,GENERICA,REVISAR,480,LOW,1,0.00,0.00,0.00,-7,1,2,"vessel cargo","url:orcashipsagents.com"
en_pa_us,"shipping ships",OTRO,GENERICA,REVISAR,480,LOW,1,0.00,0.00,0.00,-28,10,1,"","url:orcashipsagents.com"
en_pa_us,"transportation ships",OTRO,GENERICA,REVISAR,480,LOW,5,21386.29,18245.26,53418.90,-17,3,1,"","url:orcashipsagents.com"
en_pa_us,"cargo ship vessel",OTRO,GENERICA,EXCLUIR,480,LOW,1,0.00,0.00,0.00,-7,1,1,"","url:orcashipsagents.com"
en_pa_us,"freight vessel",OTRO,GENERICA,REVISAR,480,LOW,1,0.00,0.00,0.00,-7,1,1,"","url:orcashipsagents.com"
en_pa_us,"bulk shippers",OTRO,GENERICA,REVISAR,480,MEDIUM,34,46910.52,9529.46,67404.12,-37,1,1,"","url:24marine.com"
en_pa_us,"business from home",OTRO,GENERICA,REVISAR,480,MEDIUM,36,13098.50,2437.29,16050.64,-39,3,2,"home from business","url:crossworldagency.com"
en_pa_us,"marketing agency for manufacturing industry",FUERA,COMERCIAL,EXCLUIR,480,LOW,6,461355.24,95852.25,309810.01,-46,4,1,"","url:crossworldagency.com"
en_pa_us,"crewing companies",OTRO,GENERICA,REVISAR,390,LOW,7,1933.69,199.61,11044.64,12,11,1,"","agencia"
en_pa_us,"panama maritime authority",INFO_CANAL,INFORMACIONAL,BLOG_CORE,390,LOW,0,0.00,0.00,0.00,1,4,1,"","info"
en_pa_us,"panama canal expansion",INFO_CANAL,INFORMACIONAL,BLOG_GENERAL,390,LOW,2,21465.30,8354.09,22468.24,-64,2,1,"","info"
en_pa_us,"balboa panama port",INFO_CANAL,INFORMACIONAL,BLOG_CORE,390,LOW,0,0.00,0.00,0.00,-19,3,1,"","info"
en_pa_us,"balboa port",INFO_CANAL,INFORMACIONAL,BLOG_CORE,390,LOW,0,0.00,0.00,0.00,-19,3,1,"","info"
en_pa_us,"cristobal panama",INFO_CANAL,INFORMACIONAL,BLOG_CORE,390,LOW,0,0.00,0.00,0.00,-30,3,1,"","info"
en_pa_us,"how much does it cost to go through panama canal",INFO_CANAL,INFORMACIONAL,BLOG_CORE,390,LOW,2,16940.41,0.00,0.00,-34,1,1,"","info"
en_pa_us,"how much does it cost to pass the panama canal",INFO_CANAL,INFORMACIONAL,BLOG_CORE,390,LOW,2,16940.41,0.00,0.00,-34,1,1,"","info"
en_pa_us,"how much does it cost to transit the panama canal",INFO_CANAL,INFORMACIONAL,BLOG_CORE,390,LOW,2,16940.41,0.00,0.00,-34,1,1,"","info"
en_pa_us,"panama canal expansion project",INFO_CANAL,INFORMACIONAL,BLOG_GENERAL,390,LOW,2,21465.30,8354.09,22468.24,-64,2,1,"","info"
en_pa_us,"panama canal upgrade",INFO_CANAL,INFORMACIONAL,BLOG_GENERAL,390,LOW,2,21465.30,8354.09,22468.24,-64,2,1,"","info url:adimarships.com url:lethagencies.com url:orcashipsagents.com"
en_pa_us,"panama canal fee",INFO_CANAL,INFORMACIONAL,BLOG_CORE,390,LOW,2,1040.79,531.73,1449.00,-92,2,3,"panama canal fees | fee for panama canal","url:orcashipsagents.com"
en_pa_us,"panama canal price",INFO_CANAL,INFORMACIONAL,BLOG_CORE,390,LOW,2,1039.87,531.26,1447.73,-92,2,1,"","info_2"
en_pa_us,"panama canal rates",INFO_CANAL,INFORMACIONAL,BLOG_CORE,390,LOW,2,1039.87,531.26,1447.73,-92,2,1,"","info_2"
en_pa_us,"norton lilly panama",CONQUEST,NAVEGACIONAL,CONQUEST,390,LOW,2,2224.37,0.00,0.00,12,1,1,"","conquest"
en_pa_us,"shipping industry",OTRO,GENERICA,REVISAR,390,LOW,5,0.00,15664.38,87942.66,-24,3,2,"shipping industries","url:adimarships.com url:panamashipservice.com"
en_pa_us,"panama canal tickets",INFO_CANAL,INFORMACIONAL,BLOG_GENERAL,390,MEDIUM,43,3681.35,1241.43,4360.01,-2,12,1,"","url:adimarships.com url:lethagencies.com url:orcashipsagents.com"
en_pa_us,"ship vessel tracking",OTRO,GENERICA,EXCLUIR,390,LOW,6,6257.30,1002.52,4951.10,-1,4,1,"","url:adimarships.com"
en_pa_us,"we shipping",OTRO,GENERICA,REVISAR,390,LOW,33,34972.20,9019.79,39645.50,-22,12,1,"","url:adimarships.com url:panamashipservice.com url:gac.com"
en_pa_us,"panama canal cost",INFO_CANAL,INFORMACIONAL,BLOG_CORE,390,LOW,2,1040.79,531.73,1449.00,-92,2,2,"panama canal costs","url:adimarships.com url:panamashipservice.com"
en_pa_us,"panama canal pricing",INFO_CANAL,INFORMACIONAL,BLOG_GENERAL,390,LOW,2,1040.79,531.73,1449.00,-92,2,1,"","url:adimarships.com url:lethagencies.com url:orcashipsagents.com"
en_pa_us,"propeller on ship",OTRO,GENERICA,REVISAR,390,LOW,9,1608.93,0.00,0.00,-32,5,1,"","url:panamashipservice.com"
en_pa_us,"propeller vessel",OTRO,GENERICA,REVISAR,390,LOW,9,1608.93,0.00,0.00,-32,5,1,"","url:panamashipservice.com"
en_pa_us,"fuel for ship",BUNKER,GENERICA,SERVICIO,390,LOW,1,0.00,0.00,0.00,-24,4,1,"","url:gac.com"
en_pa_us,"panama canal in us history",INFO_CANAL,INFORMACIONAL,EXCLUIR,390,LOW,2,0.00,0.00,0.00,18,10,1,"","url:lethagencies.com"
en_pa_us,"panama canal completed",INFO_CANAL,INFORMACIONAL,BLOG_GENERAL,390,LOW,1,6580.13,0.00,0.00,50,10,1,"","url:lethagencies.com url:orcashipsagents.com"
en_pa_us,"panama canal year",INFO_CANAL,INFORMACIONAL,BLOG_GENERAL,390,LOW,0,0.00,0.00,0.00,77,10,1,"","url:orcashipsagents.com"
en_pa_us,"cargo ship prices",OTRO,INFORMACIONAL,EXCLUIR,390,LOW,5,38160.11,7362.26,24729.87,-53,9,1,"","url:orcashipsagents.com"
en_pa_us,"type of cargo vessel",OTRO,GENERICA,REVISAR,390,LOW,0,0.00,0.00,0.00,-19,5,1,"","url:orcashipsagents.com"
en_pa_us,"kinds of cargo ships",OTRO,GENERICA,REVISAR,390,LOW,0,0.00,0.00,0.00,-19,5,1,"","url:orcashipsagents.com"
en_pa_us,"kinds of vessel",OTRO,GENERICA,REVISAR,390,LOW,0,0.00,0.00,0.00,-18,12,1,"","url:orcashipsagents.com"
en_pa_us,"ship sea",OTRO,GENERICA,REVISAR,390,LOW,3,0.00,2053.67,22298.23,31,10,2,"sea and ship","url:orcashipsagents.com"
en_pa_us,"cargo ship costs",OTRO,INFORMACIONAL,EXCLUIR,390,LOW,5,38160.11,7362.26,24729.87,-53,9,1,"","url:orcashipsagents.com"
en_pa_us,"name of ships",OTRO,GENERICA,REVISAR,390,LOW,0,0.00,0.00,0.00,-38,3,1,"","url:orcashipsagents.com"
en_pa_us,"maritime marine",OTRO,INFORMACIONAL,REVISAR,390,LOW,9,0.00,2530.60,20614.68,4,3,1,"","url:24marine.com"
en_pa_us,"vessel type",OTRO,GENERICA,REVISAR,390,LOW,0,0.00,0.00,0.00,-18,12,1,"","url:24marine.com"
en_pa_us,"sea marine",OTRO,GENERICA,REVISAR,390,LOW,1,0.00,0.00,0.00,2,6,1,"","url:24marine.com"
en_pa_us,"tankers services",OTRO,COMERCIAL,REVISAR,390,LOW,8,7575.96,6397.06,25438.95,-7,5,1,"","url:24marine.com"
en_pa_us,"we marine",OTRO,GENERICA,REVISAR,390,LOW,1,10370.19,0.00,0.00,-29,2,1,"","url:24marine.com"
en_pa_us,"business marketing services",OTRO,COMERCIAL,EXCLUIR,390,LOW,9,63773.01,26103.79,94899.12,-39,9,1,"","url:crossworldagency.com"
en_pa_us,"marketing inc",OTRO,GENERICA,EXCLUIR,390,LOW,2,50516.74,9482.70,37594.50,95,6,1,"","url:crossworldagency.com"
en_pa_us,"authority agency",FUERA,COMERCIAL,EXCLUIR,390,LOW,9,109718.04,22657.32,78321.88,-23,4,1,"","url:crossworldagency.com"
en_pa_us,"marketing corporations",OTRO,GENERICA,EXCLUIR,390,LOW,8,32264.38,16560.73,58628.77,-16,9,1,"","url:crossworldagency.com"
en_pa_us,"vessel services",OTRO,COMERCIAL,REVISAR,320,LOW,2,166243.40,0.00,0.00,2,7,1,"","url:adimarships.com url:panamashipservice.com url:gac.com url:lethagencies.com url:24marine.com"
en_pa_us,"vessel services inc",OTRO,COMERCIAL,REVISAR,320,LOW,2,166243.40,0.00,0.00,2,7,1,"","url:adimarships.com"
en_pa_us,"panama canal today",INFO_CANAL,INFORMACIONAL,BLOG_GENERAL,320,LOW,0,0.00,0.00,0.00,-50,1,1,"","url:adimarships.com"
en_pa_us,"best for shipping",OTRO,GENERICA,REVISAR,320,LOW,14,33172.99,6705.43,44248.59,-13,3,1,"","url:adimarships.com url:panamashipservice.com"
en_pa_us,"panama canal where is it located",INFO_CANAL,INFORMACIONAL,BLOG_GENERAL,320,LOW,5,3613.86,0.00,0.00,-34,1,1,"","url:adimarships.com url:gac.com url:lethagencies.com url:orcashipsagents.com"
en_pa_us,"panama canal purpose",INFO_CANAL,INFORMACIONAL,BLOG_GENERAL,320,LOW,3,0.00,34.91,5450.20,-17,1,1,"","url:adimarships.com url:lethagencies.com url:orcashipsagents.com"
en_pa_us,"condition surveys",SURVEY,GENERICA,SERVICIO,320,LOW,1,0.00,0.00,0.00,488,5,1,"","url:panamashipservice.com url:24marine.com"
en_pa_us,"ship agencies",AGENCIA,GENERICA,SERVICIO,320,LOW,5,78103.16,9730.95,33283.57,-30,11,1,"","url:panamashipservice.com"
en_pa_us,"ships navigation",OTRO,GENERICA,REVISAR,320,LOW,2,44.59,85.05,41871.08,8,4,1,"","url:panamashipservice.com"
en_pa_us,"shipping agency",AGENCIA,COMERCIAL,SERVICIO,320,LOW,5,78103.16,9730.95,33283.57,-30,11,1,"","url:gac.com"
en_pa_us,"ocean freight services",OTRO,COMERCIAL,REVISAR,320,LOW,4,14170.62,8551.14,37314.24,36,6,1,"","url:gac.com"
en_pa_us,"location of panama canal",INFO_CANAL,INFORMACIONAL,BLOG_GENERAL,320,LOW,5,3613.86,0.00,0.00,-34,1,1,"","url:gac.com"
en_pa_us,"united arab emirates port",OTRO,INFORMACIONAL,REVISAR,320,LOW,0,0.00,0.00,0.00,97,3,1,"","url:gac.com"
en_pa_us,"1914 panama canal",INFO_CANAL,INFORMACIONAL,BLOG_GENERAL,320,LOW,0,0.00,0.00,0.00,31,12,1,"","url:lethagencies.com"
en_pa_us,"panama waterway",OTRO,INFORMACIONAL,REVISAR,320,MEDIUM,39,753.72,0.00,0.00,3,5,1,"","url:lethagencies.com"
en_pa_us,"fuerte amador",OTRO,GENERICA,REVISAR,320,LOW,5,6932.35,1257.72,9962.73,-4,1,1,"","url:orcashipsagents.com"
en_pa_us,"ships details",OTRO,GENERICA,REVISAR,320,LOW,3,7900.47,2974.59,7988.83,30,7,1,"","url:orcashipsagents.com"
en_pa_us,"imo vessel",OTRO,GENERICA,REVISAR,320,LOW,0,0.00,0.00,0.00,-8,3,1,"","url:24marine.com"
en_pa_us,"marine and naval engineering",OTRO,GENERICA,REVISAR,320,LOW,1,0.00,0.00,0.00,72,4,1,"","url:24marine.com"
en_pa_us,"about us of a company",OTRO,COMERCIAL,REVISAR,320,LOW,1,0.00,0.00,0.00,-47,2,2,"about us for a company","url:crossworldagency.com"
en_pa_us,"industries in marketing",OTRO,GENERICA,EXCLUIR,320,LOW,2,20986.35,15006.60,24929.71,-71,5,1,"","url:crossworldagency.com"
en_pa_us,"business is marketing",OTRO,GENERICA,EXCLUIR,320,MEDIUM,37,151042.56,24385.78,103474.86,-28,9,1,"","url:crossworldagency.com"
en_pa_us,"business marketing business",OTRO,GENERICA,EXCLUIR,320,MEDIUM,37,151042.56,24385.78,103474.86,-28,9,1,"","url:crossworldagency.com"
en_pa_us,"panama canal booking",AGENCIA,COMERCIAL,SERVICIO_PANAMA,260,HIGH,79,1052.75,566.47,4206.29,-39,1,1,"","agencia info url:orcashipsagents.com"
en_pa_us,"grimaldi shipping company",CONSULT,COMERCIAL,SERVICIO,260,LOW,12,41384.64,7290.74,26372.44,-8,3,1,"","agencia"
en_pa_us,"us forwarding agency",FUERA,COMERCIAL,EXCLUIR,260,LOW,3,18341.32,0.00,0.00,0,5,1,"","agencia"
en_pa_us,"cargo claims",CLAIMS,GENERICA,SERVICIO,260,LOW,7,38857.86,14160.59,57399.23,-33,3,1,"","claims url:24marine.com"
en_pa_us,"freight claims",FUERA,GENERICA,EXCLUIR,260,LOW,7,38857.86,14160.59,57399.23,-33,3,1,"","claims"
en_pa_us,"port of cristobal",INFO_CANAL,INFORMACIONAL,BLOG_CORE,260,LOW,0,0.00,0.00,0.00,-35,3,1,"","info"
en_pa_us,"cristobal panama port",INFO_CANAL,INFORMACIONAL,BLOG_CORE,260,LOW,0,0.00,0.00,0.00,-35,3,1,"","info"
en_pa_us,"canal shipping",INFO_CANAL,INFORMACIONAL,BLOG_GENERAL,260,LOW,0,0.00,0.00,0.00,0,3,1,"","url:adimarships.com url:panamashipservice.com url:gac.com url:lethagencies.com url:orcashipsagents.com"
en_pa_us,"panama canal information",INFO_CANAL,INFORMACIONAL,BLOG_GENERAL,260,LOW,14,12729.97,62.57,6265.75,57,1,1,"","url:adimarships.com"
en_pa_us,"panama canal info",INFO_CANAL,INFORMACIONAL,BLOG_GENERAL,260,LOW,14,12729.97,62.57,6265.75,57,1,1,"","url:adimarships.com"
en_pa_us,"panama canal us",INFO_CANAL,INFORMACIONAL,BLOG_GENERAL,260,LOW,0,0.00,0.00,0.00,-72,2,2,"us panama canal","url:adimarships.com url:panamashipservice.com url:lethagencies.com url:orcashipsagents.com"
en_pa_us,"panama canal new canal",INFO_CANAL,INFORMACIONAL,BLOG_GENERAL,260,LOW,2,0.00,0.00,0.00,-60,1,1,"","url:adimarships.com url:orcashipsagents.com"
en_pa_us,"panama canal ownership",INFO_CANAL,INFORMACIONAL,BLOG_GENERAL,260,LOW,0,0.00,0.00,0.00,-94,12,1,"","url:adimarships.com url:orcashipsagents.com"
en_pa_us,"new panama canal",INFO_CANAL,INFORMACIONAL,BLOG_GENERAL,260,LOW,2,0.00,0.00,0.00,-60,1,2,"panama new canal","url:adimarships.com"
en_pa_us,"panama canal overview",INFO_CANAL,INFORMACIONAL,BLOG_GENERAL,260,LOW,3,0.00,0.00,0.00,77,10,1,"","url:adimarships.com url:lethagencies.com url:orcashipsagents.com"
en_pa_us,"shipping market",OTRO,GENERICA,REVISAR,260,LOW,14,19662.81,6708.30,31023.07,-39,10,1,"","url:panamashipservice.com"
en_pa_us,"panama transportation",OTRO,COMERCIAL,REVISAR,260,LOW,18,6945.42,1352.60,6175.18,-34,10,2,"transportation in panama","url:panamashipservice.com url:gac.com url:lethagencies.com url:orcashipsagents.com"
en_pa_us,"information about the panama canal",INFO_CANAL,INFORMACIONAL,BLOG_GENERAL,260,LOW,14,12729.97,62.57,6265.75,57,1,1,"","url:panamashipservice.com"
en_pa_us,"bunker rates",BUNKER,INFORMACIONAL,BLOG_CORE,260,LOW,0,0.00,0.00,0.00,-50,11,1,"","url:panamashipservice.com"
en_pa_us,"class of ship",OTRO,GENERICA,REVISAR,260,LOW,0,0.00,0.00,0.00,26,3,1,"","url:panamashipservice.com"
en_pa_us,"ship business",OTRO,GENERICA,REVISAR,260,MEDIUM,34,59461.08,10965.06,58531.62,-36,1,1,"","url:gac.com"
en_pa_us,"shipping agency china",AGENCIA,COMERCIAL,SERVICIO,260,MEDIUM,48,56090.53,9676.26,35683.45,-23,11,1,"","url:gac.com"
en_pa_us,"united states panama canal",INFO_CANAL,INFORMACIONAL,BLOG_GENERAL,260,LOW,0,0.00,0.00,0.00,-72,2,1,"","url:gac.com"
en_pa_us,"europe ship",OTRO,GENERICA,REVISAR,260,LOW,12,0.00,3064.42,20460.52,29,12,1,"","url:gac.com"
en_pa_us,"panama suez canal",INFO_CANAL,INFORMACIONAL,EXCLUIR,260,LOW,0,0.00,0.00,0.00,-7,1,2,"panama and suez canal","url:lethagencies.com"
en_pa_us,"panama canal suez canal",INFO_CANAL,INFORMACIONAL,EXCLUIR,260,LOW,0,0.00,0.00,0.00,-7,1,2,"suez canal and panama canal","url:lethagencies.com"
en_pa_us,"the ship company",OTRO,COMERCIAL,REVISAR,260,LOW,0,0.00,0.00,0.00,20,7,1,"","url:lethagencies.com"
en_pa_us,"canal suez",INFO_CANAL,INFORMACIONAL,EXCLUIR,260,LOW,0,0.00,0.00,0.00,0,3,1,"","url:lethagencies.com"
en_pa_us,"suez canal authority",INFO_CANAL,INFORMACIONAL,EXCLUIR,260,LOW,0,0.00,0.00,0.00,79,7,1,"","url:lethagencies.com"
en_pa_us,"shipping now",OTRO,GENERICA,REVISAR,260,LOW,11,17144.70,10165.41,48441.04,50,3,1,"","url:lethagencies.com"
en_pa_us,"suez canal vessel",INFO_CANAL,INFORMACIONAL,EXCLUIR,260,LOW,0,0.00,0.00,0.00,-12,3,1,"","url:lethagencies.com"
en_pa_us,"cost to go through panama canal",INFO_CANAL,INFORMACIONAL,BLOG_CORE,260,LOW,2,0.00,0.00,0.00,-57,1,1,"","url:orcashipsagents.com"
en_pa_us,"panama city canal",INFO_CANAL,INFORMACIONAL,BLOG_GENERAL,260,LOW,14,9316.36,1008.37,5783.24,-24,1,1,"","url:orcashipsagents.com"
en_pa_us,"benefit of panama canal",INFO_CANAL,INFORMACIONAL,BLOG_GENERAL,260,LOW,0,0.00,0.00,0.00,34,5,1,"","url:orcashipsagents.com"
en_pa_us,"company maritime",OTRO,COMERCIAL,REVISAR,260,LOW,10,18955.26,6704.35,22932.65,-28,5,1,"","url:orcashipsagents.com url:24marine.com"
en_pa_us,"name of vessel",OTRO,GENERICA,REVISAR,260,LOW,0,0.00,0.00,0.00,-11,4,1,"","url:orcashipsagents.com"
en_pa_us,"maritime vessel",OTRO,INFORMACIONAL,REVISAR,260,LOW,0,0.00,0.00,0.00,11,4,1,"","url:orcashipsagents.com url:24marine.com"
en_pa_us,"vessel search",OTRO,GENERICA,REVISAR,260,LOW,1,4747.86,0.00,0.00,-30,1,1,"","url:24marine.com"
en_pa_us,"smart surveyors",FUERA,COMERCIAL,EXCLUIR,260,LOW,18,39288.52,16812.29,94699.19,-16,10,1,"","url:24marine.com"
en_pa_us,"agency company",FUERA,COMERCIAL,EXCLUIR,260,LOW,10,41817.98,9148.00,55160.51,-45,2,1,"","url:crossworldagency.com"
en_pa_us,"marketing help",OTRO,GENERICA,EXCLUIR,260,MEDIUM,44,97917.39,30465.83,96830.89,-43,9,1,"","url:crossworldagency.com"
en_pa_us,"marketing company services",OTRO,COMERCIAL,EXCLUIR,260,LOW,10,33006.14,14084.61,80170.98,-33,9,1,"","url:crossworldagency.com"
en_pa_us,"marketing learn",OTRO,GENERICA,EXCLUIR,260,MEDIUM,49,56098.12,11068.43,49908.34,-42,9,1,"","url:crossworldagency.com"
en_pa_us,"marketing professional services",OTRO,COMERCIAL,EXCLUIR,260,LOW,9,95189.82,18596.11,67676.94,-56,4,1,"","url:crossworldagency.com"
en_pa_us,"home for action",OTRO,GENERICA,REVISAR,260,MEDIUM,37,21820.51,2924.60,38122.53,-20,1,1,"","url:crossworldagency.com"
en_pa_us,"panama canal transit",INFO_CANAL,INFORMACIONAL,BLOG_GENERAL,210,LOW,15,8953.67,1521.33,6713.54,-96,2,1,"","agencia url:adimarships.com url:panamashipservice.com url:gac.com url:lethagencies.com url:orcashipsagents.com"
en_pa_us,"petroleum inspection",SURVEY,GENERICA,SERVICIO,210,LOW,2,183.05,92.15,8678.06,-22,5,1,"","survey_2"
en_pa_us,"petrol inspection",FUERA,GENERICA,EXCLUIR,210,LOW,2,183.05,92.15,8678.06,-22,5,1,"","survey_2"
en_pa_us,"colon panama port",OTRO,COMERCIAL,REVISAR,210,LOW,3,904.82,1020.86,3309.62,-21,1,3,"panama colon port | panama port colon","info"
en_pa_us,"colon port",OTRO,COMERCIAL,REVISAR,210,LOW,4,3540.60,750.71,3787.25,-13,1,2,"port of colon","info"
en_pa_us,"lock system panama canal",INFO_CANAL,INFORMACIONAL,BLOG_GENERAL,210,LOW,0,0.00,0.00,0.00,11,1,1,"","info"
en_pa_us,"new panama canal locks",INFO_CANAL,INFORMACIONAL,BLOG_GENERAL,210,LOW,2,11501.77,0.00,0.00,-38,1,3,"new locks at panama canal | new locks on panama canal","url:adimarships.com"
en_pa_us,"panama canal locks diagram",INFO_CANAL,INFORMACIONAL,BLOG_GENERAL,210,LOW,0,0.00,0.00,0.00,-13,1,1,"","info"
en_pa_us,"inchcape panama",CONQUEST,NAVEGACIONAL,CONQUEST,210,LOW,0,0.00,0.00,0.00,-9,5,1,"","conquest"
en_pa_us,"cb fenton",CONQUEST,NAVEGACIONAL,CONQUEST,210,LOW,0,0.00,0.00,0.00,5,5,1,"","conquest"
en_pa_us,"panama shipping company",CONSULT,COMERCIAL,SERVICIO_PANAMA,210,LOW,12,8063.96,2631.61,10579.99,-13,12,1,"","conquest url:panamashipservice.com url:gac.com url:lethagencies.com url:orcashipsagents.com"
en_pa_us,"panama canal ship",INFO_CANAL,INFORMACIONAL,BLOG_GENERAL,210,LOW,4,0.00,0.00,0.00,-33,11,3,"panama canal ships | ships in panama canal","url:panamashipservice.com url:gac.com"
en_pa_us,"creation of the panama canal",INFO_CANAL,INFORMACIONAL,BLOG_GENERAL,210,LOW,0,48563.32,0.00,0.00,27,1,2,"the creation of the panama canal","url:adimarships.com"
en_pa_us,"service marine",OTRO,COMERCIAL,REVISAR,210,LOW,0,0.00,0.00,0.00,22,3,1,"","url:panamashipservice.com"
en_pa_us,"marine shipping company",CONSULT,COMERCIAL,SERVICIO,210,LOW,18,37334.96,6610.31,29591.95,-26,6,2,"shipping marine company","url:orcashipsagents.com"
en_pa_us,"marine fleet",OTRO,GENERICA,REVISAR,210,LOW,0,0.00,0.00,0.00,18,11,1,"","url:panamashipservice.com"
en_pa_us,"underwater ship",OTRO,INFORMACIONAL,REVISAR,210,LOW,0,0.00,0.00,0.00,-5,3,1,"","url:panamashipservice.com"
en_pa_us,"bunker pricing",BUNKER,GENERICA,SERVICIO,210,LOW,0,0.00,0.00,0.00,-31,3,1,"","url:panamashipservice.com"
en_pa_us,"united states shipping companies",OTRO,GENERICA,REVISAR,210,MEDIUM,40,25166.07,7685.99,35718.88,-45,10,1,"","url:gac.com"
en_pa_us,"shipping company worldwide",CONSULT,COMERCIAL,SERVICIO,210,LOW,33,48694.25,5493.66,32384.15,-46,10,1,"","url:gac.com"
en_pa_us,"ship united states",OTRO,GENERICA,REVISAR,210,LOW,2,3420.78,1430.77,7504.24,-64,2,1,"","url:gac.com"
en_pa_us,"ship world wide",OTRO,GENERICA,REVISAR,210,LOW,28,27271.44,5858.48,22075.02,-33,3,1,"","url:gac.com"
en_pa_us,"all ports",OTRO,GENERICA,REVISAR,210,LOW,0,0.00,0.00,0.00,12,7,1,"","url:gac.com"
en_pa_us,"marine ship company",OTRO,COMERCIAL,REVISAR,210,LOW,18,37334.96,6610.31,29591.95,-26,6,1,"","url:gac.com"
en_pa_us,"panama canal shipping",INFO_CANAL,INFORMACIONAL,BLOG_GENERAL,210,LOW,4,0.00,0.00,0.00,-33,11,1,"","url:lethagencies.com"
en_pa_us,"shipping magnates",OTRO,GENERICA,REVISAR,210,LOW,0,0.00,0.00,0.00,-8,3,1,"","url:lethagencies.com"
en_pa_us,"ship docking",OTRO,GENERICA,REVISAR,210,LOW,0,0.00,0.00,0.00,13,5,1,"","url:lethagencies.com"
en_pa_us,"container cargo ship",OTRO,GENERICA,EXCLUIR,210,MEDIUM,37,1296.87,6297.08,19079.21,-30,10,1,"","url:orcashipsagents.com"
en_pa_us,"sea vessel",OTRO,GENERICA,REVISAR,210,LOW,0,0.00,0.00,0.00,-3,12,1,"","url:orcashipsagents.com"
en_pa_us,"commercial ship",OTRO,GENERICA,REVISAR,210,LOW,0,0.00,0.00,0.00,31,4,1,"","url:orcashipsagents.com"
en_pa_us,"a ship shipping shipping ships",OTRO,GENERICA,REVISAR,210,LOW,0,0.00,0.00,0.00,18,3,1,"","url:orcashipsagents.com"
en_pa_us,"a ship shipping ship shipping shipping ships",OTRO,GENERICA,REVISAR,210,LOW,0,0.00,0.00,0.00,18,3,1,"","url:orcashipsagents.com"
en_pa_us,"name of cargo ship",OTRO,GENERICA,EXCLUIR,210,LOW,0,0.00,0.00,0.00,-14,11,1,"","url:orcashipsagents.com"
en_pa_us,"a shipping ship shipping shipping ships",OTRO,GENERICA,REVISAR,210,LOW,0,0.00,0.00,0.00,18,3,1,"","url:orcashipsagents.com"
en_pa_us,"cargo vessel names",OTRO,GENERICA,REVISAR,210,LOW,0,0.00,0.00,0.00,-14,11,1,"","url:orcashipsagents.com"
en_pa_us,"ship arrival",OTRO,GENERICA,REVISAR,210,LOW,0,0.00,0.00,0.00,-9,1,1,"","url:orcashipsagents.com"
en_pa_us,"bulk cargo",OTRO,GENERICA,REVISAR,210,LOW,4,18310.61,9185.11,42524.39,-43,10,1,"","url:24marine.com"
en_pa_us,"marine operation",OTRO,GENERICA,REVISAR,210,LOW,1,0.00,0.00,0.00,-2,3,1,"","url:24marine.com"
en_pa_us,"marine surveyor job",SURVEY,COMERCIAL,EXCLUIR,210,LOW,4,582.71,97.70,754.47,-21,7,1,"","url:24marine.com"
en_pa_us,"vessel s",OTRO,GENERICA,REVISAR,210,LOW,0,5418.62,0.00,0.00,26,10,1,"","url:24marine.com"
en_pa_us,"business agency",FUERA,COMERCIAL,EXCLUIR,210,LOW,22,90870.95,15140.10,76048.98,-46,9,1,"","url:crossworldagency.com"
en_pa_us,"surveys for business",FUERA,GENERICA,EXCLUIR,210,LOW,31,99987.52,21499.77,100542.07,-28,10,1,"","url:crossworldagency.com"
en_pa_us,"panama canal toll",INFO_CANAL,INFORMACIONAL,BLOG_CORE,170,LOW,0,0.00,0.00,0.00,-35,1,2,"panama canal tolls","url:lethagencies.com"
en_pa_us,"panama canal schedule",INFO_CANAL,INFORMACIONAL,BLOG_CORE,170,LOW,7,6471.70,1157.23,5431.01,3,1,1,"","info url:adimarships.com url:lethagencies.com url:orcashipsagents.com"
en_pa_us,"panama cruise port",OTRO,COMERCIAL,EXCLUIR,170,LOW,14,1934.49,1446.50,8231.76,-1,1,1,"","info url:gac.com url:orcashipsagents.com"
en_pa_us,"gatun panama canal",INFO_CANAL,INFORMACIONAL,BLOG_GENERAL,170,LOW,8,5054.88,1409.79,7714.07,-18,1,1,"","info"
en_pa_us,"manzanillo panama port",INFO_CANAL,INFORMACIONAL,BLOG_CORE,170,LOW,1,3528.86,0.00,0.00,-19,1,2,"manzanillo port panama","info"
en_pa_us,"panama cruise ship port",OTRO,COMERCIAL,EXCLUIR,170,LOW,14,1934.49,1446.50,8231.76,-1,1,1,"","info url:gac.com url:orcashipsagents.com"
en_pa_us,"how many ships go through the panama canal per day",INFO_CANAL,INFORMACIONAL,BLOG_GENERAL,170,LOW,0,0.00,0.00,0.00,-36,1,1,"","info_2"
en_pa_us,"panama canal times",INFO_CANAL,INFORMACIONAL,BLOG_GENERAL,170,LOW,3,4109.88,719.26,1756.73,-8,3,1,"","url:adimarships.com url:panamashipservice.com url:orcashipsagents.com"
en_pa_us,"vessel repair",OTRO,GENERICA,REVISAR,170,LOW,0,0.00,0.00,0.00,10,3,1,"","url:panamashipservice.com url:lethagencies.com"
en_pa_us,"commercial vessels",OTRO,GENERICA,REVISAR,170,LOW,0,0.00,0.00,0.00,35,7,1,"","url:panamashipservice.com"
en_pa_us,"shipping to africa",OTRO,GENERICA,EXCLUIR,170,LOW,18,12050.96,4223.34,20868.73,-8,5,1,"","url:gac.com"
en_pa_us,"vessel location",OTRO,GENERICA,REVISAR,170,LOW,11,3467.13,0.00,0.00,-22,12,1,"","url:gac.com"
en_pa_us,"ship from location",OTRO,GENERICA,REVISAR,170,LOW,11,3467.13,0.00,0.00,-22,12,1,"","url:gac.com"
en_pa_us,"united states liner",OTRO,GENERICA,REVISAR,170,LOW,4,2715.55,0.00,0.00,-35,2,1,"","url:gac.com"
en_pa_us,"vessel port",OTRO,GENERICA,REVISAR,170,LOW,0,0.00,0.00,0.00,0,3,1,"","url:gac.com url:lethagencies.com"
en_pa_us,"port service",OTRO,COMERCIAL,REVISAR,170,LOW,2,0.00,0.00,0.00,-49,6,1,"","url:lethagencies.com url:orcashipsagents.com"
en_pa_us,"suez canal company",INFO_CANAL,COMERCIAL,EXCLUIR,170,LOW,0,0.00,0.00,0.00,23,4,1,"","url:lethagencies.com"
en_pa_us,"inchcape company",CONQUEST,NAVEGACIONAL,CONQUEST,170,LOW,0,0.00,0.00,0.00,-7,7,1,"","url:lethagencies.com"
en_pa_us,"vessel transportation",OTRO,GENERICA,REVISAR,170,LOW,5,0.00,7401.18,18628.27,24,9,1,"","url:orcashipsagents.com"
en_pa_us,"marine surveyor certification",SURVEY,COMERCIAL,SERVICIO,170,LOW,8,14050.60,6234.42,32895.19,4,6,1,"","url:24marine.com"
en_pa_us,"sea cargo",OTRO,GENERICA,REVISAR,170,LOW,5,28671.41,5043.93,18202.00,-27,3,1,"","url:24marine.com"
en_pa_us,"certified marine surveyors",SURVEY,COMERCIAL,SERVICIO,170,LOW,8,14050.60,6234.42,32895.19,4,6,1,"","url:24marine.com"
en_pa_us,"professional marine services",OTRO,COMERCIAL,REVISAR,170,LOW,3,7922.52,0.00,0.00,-3,6,1,"","url:24marine.com"
en_pa_us,"marine carriers",OTRO,GENERICA,REVISAR,170,LOW,1,0.00,0.00,0.00,-17,3,1,"","url:24marine.com"
en_pa_us,"3d marine",OTRO,GENERICA,REVISAR,170,LOW,1,0.00,0.00,0.00,-8,3,1,"","url:24marine.com"
en_pa_us,"imo testing",OTRO,GENERICA,EXCLUIR,170,LOW,7,12578.56,7043.75,29851.15,32,6,1,"","url:24marine.com"
en_pa_us,"marine profession",OTRO,GENERICA,REVISAR,170,LOW,27,5855.71,2480.95,32074.99,-31,4,1,"","url:24marine.com"
en_pa_us,"marine traffic services",OTRO,COMERCIAL,REVISAR,170,LOW,0,0.00,0.00,0.00,1558,10,1,"","url:24marine.com"
en_pa_us,"vessel number",OTRO,GENERICA,REVISAR,170,MEDIUM,39,10858.27,1905.24,8163.75,-24,5,1,"","url:24marine.com"
en_pa_us,"you agency",FUERA,COMERCIAL,EXCLUIR,170,LOW,0,0.00,0.00,0.00,94,7,1,"","url:crossworldagency.com"
en_pa_us,"marketing for it services",OTRO,COMERCIAL,EXCLUIR,170,LOW,5,131685.49,35428.52,114841.23,-63,5,1,"","url:crossworldagency.com"
en_pa_us,"port agent",AGENCIA,COMERCIAL,SERVICIO,140,LOW,2,0.00,0.00,0.00,-45,3,1,"","agencia url:gac.com url:lethagencies.com url:orcashipsagents.com"
en_pa_us,"abf freight claim",FUERA,GENERICA,EXCLUIR,140,LOW,0,0.00,0.00,0.00,-4,7,1,"","claims"
en_pa_us,"ship to ship transfer",STS_OFFSHORE,GENERICA,SERVICIO,140,LOW,3,187772.22,19177.68,44234.51,-9,3,1,"","offshore_sts"
en_pa_us,"panama shipping",OTRO,COMERCIAL,REVISAR,140,LOW,2,0.00,3696.79,11177.42,-3,3,1,"","consultoria conquest url:adimarships.com url:panamashipservice.com url:gac.com url:lethagencies.com url:orcashipsagents.com"
en_pa_us,"panama ship registry",INFO_CANAL,INFORMACIONAL,BLOG_CORE,140,LOW,1,0.00,0.00,0.00,-11,4,1,"","info"
en_pa_us,"panama canal water levels",INFO_CANAL,INFORMACIONAL,BLOG_CORE,140,LOW,0,8840.89,0.00,0.00,-60,1,1,"","info"
en_pa_us,"panama city cruise port",OTRO,COMERCIAL,EXCLUIR,140,LOW,6,13695.76,2180.58,13955.41,-20,1,1,"","info url:orcashipsagents.com"
en_pa_us,"panama canal ship schedule",INFO_CANAL,INFORMACIONAL,BLOG_CORE,140,LOW,5,6613.69,1653.91,6385.18,-8,1,1,"","info url:orcashipsagents.com"
en_pa_us,"cocoli locks",INFO_CANAL,INFORMACIONAL,BLOG_GENERAL,140,LOW,2,0.00,0.00,0.00,-2,1,1,"","info"
en_pa_us,"colon cruise port",OTRO,COMERCIAL,EXCLUIR,140,LOW,4,0.00,0.00,0.00,22,1,1,"","info url:orcashipsagents.com"
en_pa_us,"panama ship registration",OTRO,COMERCIAL,REVISAR,140,LOW,1,0.00,0.00,0.00,-11,4,1,"","info conquest"
en_pa_us,"ship to ship",STS_OFFSHORE,GENERICA,SERVICIO,140,LOW,3,187772.22,19177.68,44234.51,-9,3,1,"","url:adimarships.com url:panamashipservice.com url:gac.com"
en_pa_us,"shipping today",OTRO,GENERICA,EXCLUIR,140,LOW,5,15729.14,4260.71,17373.69,-1,7,1,"","url:adimarships.com"
en_pa_us,"owner vessel",OTRO,GENERICA,REVISAR,140,LOW,1,0.00,0.00,0.00,135,2,2,"vessel owners","url:adimarships.com url:orcashipsagents.com"
en_pa_us,"ship system",OTRO,GENERICA,REVISAR,140,LOW,11,50123.46,9522.15,121648.27,-95,9,1,"","url:adimarships.com url:panamashipservice.com"
en_pa_us,"ship in transit",OTRO,GENERICA,REVISAR,140,LOW,0,0.00,0.00,0.00,-7,12,1,"","url:adimarships.com url:panamashipservice.com url:lethagencies.com"
en_pa_us,"ship maintenance",OTRO,GENERICA,REVISAR,140,LOW,3,0.00,0.00,0.00,-6,9,1,"","url:panamashipservice.com"
en_pa_us,"supply ship",OTRO,GENERICA,REVISAR,140,LOW,0,0.00,0.00,0.00,10,3,1,"","url:panamashipservice.com url:gac.com"
en_pa_us,"shipping fleet",OTRO,GENERICA,REVISAR,140,LOW,1,0.00,0.00,0.00,23,9,1,"","url:panamashipservice.com"
en_pa_us,"ship fleet",OTRO,GENERICA,REVISAR,140,LOW,1,0.00,0.00,0.00,23,9,1,"","url:panamashipservice.com"
en_pa_us,"shipping trade",OTRO,GENERICA,REVISAR,140,LOW,2,0.00,0.00,0.00,61,3,1,"","url:panamashipservice.com"
en_pa_us,"ship owners",OTRO,GENERICA,REVISAR,140,LOW,0,0.00,0.00,0.00,-9,9,1,"","url:panamashipservice.com"
en_pa_us,"international ship repairs",OTRO,GENERICA,EXCLUIR,140,LOW,5,143.63,0.00,0.00,-20,1,1,"","url:panamashipservice.com"
en_pa_us,"offshore services",STS_OFFSHORE,COMERCIAL,SERVICIO,140,LOW,5,9694.71,5636.59,21641.71,-27,1,1,"","url:gac.com"
en_pa_us,"ship search",OTRO,GENERICA,REVISAR,140,LOW,4,3446.43,123.06,10151.09,-19,12,1,"","url:gac.com"
en_pa_us,"marine agents",AGENCIA,COMERCIAL,SERVICIO,140,LOW,9,26727.68,12754.53,87720.50,-45,12,1,"","url:gac.com url:orcashipsagents.com"
en_pa_us,"agency world",FUERA,COMERCIAL,EXCLUIR,140,LOW,1,0.00,0.00,0.00,313,5,1,"","url:gac.com"
en_pa_us,"shipping operators",OTRO,GENERICA,REVISAR,140,LOW,0,0.00,0.00,0.00,-7,5,1,"","url:lethagencies.com"
en_pa_us,"port transportation",OTRO,GENERICA,REVISAR,140,LOW,24,12160.02,3705.14,12142.99,-14,12,1,"","url:lethagencies.com"
en_pa_us,"ins shipping",OTRO,GENERICA,REVISAR,140,LOW,0,0.00,0.00,0.00,145,7,1,"","url:lethagencies.com"
en_pa_us,"fuerte amador cruise port",OTRO,GENERICA,EXCLUIR,140,LOW,8,1701.06,1151.48,30644.39,161,1,1,"","url:orcashipsagents.com"
en_pa_us,"ships operation",OTRO,GENERICA,REVISAR,140,LOW,0,0.00,0.00,0.00,-7,5,1,"","url:orcashipsagents.com"
en_pa_us,"maritime vessel name",OTRO,INFORMACIONAL,REVISAR,140,LOW,0,0.00,0.00,0.00,-16,12,1,"","url:orcashipsagents.com"
en_pa_us,"marine inspection",SURVEY,GENERICA,SERVICIO,140,LOW,12,82536.73,6473.62,41222.30,-6,3,1,"","url:24marine.com"
en_pa_us,"yacht surveyor",SURVEY,COMERCIAL,SERVICIO,140,LOW,20,17342.34,9617.93,39994.61,19,4,1,"","url:24marine.com"
en_pa_us,"maritime certification",OTRO,INFORMACIONAL,REVISAR,140,LOW,19,15223.69,3414.83,20576.33,-61,9,1,"","url:24marine.com"
en_pa_us,"mlc marine",OTRO,GENERICA,REVISAR,140,LOW,0,0.00,0.00,0.00,-27,1,1,"","url:24marine.com"
en_pa_us,"business marketing agency",FUERA,COMERCIAL,EXCLUIR,140,LOW,28,171563.31,26029.62,142853.61,-44,9,1,"","url:crossworldagency.com"
en_pa_us,"marketing for your business",OTRO,GENERICA,EXCLUIR,140,MEDIUM,43,104772.19,27334.44,94066.61,-60,9,1,"","url:crossworldagency.com"
en_pa_us,"crewing agencies",AGENCIA,GENERICA,SERVICIO,110,LOW,2,4123.85,0.00,0.00,-25,1,1,"","agencia"
en_pa_us,"husbandry shipping",AGENCIA,GENERICA,SERVICIO,110,LOW,0,0.00,0.00,0.00,-29,1,1,"","agencia url:orcashipsagents.com"
en_pa_us,"vessel husbandry",AGENCIA,GENERICA,SERVICIO,110,LOW,0,0.00,0.00,0.00,-29,1,1,"","agencia url:orcashipsagents.com"
en_pa_us,"how much does it cost to use the panama canal",INFO_CANAL,INFORMACIONAL,BLOG_CORE,110,LOW,1,0.00,0.00,0.00,-55,1,1,"","info"
en_pa_us,"hutchison ports panama",OTRO,COMERCIAL,REVISAR,110,LOW,0,0.00,0.00,0.00,-60,1,1,"","info"
en_pa_us,"about panama canal",INFO_CANAL,INFORMACIONAL,BLOG_GENERAL,110,LOW,5,0.00,0.00,0.00,32,1,1,"","url:adimarships.com url:panamashipservice.com url:gac.com url:lethagencies.com url:orcashipsagents.com"
en_pa_us,"panama canal what is it",INFO_CANAL,INFORMACIONAL,BLOG_GENERAL,110,LOW,0,0.00,0.00,0.00,74,10,1,"","url:adimarships.com url:panamashipservice.com url:lethagencies.com url:orcashipsagents.com"
en_pa_us,"shipping owner",OTRO,GENERICA,REVISAR,110,LOW,0,0.00,0.00,0.00,-16,3,1,"","url:adimarships.com"
en_pa_us,"canal facts",INFO_CANAL,INFORMACIONAL,BLOG_GENERAL,110,LOW,0,0.00,0.00,0.00,88,4,1,"","url:adimarships.com"
en_pa_us,"us and panama canal",INFO_CANAL,INFORMACIONAL,BLOG_GENERAL,110,LOW,1,0.00,0.00,0.00,-69,1,2,"panama canal and the us","url:lethagencies.com"
en_pa_us,"ship repair service",OTRO,COMERCIAL,REVISAR,110,LOW,0,0.00,0.00,0.00,75,7,1,"","url:panamashipservice.com"
en_pa_us,"survey vessel",SURVEY,GENERICA,SERVICIO,110,LOW,1,0.00,0.00,0.00,-23,5,1,"","url:panamashipservice.com"
en_pa_us,"vessel tank",OTRO,GENERICA,REVISAR,110,LOW,24,29337.34,7178.55,27381.33,-42,11,1,"","url:panamashipservice.com"
en_pa_us,"yout ship",OTRO,GENERICA,REVISAR,110,LOW,7,0.00,0.00,0.00,7,3,1,"","url:panamashipservice.com"
en_pa_us,"company vessel",OTRO,COMERCIAL,REVISAR,110,LOW,0,9122.58,0.00,0.00,-40,1,2,"vessel companies","url:panamashipservice.com url:gac.com url:24marine.com"
en_pa_us,"steel ship",OTRO,GENERICA,REVISAR,110,LOW,0,0.00,0.00,0.00,-8,4,1,"","url:panamashipservice.com"
en_pa_us,"support vessels",OTRO,GENERICA,REVISAR,110,LOW,0,0.00,0.00,0.00,-14,3,1,"","url:panamashipservice.com"
en_pa_us,"shipping to sa",OTRO,GENERICA,EXCLUIR,110,MEDIUM,50,9634.53,2518.70,10384.22,-31,1,1,"","url:gac.com"
en_pa_us,"shipping in south africa",OTRO,GENERICA,REVISAR,110,MEDIUM,50,9634.53,2518.70,10384.22,-31,1,1,"","url:gac.com"
en_pa_us,"shipping company in dubai united arab emirates",CONSULT,COMERCIAL,SERVICIO,110,LOW,21,44464.26,3395.07,16388.67,-30,3,1,"","url:gac.com"
en_pa_us,"business maritime",OTRO,INFORMACIONAL,REVISAR,110,LOW,6,23038.22,7123.81,25624.43,-5,2,1,"","url:gac.com"
en_pa_us,"panama marine logistics",OTRO,COMERCIAL,REVISAR,110,LOW,0,0.00,0.00,0.00,16,9,1,"","url:gac.com url:orcashipsagents.com"
en_pa_us,"shipping sri lanka",OTRO,GENERICA,REVISAR,110,LOW,16,6662.94,3388.04,9895.02,-24,9,1,"","url:gac.com"
en_pa_us,"control of panama canal",INFO_CANAL,INFORMACIONAL,BLOG_GENERAL,110,LOW,0,0.00,0.00,0.00,-64,1,1,"","url:orcashipsagents.com"
en_pa_us,"sea agent",FUERA,COMERCIAL,EXCLUIR,110,LOW,0,0.00,0.00,0.00,45,10,1,"","url:orcashipsagents.com"
en_pa_us,"ship owning",OTRO,GENERICA,REVISAR,110,LOW,0,0.00,0.00,0.00,-16,3,1,"","url:orcashipsagents.com"
en_pa_us,"maritime businesses",OTRO,INFORMACIONAL,REVISAR,110,LOW,6,23038.22,7123.81,25624.43,-5,2,1,"","url:orcashipsagents.com"
en_pa_us,"inspection vessel",SURVEY,GENERICA,SERVICIO,110,LOW,4,16132.38,10101.45,24891.73,-32,9,2,"vessel inspection","url:24marine.com"
en_pa_us,"container carriers",OTRO,GENERICA,REVISAR,110,LOW,23,0.00,10906.97,35273.06,-42,3,1,"","url:24marine.com"
en_pa_us,"find marine",OTRO,GENERICA,REVISAR,110,LOW,13,11246.59,3115.58,11990.53,-32,11,1,"","url:24marine.com"
en_pa_us,"it marketing company",OTRO,COMERCIAL,EXCLUIR,110,LOW,9,99074.32,42593.24,94262.75,-69,5,1,"","url:crossworldagency.com"
en_pa_us,"industrial agency",FUERA,COMERCIAL,EXCLUIR,110,LOW,1,0.00,0.00,0.00,-29,3,1,"","url:crossworldagency.com"
en_pa_us,"the marketing company",OTRO,COMERCIAL,EXCLUIR,110,LOW,5,40265.28,9617.93,33451.19,4,1,1,"","url:crossworldagency.com"
en_pa_us,"home marketing",OTRO,GENERICA,EXCLUIR,110,LOW,19,54096.03,13534.93,52153.95,-29,9,2,"marketing home","url:crossworldagency.com"
en_pa_us,"chinese shipping agent",AGENCIA,COMERCIAL,SERVICIO,90,MEDIUM,59,35892.30,8257.04,25690.66,2,4,1,"","agencia"
en_pa_us,"shipping agents near me",AGENCIA,COMERCIAL,SERVICIO,90,HIGH,92,35138.47,6695.94,34193.13,-43,3,1,"","agencia"
en_pa_us,"loss control survey",SURVEY,GENERICA,SERVICIO,90,LOW,13,0.00,27945.25,27945.25,-8,9,1,"","survey_2"
en_pa_us,"cargo damage",CLAIMS,GENERICA,SERVICIO,90,LOW,1,0.00,0.00,0.00,60,10,2,"damage cargo","claims"
en_pa_us,"offshore supply boat companies",STS_OFFSHORE,GENERICA,SERVICIO,90,LOW,27,29996.85,4981.27,25968.55,-12,1,1,"","offshore_sts"
en_pa_us,"oil storage terminal",OTRO,GENERICA,REVISAR,90,LOW,1,0.00,0.00,0.00,-10,4,1,"","offshore_sts"
en_pa_us,"shipping consultant",CONSULT,COMERCIAL,SERVICIO,90,LOW,16,54724.49,17180.17,55409.72,-67,9,1,"","consultoria"
en_pa_us,"ship chandler panama",CONSULT,COMERCIAL,SERVICIO_PANAMA,90,LOW,7,298.83,0.00,0.00,-19,1,2,"ship chandlers panama","consultoria"
en_pa_us,"maritime consulting",CONSULT,INFORMACIONAL,BLOG_CORE,90,LOW,12,3780.10,4636.65,22100.64,-29,2,1,"","consultoria"
en_pa_us,"panama canal transit schedule",INFO_CANAL,INFORMACIONAL,BLOG_CORE,90,LOW,2,6314.87,0.00,0.00,37,4,1,"","info url:orcashipsagents.com"
en_pa_us,"how much does it cost to cross the panama canal",INFO_CANAL,INFORMACIONAL,BLOG_CORE,90,LOW,0,0.00,0.00,0.00,-51,1,1,"","info info_2"
en_pa_us,"balboa port terminal",INFO_CANAL,INFORMACIONAL,BLOG_CORE,90,LOW,0,0.00,0.00,0.00,-39,10,1,"","info"
en_pa_us,"mules panama canal",INFO_CANAL,INFORMACIONAL,BLOG_GENERAL,90,LOW,0,0.00,0.00,0.00,-25,1,1,"","info"
en_pa_us,"panama canal crossing fee",INFO_CANAL,INFORMACIONAL,BLOG_CORE,90,LOW,0,0.00,0.00,0.00,-50,12,1,"","info info_2 url:orcashipsagents.com"
en_pa_us,"panama canal transit fee",INFO_CANAL,INFORMACIONAL,BLOG_CORE,90,LOW,0,0.00,0.00,0.00,-50,12,2,"panama canal transit fees","info info_2"
en_pa_us,"panama canal price to cross",INFO_CANAL,INFORMACIONAL,BLOG_CORE,90,LOW,0,0.00,0.00,0.00,-50,12,1,"","info_2"
en_pa_us,"adimar shipping inc",CONQUEST,NAVEGACIONAL,CONQUEST,90,LOW,4,0.00,0.00,0.00,26,2,1,"","conquest url:adimarships.com"
en_pa_us,"ship shipping",OTRO,GENERICA,REVISAR,90,LOW,20,16318.64,8160.02,40524.49,-8,4,1,"","url:adimarships.com url:panamashipservice.com url:gac.com"
en_pa_us,"ship cargo services",OTRO,COMERCIAL,REVISAR,90,MEDIUM,41,38856.70,7485.32,40066.12,-77,7,1,"","url:adimarships.com url:panamashipservice.com"
en_pa_us,"quality shipping",OTRO,GENERICA,REVISAR,90,LOW,20,43177.67,6422.39,47024.45,22,11,1,"","url:adimarships.com"
en_pa_us,"the panamá canal",INFO_CANAL,INFORMACIONAL,BLOG_GENERAL,90,LOW,0,0.00,0.00,0.00,142,1,1,"","url:adimarships.com url:panamashipservice.com url:lethagencies.com url:orcashipsagents.com"
en_pa_us,"cargo shipping services",OTRO,COMERCIAL,EXCLUIR,90,MEDIUM,41,38856.70,7485.32,40066.12,-77,7,1,"","url:adimarships.com"
en_pa_us,"panama canal who owns it",INFO_CANAL,INFORMACIONAL,BLOG_GENERAL,90,LOW,0,0.00,0.00,0.00,-76,1,1,"","url:adimarships.com url:lethagencies.com url:orcashipsagents.com"
en_pa_us,"vessel tracking services",OTRO,COMERCIAL,EXCLUIR,90,LOW,19,103929.75,0.00,0.00,83,10,1,"","url:adimarships.com"
en_pa_us,"vessel supply",OTRO,GENERICA,REVISAR,90,LOW,0,0.00,0.00,0.00,-12,2,2,"vessel supplies","url:gac.com"
en_pa_us,"panama marine",OTRO,COMERCIAL,REVISAR,90,LOW,4,3621.60,1473.89,11775.36,-3,12,1,"","url:panamashipservice.com url:gac.com url:orcashipsagents.com url:24marine.com"
en_pa_us,"ship engine repair",OTRO,GENERICA,REVISAR,90,LOW,1,0.00,0.00,0.00,124,5,1,"","url:panamashipservice.com"
en_pa_us,"us shipping industry",OTRO,GENERICA,REVISAR,90,LOW,0,0.00,0.00,0.00,455,5,1,"","url:panamashipservice.com"
en_pa_us,"ship technologies",OTRO,GENERICA,REVISAR,90,LOW,4,0.00,13189.40,37446.05,-12,9,1,"","url:panamashipservice.com"
en_pa_us,"new zealand shipping",OTRO,GENERICA,REVISAR,90,LOW,3,2991.43,0.00,0.00,-73,10,1,"","url:gac.com"
en_pa_us,"gac website",CONQUEST,NAVEGACIONAL,CONQUEST,90,LOW,1,0.00,0.00,0.00,19,10,1,"","url:gac.com"
en_pa_us,"port management",OTRO,GENERICA,REVISAR,90,LOW,2,0.00,0.00,0.00,-14,3,1,"","url:gac.com"
en_pa_us,"africa ship",OTRO,GENERICA,REVISAR,90,LOW,7,16020.34,7102.01,18936.22,-1,5,1,"","url:gac.com"
en_pa_us,"shipping group",OTRO,GENERICA,REVISAR,90,LOW,10,0.00,4292.04,59354.55,-38,12,1,"","url:gac.com"
en_pa_us,"hong kong ship",OTRO,GENERICA,REVISAR,90,LOW,5,17586.49,4603.99,17230.81,-69,4,2,"ship hong kong","url:gac.com"
en_pa_us,"ship ireland",OTRO,GENERICA,REVISAR,90,MEDIUM,44,21622.66,3141.33,18591.07,-51,12,1,"","url:gac.com"
en_pa_us,"sri lanka shipping",OTRO,GENERICA,REVISAR,90,LOW,3,0.00,0.00,0.00,225,3,1,"","url:gac.com"
en_pa_us,"suez canal toll",INFO_CANAL,INFORMACIONAL,EXCLUIR,90,LOW,0,0.00,0.00,0.00,218,4,1,"","url:lethagencies.com"
en_pa_us,"ocean transportation services",OTRO,COMERCIAL,REVISAR,90,LOW,1,0.00,0.00,0.00,133,11,1,"","url:lethagencies.com"
en_pa_us,"panama canal closed",INFO_CANAL,INFORMACIONAL,BLOG_GENERAL,90,LOW,0,0.00,0.00,0.00,-74,2,1,"","url:lethagencies.com url:orcashipsagents.com"
en_pa_us,"a cargo ship",OTRO,GENERICA,EXCLUIR,90,LOW,0,0.00,0.00,0.00,76,4,1,"","url:orcashipsagents.com"
en_pa_us,"all kinds of ships",OTRO,GENERICA,REVISAR,90,LOW,0,0.00,0.00,0.00,22,4,1,"","url:orcashipsagents.com"
en_pa_us,"ship certificates",OTRO,GENERICA,REVISAR,90,LOW,8,33381.41,8678.06,26783.99,-5,9,1,"","url:orcashipsagents.com"
en_pa_us,"deck cargo vessel",OTRO,GENERICA,REVISAR,90,LOW,0,0.00,0.00,0.00,-4,3,1,"","url:orcashipsagents.com"
en_pa_us,"deck cargo ship",OTRO,GENERICA,EXCLUIR,90,LOW,0,0.00,0.00,0.00,-4,3,1,"","url:orcashipsagents.com"
en_pa_us,"marine search",OTRO,GENERICA,REVISAR,90,LOW,10,9179.68,2403.09,8994.08,-12,4,1,"","url:24marine.com"
en_pa_us,"marine engineering services",OTRO,COMERCIAL,REVISAR,90,LOW,2,0.00,0.00,0.00,44,9,1,"","url:24marine.com"
en_pa_us,"expert marine services",OTRO,COMERCIAL,REVISAR,90,LOW,4,68746.48,0.00,0.00,295,5,1,"","url:24marine.com"
en_pa_us,"independent surveyors",FUERA,COMERCIAL,EXCLUIR,90,LOW,4,71202.88,6110.30,26848.74,21,7,1,"","url:24marine.com"
en_pa_us,"bulk vessel",OTRO,GENERICA,REVISAR,90,LOW,0,0.00,0.00,0.00,-27,3,2,"vessel bulk","url:24marine.com"
en_pa_us,"bulk cargo vessel",OTRO,GENERICA,REVISAR,90,LOW,0,0.00,0.00,0.00,-27,3,1,"","url:24marine.com"
en_pa_us,"cargo sailboat",OTRO,GENERICA,REVISAR,90,LOW,0,0.00,0.00,0.00,44,11,1,"","url:24marine.com"
en_pa_us,"inside marine",OTRO,GENERICA,REVISAR,90,LOW,0,16597.09,0.00,0.00,141,7,1,"","url:24marine.com"
en_pa_us,"us marine services",OTRO,COMERCIAL,REVISAR,90,LOW,7,73220.07,16944.24,37676.11,21,11,1,"","url:24marine.com"
en_pa_us,"personal injury marketing companies",FUERA,GENERICA,EXCLUIR,90,MEDIUM,42,242027.13,126745.31,453204.50,-17,9,1,"","url:crossworldagency.com"
en_pa_us,"personal injury marketing agency",FUERA,COMERCIAL,EXCLUIR,90,LOW,26,208851.14,70621.32,394460.29,50,9,1,"","url:crossworldagency.com"
en_pa_us,"evaluation surveys",FUERA,GENERICA,EXCLUIR,90,LOW,16,17294.06,6141.60,36229.46,-40,3,1,"","url:crossworldagency.com"
en_pa_us,"the marketing agency",FUERA,COMERCIAL,EXCLUIR,90,LOW,5,19058.33,14427.20,49766.66,-2,9,1,"","url:crossworldagency.com"
en_pa_us,"surveys help",FUERA,GENERICA,EXCLUIR,90,LOW,15,67310.57,15112.63,63806.78,16,3,1,"","url:crossworldagency.com"
en_pa_us,"business learn",OTRO,GENERICA,REVISAR,90,MEDIUM,38,39742.65,16516.08,54193.86,-38,3,1,"","url:crossworldagency.com"
en_pa_us,"agency holding company",FUERA,COMERCIAL,EXCLUIR,90,LOW,6,0.00,10119.19,20921.48,-50,3,1,"","url:crossworldagency.com"
en_pa_us,"marketing company products",OTRO,COMERCIAL,EXCLUIR,90,LOW,33,115090.12,13784.65,134391.54,-65,3,1,"","url:crossworldagency.com"
en_pa_us,"international shipping agent",AGENCIA,COMERCIAL,SERVICIO,70,MEDIUM,34,28086.53,11138.83,27584.30,-19,3,1,"","agencia"
en_pa_us,"air freight agent",FUERA,COMERCIAL,EXCLUIR,70,LOW,8,0.00,0.00,0.00,-14,11,1,"","agencia"
en_pa_us,"cruise ship agents",AGENCIA,COMERCIAL,EXCLUIR,70,MEDIUM,46,28647.46,5321.21,15650.63,-47,1,1,"","agencia"
en_pa_us,"agency maritime",AGENCIA,COMERCIAL,SERVICIO,70,LOW,2,0.00,0.00,0.00,-29,9,2,"maritime agency","url:gac.com"
en_pa_us,"draft survey",SURVEY,GENERICA,SERVICIO,70,LOW,1,0.00,0.00,0.00,-18,3,1,"","survey url:panamashipservice.com url:24marine.com"
en_pa_us,"boat insurance claims",CLAIMS,GENERICA,SERVICIO,70,LOW,7,18214.66,18640.61,83352.24,-46,3,1,"","claims"
en_pa_us,"offshore supply boats for sale",STS_OFFSHORE,GENERICA,EXCLUIR,70,LOW,6,277.31,107.52,786.80,-17,3,1,"","offshore_sts"
en_pa_us,"seaboard marine panama",OTRO,COMERCIAL,REVISAR,70,LOW,16,6677.76,1665.15,3947.42,-46,10,1,"","consultoria"
en_pa_us,"colon 2000 cruise terminal",OTRO,COMERCIAL,EXCLUIR,70,LOW,6,0.00,0.00,0.00,49,1,1,"","info"
en_pa_us,"cost of transiting the panama canal",INFO_CANAL,INFORMACIONAL,BLOG_CORE,70,LOW,0,0.00,0.00,0.00,-50,12,1,"","info"
en_pa_us,"gatun locks colon panama",INFO_CANAL,INFORMACIONAL,BLOG_GENERAL,70,LOW,15,4860.22,285.82,5979.20,-61,2,1,"","info"
en_pa_us,"gatun locks panama canal",INFO_CANAL,INFORMACIONAL,BLOG_GENERAL,70,LOW,15,4860.22,285.82,5979.20,-61,2,1,"","info"
en_pa_us,"how much is it to cross the panama canal",INFO_CANAL,INFORMACIONAL,BLOG_GENERAL,70,LOW,1,0.00,0.00,0.00,-48,1,1,"","info"
en_pa_us,"how much is it to go through the panama canal",INFO_CANAL,INFORMACIONAL,BLOG_GENERAL,70,LOW,7,0.00,657.71,5910.86,-47,1,1,"","info"
en_pa_us,"how much to cross panama canal",INFO_CANAL,INFORMACIONAL,BLOG_GENERAL,70,LOW,1,0.00,0.00,0.00,-48,1,2,"how much to cross the panama canal","info"
en_pa_us,"how much to go through panama canal",INFO_CANAL,INFORMACIONAL,BLOG_GENERAL,70,LOW,7,0.00,657.71,5910.86,-47,1,1,"","info"
en_pa_us,"miraflores panama city",OTRO,COMERCIAL,REVISAR,70,LOW,19,4386.04,1028.33,3850.58,16,2,1,"","info"
en_pa_us,"wilhelmsen panama",CONQUEST,NAVEGACIONAL,CONQUEST,70,LOW,15,0.00,836.48,3383.51,-16,2,1,"","conquest"
en_pa_us,"shipping panama",OTRO,COMERCIAL,REVISAR,70,LOW,22,12733.71,3313.18,19127.98,-38,12,2,"shipping to panama","url:adimarships.com url:panamashipservice.com url:gac.com url:lethagencies.com"
en_pa_us,"best shipping agent",AGENCIA,COMERCIAL,SERVICIO,70,LOW,14,0.00,9322.93,34956.96,164,7,1,"","url:adimarships.com url:orcashipsagents.com"
en_pa_us,"ship s",OTRO,GENERICA,REVISAR,70,LOW,12,0.00,0.00,0.00,3,3,1,"","url:adimarships.com url:panamashipservice.com"
en_pa_us,"live panama canal",INFO_CANAL,INFORMACIONAL,BLOG_GENERAL,70,LOW,0,0.00,0.00,0.00,2,4,1,"","url:adimarships.com"
en_pa_us,"get ship",OTRO,GENERICA,REVISAR,70,LOW,17,63790.23,12398.40,69201.28,10,3,1,"","url:adimarships.com url:panamashipservice.com url:gac.com"
en_pa_us,"panama canal story",INFO_CANAL,INFORMACIONAL,BLOG_GENERAL,70,LOW,1,0.00,0.00,0.00,-37,1,1,"","url:adimarships.com"
en_pa_us,"get it ship",OTRO,GENERICA,REVISAR,70,LOW,1,0.00,0.00,0.00,13,1,1,"","url:adimarships.com url:panamashipservice.com url:gac.com"
en_pa_us,"ship transit",OTRO,GENERICA,REVISAR,70,LOW,12,36429.07,6545.02,42245.20,-67,10,1,"","url:adimarships.com url:panamashipservice.com url:gac.com url:lethagencies.com"
en_pa_us,"ship repair companies",OTRO,GENERICA,REVISAR,70,LOW,29,7743.85,6359.74,16382.01,-31,3,1,"","url:panamashipservice.com"
en_pa_us,"fleet management shipping",OTRO,GENERICA,REVISAR,70,LOW,11,0.00,16165.64,151781.47,-41,9,1,"","url:panamashipservice.com"
en_pa_us,"support ship",OTRO,GENERICA,REVISAR,70,LOW,0,0.00,0.00,0.00,-2,3,1,"","url:panamashipservice.com"
en_pa_us,"ship repair and maintenance",OTRO,GENERICA,REVISAR,70,LOW,11,13800.04,0.00,0.00,-27,9,1,"","url:panamashipservice.com"
en_pa_us,"inspection ship",SURVEY,GENERICA,SERVICIO,70,LOW,3,0.00,0.00,0.00,-33,9,2,"ship inspection","url:panamashipservice.com"
en_pa_us,"marine survey services",SURVEY,COMERCIAL,SERVICIO,70,LOW,0,0.00,0.00,0.00,16,7,1,"","url:panamashipservice.com url:24marine.com"
en_pa_us,"us vessel",OTRO,GENERICA,REVISAR,70,LOW,0,0.00,0.00,0.00,74,3,1,"","url:panamashipservice.com url:24marine.com"
en_pa_us,"nautical ships",OTRO,GENERICA,REVISAR,70,MEDIUM,40,337.97,0.00,0.00,-1,9,1,"","url:panamashipservice.com"
en_pa_us,"international shipping agency",AGENCIA,COMERCIAL,SERVICIO,70,MEDIUM,34,28111.20,11148.62,27608.53,-19,3,1,"","url:gac.com"
en_pa_us,"dubai shipping",OTRO,GENERICA,REVISAR,70,LOW,11,20792.08,4663.80,24217.47,-22,3,1,"","url:gac.com"
en_pa_us,"find ship location",OTRO,GENERICA,EXCLUIR,70,LOW,3,1122.36,0.00,0.00,135,10,1,"","url:gac.com"
en_pa_us,"global ship service",OTRO,COMERCIAL,REVISAR,70,MEDIUM,38,8546.11,5233.45,17748.17,76,12,1,"","url:gac.com"
en_pa_us,"international business park panama pacifico",OTRO,COMERCIAL,REVISAR,70,LOW,1,0.00,0.00,0.00,32,10,1,"","url:gac.com"
en_pa_us,"global ship solutions",OTRO,GENERICA,REVISAR,70,LOW,3,0.00,0.00,0.00,-3,3,1,"","url:gac.com"
en_pa_us,"panama south africa",OTRO,COMERCIAL,REVISAR,70,LOW,0,0.00,0.00,0.00,519,3,1,"","url:gac.com"
en_pa_us,"new panama",OTRO,COMERCIAL,REVISAR,70,LOW,0,0.00,0.00,0.00,7,3,1,"","url:gac.com url:orcashipsagents.com"
en_pa_us,"ship experience",OTRO,GENERICA,EXCLUIR,70,LOW,1,0.00,0.00,0.00,-2,3,1,"","url:gac.com"
en_pa_us,"shipping line companies",OTRO,GENERICA,REVISAR,70,LOW,14,69463.74,7363.59,29499.28,-50,3,1,"","url:lethagencies.com"
en_pa_us,"panama canal now",INFO_CANAL,INFORMACIONAL,BLOG_GENERAL,70,LOW,0,0.00,0.00,0.00,18,2,1,"","url:lethagencies.com"
en_pa_us,"panama canal company",INFO_CANAL,COMERCIAL,SERVICIO_PANAMA,70,LOW,0,0.00,0.00,0.00,-39,1,1,"","url:lethagencies.com url:orcashipsagents.com"
en_pa_us,"port suez",OTRO,GENERICA,EXCLUIR,70,LOW,0,0.00,0.00,0.00,-21,3,1,"","url:lethagencies.com"
en_pa_us,"panama canal work",INFO_CANAL,INFORMACIONAL,BLOG_GENERAL,70,LOW,0,0.00,0.00,0.00,-23,1,1,"","url:lethagencies.com"
en_pa_us,"inland shipping",OTRO,GENERICA,REVISAR,70,LOW,2,0.00,0.00,0.00,-25,9,1,"","url:lethagencies.com"
en_pa_us,"message ship",OTRO,GENERICA,REVISAR,70,LOW,5,17749.01,1348.31,19533.42,18,6,1,"","url:lethagencies.com"
en_pa_us,"sts operations",STS_OFFSHORE,GENERICA,SERVICIO,70,LOW,3,0.00,0.00,0.00,-17,3,1,"","url:lethagencies.com"
en_pa_us,"anchorage ship",OTRO,GENERICA,REVISAR,70,LOW,5,0.00,0.00,0.00,0,1,1,"","url:lethagencies.com"
en_pa_us,"supply vessel companies",OTRO,GENERICA,REVISAR,70,LOW,10,52457.49,7170.69,32362.60,-36,10,1,"","url:lethagencies.com"
en_pa_us,"crew change",AGENCIA,GENERICA,SERVICIO,70,LOW,0,0.00,0.00,0.00,-43,6,1,"","url:lethagencies.com"
en_pa_us,"shipping families",OTRO,GENERICA,REVISAR,70,LOW,4,0.00,0.00,0.00,41,4,1,"","url:lethagencies.com"
en_pa_us,"shipyard service",OTRO,COMERCIAL,REVISAR,70,LOW,0,0.00,0.00,0.00,59,6,1,"","url:lethagencies.com"
en_pa_us,"panama canal transit tour",INFO_CANAL,INFORMACIONAL,EXCLUIR,70,MEDIUM,56,8611.10,1842.16,8897.64,-65,5,1,"","url:orcashipsagents.com"
en_pa_us,"maritime agent",AGENCIA,COMERCIAL,SERVICIO,70,LOW,2,0.00,0.00,0.00,-29,9,1,"","url:orcashipsagents.com"
en_pa_us,"ship panama",OTRO,COMERCIAL,REVISAR,70,LOW,22,12733.71,3313.18,19127.98,-38,12,1,"","url:orcashipsagents.com"
en_pa_us,"amador cruise terminal",OTRO,GENERICA,EXCLUIR,70,LOW,1,0.00,0.00,0.00,6,3,1,"","url:orcashipsagents.com"
en_pa_us,"fuerte amador cruise terminal",OTRO,GENERICA,EXCLUIR,70,LOW,2,0.00,0.00,0.00,-15,11,1,"","url:orcashipsagents.com"
en_pa_us,"panama canal website",INFO_CANAL,INFORMACIONAL,BLOG_GENERAL,70,LOW,6,0.00,0.00,0.00,-41,1,1,"","url:orcashipsagents.com"
en_pa_us,"id shipping",OTRO,GENERICA,REVISAR,70,LOW,1,0.00,0.00,0.00,59,3,1,"","url:orcashipsagents.com"
en_pa_us,"inside a container ship",OTRO,GENERICA,EXCLUIR,70,LOW,0,0.00,0.00,0.00,-21,3,1,"","url:orcashipsagents.com"
en_pa_us,"transportation maritime",OTRO,INFORMACIONAL,REVISAR,70,LOW,16,26739.35,6347.86,20415.25,23,1,1,"","url:orcashipsagents.com"
en_pa_us,"dry cargo ship",OTRO,GENERICA,EXCLUIR,70,LOW,0,0.00,0.00,0.00,17,4,1,"","url:orcashipsagents.com"
en_pa_us,"container ship at sea",OTRO,GENERICA,EXCLUIR,70,LOW,0,0.00,0.00,0.00,252,2,1,"","url:orcashipsagents.com"
en_pa_us,"dry cargo vessel",OTRO,GENERICA,REVISAR,70,LOW,0,0.00,0.00,0.00,17,4,1,"","url:orcashipsagents.com"
en_pa_us,"us cargo ship",OTRO,GENERICA,EXCLUIR,70,LOW,12,0.00,7957.50,15156.02,-16,4,1,"","url:orcashipsagents.com"
en_pa_us,"smart marine",OTRO,GENERICA,REVISAR,70,LOW,13,0.00,0.00,0.00,-24,4,1,"","url:24marine.com"
en_pa_us,"underwater surveyor",FUERA,COMERCIAL,EXCLUIR,70,LOW,13,24725.70,10362.86,32895.19,-26,3,1,"","url:24marine.com"
en_pa_us,"cargo marine",OTRO,GENERICA,REVISAR,70,LOW,1,0.00,0.00,0.00,-4,4,1,"","url:24marine.com"
en_pa_us,"bulk freighters",OTRO,GENERICA,REVISAR,70,LOW,13,44.98,7124.24,38588.77,-32,3,1,"","url:24marine.com"
en_pa_us,"marine p&i insurance",OTRO,GENERICA,REVISAR,70,LOW,4,0.00,0.00,0.00,-5,9,1,"","url:24marine.com"
en_pa_us,"marine secure",OTRO,GENERICA,REVISAR,70,LOW,2,0.00,0.00,0.00,-24,11,1,"","url:24marine.com"
en_pa_us,"marine technology services",OTRO,COMERCIAL,REVISAR,70,LOW,5,46522.54,4759.25,25070.94,37,6,1,"","url:24marine.com"
en_pa_us,"maritime profession",OTRO,INFORMACIONAL,REVISAR,70,LOW,3,5929.91,0.00,0.00,-28,1,1,"","url:24marine.com"
en_pa_us,"vessel valuation",OTRO,GENERICA,REVISAR,70,LOW,1,0.00,0.00,0.00,-12,5,1,"","url:24marine.com"
en_pa_us,"marketing agency us",FUERA,COMERCIAL,EXCLUIR,70,MEDIUM,50,91671.31,11527.41,53275.32,-45,10,1,"","url:crossworldagency.com"
en_pa_us,"your surveys",FUERA,GENERICA,EXCLUIR,70,LOW,25,0.00,4084.58,18724.20,-38,11,1,"","url:crossworldagency.com"
en_pa_us,"it marketing agency",FUERA,COMERCIAL,EXCLUIR,70,LOW,6,0.00,0.00,0.00,-50,5,1,"","url:crossworldagency.com"
en_pa_us,"marketing for company",OTRO,COMERCIAL,EXCLUIR,70,MEDIUM,35,41959.07,25063.00,50752.58,-54,4,2,"marketing for a company","url:crossworldagency.com"
en_pa_us,"about us marketing agency",FUERA,COMERCIAL,EXCLUIR,70,MEDIUM,50,91671.31,11527.41,53275.32,-45,10,1,"","url:crossworldagency.com"
en_pa_us,"world of business",OTRO,GENERICA,REVISAR,70,LOW,5,28971.53,0.00,0.00,-35,2,1,"","url:crossworldagency.com"
en_pa_us,"tos crewing",OTRO,GENERICA,REVISAR,50,LOW,0,0.00,0.00,0.00,1,1,1,"","agencia"
en_pa_us,"vessel agency",AGENCIA,COMERCIAL,SERVICIO,50,LOW,2,0.00,0.00,0.00,-25,1,1,"","agencia url:gac.com url:lethagencies.com"
en_pa_us,"marine warranty survey",SURVEY,GENERICA,SERVICIO,50,LOW,10,8981.73,577.73,13742.14,10,9,1,"","survey_2"
en_pa_us,"oil and gas inspection companies",FUERA,GENERICA,EXCLUIR,50,MEDIUM,35,21707.11,7581.56,17915.45,-55,10,1,"","survey_2"
en_pa_us,"insurance loss control survey",SURVEY,GENERICA,SERVICIO,50,LOW,9,8278.15,6854.78,41414.76,92,7,1,"","survey_2"
en_pa_us,"saia freight claim",FUERA,GENERICA,EXCLUIR,50,LOW,0,0.00,0.00,0.00,-28,9,1,"","claims"
en_pa_us,"wallenius wilhelmsen logistics panama",CONQUEST,NAVEGACIONAL,CONQUEST,50,LOW,12,4244.30,1253.15,3814.03,-17,1,1,"","consultoria conquest"
en_pa_us,"wallenius wilhelmsen panama",CONQUEST,NAVEGACIONAL,CONQUEST,50,LOW,12,4244.30,1253.15,3814.03,-17,1,1,"","consultoria conquest"
en_pa_us,"panama canal boat schedule",INFO_CANAL,INFORMACIONAL,BLOG_CORE,50,LOW,18,2974.69,1214.02,3729.11,8,1,1,"","info"
en_pa_us,"panama canal schedule today",INFO_CANAL,INFORMACIONAL,BLOG_CORE,50,LOW,7,3284.79,1437.97,5685.53,-1,1,1,"","info url:orcashipsagents.com"
en_pa_us,"panama canal toll cost",INFO_CANAL,INFORMACIONAL,BLOG_CORE,50,LOW,0,0.00,0.00,0.00,-31,4,1,"","info"
en_pa_us,"panama city cruise terminal",OTRO,COMERCIAL,EXCLUIR,50,LOW,9,4742.50,0.00,0.00,-8,1,1,"","info url:orcashipsagents.com"
en_pa_us,"rodman panama port",OTRO,COMERCIAL,REVISAR,50,LOW,0,0.00,0.00,0.00,27,1,1,"","info"
en_pa_us,"boyd steamship",CONQUEST,NAVEGACIONAL,CONQUEST,50,LOW,0,0.00,0.00,0.00,-23,1,1,"","conquest"
en_pa_us,"shipping to panama from usa",OTRO,COMERCIAL,EXCLUIR,50,MEDIUM,42,24181.95,4154.19,15374.10,-12,11,1,"","conquest"
en_pa_us,"shipping to panama from us",OTRO,COMERCIAL,EXCLUIR,50,MEDIUM,42,24181.95,4154.19,15374.10,-12,11,1,"","conquest url:panamashipservice.com url:gac.com url:lethagencies.com url:orcashipsagents.com"
en_pa_us,"service ship",OTRO,COMERCIAL,REVISAR,50,LOW,16,44453.14,15456.90,52651.62,-6,9,2,"service ships","url:panamashipservice.com"
en_pa_us,"vessel agents",AGENCIA,COMERCIAL,SERVICIO,50,LOW,2,0.00,0.00,0.00,-25,1,1,"","url:adimarships.com url:orcashipsagents.com"
en_pa_us,"all about panama canal",INFO_CANAL,INFORMACIONAL,BLOG_GENERAL,50,MEDIUM,43,35644.54,0.00,0.00,127,1,1,"","url:adimarships.com url:panamashipservice.com url:gac.com url:lethagencies.com url:orcashipsagents.com"
en_pa_us,"panama canal dates",INFO_CANAL,INFORMACIONAL,BLOG_GENERAL,50,LOW,0,0.00,0.00,0.00,34,4,1,"","url:adimarships.com url:panamashipservice.com url:lethagencies.com url:orcashipsagents.com"
en_pa_us,"ship going through panama canal",INFO_CANAL,INFORMACIONAL,BLOG_GENERAL,50,LOW,6,8291.76,0.00,0.00,-25,2,1,"","url:adimarships.com url:panamashipservice.com url:gac.com url:lethagencies.com"
en_pa_us,"svc shipping",OTRO,GENERICA,REVISAR,50,LOW,16,44453.14,15456.90,52651.62,-6,9,1,"","url:adimarships.com url:panamashipservice.com url:gac.com url:lethagencies.com"
en_pa_us,"shipping t",OTRO,GENERICA,REVISAR,50,LOW,33,12725.55,4104.07,27314.40,16,11,1,"","url:adimarships.com url:panamashipservice.com"
en_pa_us,"panama canal logo",INFO_CANAL,INFORMACIONAL,BLOG_GENERAL,50,LOW,0,0.00,0.00,0.00,22,1,1,"","url:adimarships.com url:orcashipsagents.com"
en_pa_us,"panama canal update",INFO_CANAL,INFORMACIONAL,BLOG_GENERAL,50,LOW,0,0.00,0.00,0.00,-80,2,1,"","url:adimarships.com url:lethagencies.com url:orcashipsagents.com"
en_pa_us,"ship one",OTRO,GENERICA,REVISAR,50,LOW,6,0.00,13334.02,81525.11,0,7,1,"","url:panamashipservice.com url:gac.com"
en_pa_us,"marine shipping industry",OTRO,GENERICA,REVISAR,50,LOW,1,0.00,0.00,0.00,9,4,1,"","url:panamashipservice.com"
en_pa_us,"store ship",OTRO,GENERICA,REVISAR,50,LOW,4,13484.83,8511.61,26349.35,33,7,2,"stores ship","url:lethagencies.com"
en_pa_us,"ship management services",CONSULT,COMERCIAL,SERVICIO,50,LOW,0,0.00,0.00,0.00,83,7,1,"","url:panamashipservice.com"
en_pa_us,"cargo survey",SURVEY,GENERICA,SERVICIO,50,LOW,15,24700.64,9538.11,32895.19,-39,1,1,"","url:panamashipservice.com"
en_pa_us,"ship regulations",OTRO,INFORMACIONAL,REVISAR,50,LOW,2,0.00,0.00,0.00,-31,4,1,"","url:panamashipservice.com"
en_pa_us,"marine management",OTRO,GENERICA,REVISAR,50,LOW,11,0.00,6798.34,67108.41,-25,2,1,"","url:panamashipservice.com url:gac.com"
en_pa_us,"services shipping",OTRO,COMERCIAL,REVISAR,50,LOW,16,44453.14,15456.90,52651.62,-6,9,1,"","url:gac.com url:lethagencies.com"
en_pa_us,"ship spare",OTRO,GENERICA,REVISAR,50,LOW,1,0.00,0.00,0.00,-12,4,2,"ship spares","url:lethagencies.com"
en_pa_us,"shipping to middle east",OTRO,GENERICA,EXCLUIR,50,LOW,8,14757.60,8624.14,20339.77,8,3,1,"","url:gac.com"
en_pa_us,"ship europe",OTRO,GENERICA,REVISAR,50,LOW,25,8488.81,2219.12,27346.39,-46,1,1,"","url:gac.com"
en_pa_us,"expert ship",OTRO,GENERICA,REVISAR,50,LOW,9,0.00,19725.63,51097.70,-15,1,1,"","url:gac.com"
en_pa_us,"panama 1914",OTRO,COMERCIAL,REVISAR,50,LOW,10,0.00,0.00,0.00,27,4,1,"","url:lethagencies.com"
en_pa_us,"steamship companies",AGENCIA,GENERICA,SERVICIO,50,LOW,4,0.00,0.00,0.00,-22,4,1,"","url:lethagencies.com"
en_pa_us,"shipping company norway",CONSULT,COMERCIAL,SERVICIO,50,LOW,8,0.00,0.00,0.00,-93,3,1,"","url:lethagencies.com"
en_pa_us,"eta ship",OTRO,GENERICA,REVISAR,50,LOW,2,0.00,0.00,0.00,-46,4,1,"","url:lethagencies.com"
en_pa_us,"shipping investment",OTRO,GENERICA,REVISAR,50,LOW,22,58621.10,6265.75,34522.40,18,9,1,"","url:lethagencies.com"
en_pa_us,"panama canal waterway",INFO_CANAL,INFORMACIONAL,BLOG_GENERAL,50,LOW,0,0.00,0.00,0.00,-29,1,1,"","url:lethagencies.com"
en_pa_us,"atlantic ocean ship",OTRO,GENERICA,REVISAR,50,LOW,1,0.00,0.00,0.00,10,5,1,"","url:lethagencies.com"
en_pa_us,"panama canal full transit",INFO_CANAL,INFORMACIONAL,BLOG_GENERAL,50,MEDIUM,53,5328.55,1707.37,9345.70,-35,3,1,"","url:orcashipsagents.com"
en_pa_us,"cargo panama",OTRO,COMERCIAL,REVISAR,50,LOW,21,5483.58,1642.28,7393.59,-29,7,2,"panama cargo","url:24marine.com"
en_pa_us,"the importance of panama canal",INFO_CANAL,INFORMACIONAL,BLOG_GENERAL,50,LOW,0,0.00,0.00,0.00,-2,1,2,"the importance of the panama canal","url:orcashipsagents.com"
en_pa_us,"panama sea",OTRO,COMERCIAL,REVISAR,50,LOW,1,0.00,0.00,0.00,18,1,1,"","url:orcashipsagents.com"
en_pa_us,"ships prices",OTRO,INFORMACIONAL,REVISAR,50,LOW,6,719.10,463.74,7297.22,-56,10,1,"","url:orcashipsagents.com"
en_pa_us,"container ship brokers",CONSULT,COMERCIAL,EXCLUIR,50,MEDIUM,52,26692.14,10494.62,43105.54,-27,10,1,"","url:orcashipsagents.com"
en_pa_us,"multi purpose ships",OTRO,GENERICA,REVISAR,50,LOW,0,0.00,0.00,0.00,-26,10,1,"","url:orcashipsagents.com"
en_pa_us,"maritime websites",OTRO,INFORMACIONAL,REVISAR,50,LOW,8,1826.78,3822.11,20701.06,0,11,1,"","url:orcashipsagents.com"
en_pa_us,"cargo ships taking passengers",OTRO,GENERICA,REVISAR,50,LOW,2,7804.64,0.00,0.00,-14,4,1,"","url:orcashipsagents.com"
en_pa_us,"maritime survey",SURVEY,INFORMACIONAL,BLOG_CORE,50,LOW,5,0.00,0.00,0.00,15,3,1,"","url:24marine.com"
en_pa_us,"sailboat surveyor",SURVEY,COMERCIAL,SERVICIO,50,LOW,6,48992.49,10714.43,32895.19,22,7,1,"","url:24marine.com"
en_pa_us,"sams surveyor",FUERA,COMERCIAL,EXCLUIR,50,LOW,8,0.00,6673.02,32895.19,6,3,1,"","url:24marine.com"
en_pa_us,"cargo surveyor",SURVEY,COMERCIAL,SERVICIO,50,LOW,15,24700.64,9538.11,32895.19,-39,1,1,"","url:24marine.com"
en_pa_us,"marine surveyor courses",SURVEY,COMERCIAL,EXCLUIR,50,LOW,16,16345.95,458.36,23220.34,-28,2,1,"","url:24marine.com"
en_pa_us,"marine container",OTRO,GENERICA,REVISAR,50,MEDIUM,56,12121.80,4375.49,25180.35,-44,3,1,"","url:24marine.com"
en_pa_us,"maritime and marine",OTRO,INFORMACIONAL,REVISAR,50,LOW,1,0.00,0.00,0.00,358,1,1,"","url:24marine.com"
en_pa_us,"business marketing firm",OTRO,COMERCIAL,EXCLUIR,50,LOW,22,199940.76,0.00,0.00,-86,10,1,"","url:crossworldagency.com"
en_pa_us,"marine marketing agency",AGENCIA,COMERCIAL,EXCLUIR,50,LOW,19,69773.04,20482.76,46993.13,-8,9,1,"","url:crossworldagency.com"
en_pa_us,"into agency",FUERA,COMERCIAL,EXCLUIR,50,LOW,5,0.00,0.00,0.00,-87,2,1,"","url:crossworldagency.com"
en_pa_us,"manufacturing agency",FUERA,COMERCIAL,EXCLUIR,50,MEDIUM,51,10099.73,6516.38,27049.81,-49,2,1,"","url:crossworldagency.com"
en_pa_us,"contact us to learn more",OTRO,GENERICA,REVISAR,50,LOW,0,0.00,0.00,0.00,97,3,1,"","url:crossworldagency.com"
en_pa_us,"port agency services",AGENCIA,COMERCIAL,SERVICIO,40,LOW,9,0.00,0.00,0.00,31,9,1,"","agencia url:gac.com url:orcashipsagents.com"
en_pa_us,"auto transport trucking companies",OTRO,GENERICA,REVISAR,40,HIGH,83,36625.40,12667.45,40554.73,-24,1,1,"","agencia"
en_pa_us,"turkish shipping companies",OTRO,GENERICA,REVISAR,40,LOW,24,26418.56,14043.94,38641.49,-38,3,1,"","agencia"
en_pa_us,"sunrise shipping company",CONSULT,COMERCIAL,SERVICIO,40,LOW,2,0.00,0.00,0.00,44,6,1,"","agencia"
en_pa_us,"al barrak shipping agencies",AGENCIA,GENERICA,SERVICIO,40,LOW,0,0.00,0.00,0.00,-28,1,1,"","agencia"
en_pa_us,"riley sherman shipping agency",AGENCIA,COMERCIAL,SERVICIO,40,LOW,2,0.00,0.00,0.00,4,1,1,"","agencia"
en_pa_us,"pre purchase boat survey",SURVEY,GENERICA,SERVICIO,40,LOW,2,1699.04,0.00,0.00,202,7,1,"","survey"
en_pa_us,"oil and gas pipeline inspection companies",FUERA,GENERICA,EXCLUIR,40,MEDIUM,63,21049.61,9304.64,24436.43,-28,1,1,"","survey_2"
en_pa_us,"fedex cargo claims phone number",CLAIMS,GENERICA,EXCLUIR,40,LOW,0,0.00,0.00,0.00,-10,10,1,"","claims"
en_pa_us,"marine adjuster jobs",CLAIMS,GENERICA,EXCLUIR,40,LOW,2,794.63,0.00,0.00,-3,7,1,"","claims"
en_pa_us,"marine claim adjuster jobs",CLAIMS,GENERICA,EXCLUIR,40,LOW,2,794.63,0.00,0.00,-3,7,1,"","claims"
en_pa_us,"sts panama",STS_OFFSHORE,COMERCIAL,SERVICIO_PANAMA,40,LOW,0,0.00,0.00,0.00,-26,5,1,"","offshore_sts"
en_pa_us,"shipping car to panama",OTRO,COMERCIAL,REVISAR,40,MEDIUM,52,11231.67,3289.52,8639.78,-42,1,1,"","consultoria conquest"
en_pa_us,"marine consultancy services",CONSULT,COMERCIAL,SERVICIO,40,LOW,12,8424.99,0.00,0.00,83,9,1,"","consultoria"
en_pa_us,"panama canal transit time",INFO_CANAL,INFORMACIONAL,BLOG_CORE,40,LOW,0,0.00,0.00,0.00,-24,4,2,"transit time panama canal","info url:adimarships.com url:panamashipservice.com"
en_pa_us,"panama canal transit cost",INFO_CANAL,INFORMACIONAL,BLOG_CORE,40,LOW,0,0.00,0.00,0.00,-45,1,1,"","info url:adimarships.com"
en_pa_us,"panama canal transit schedule today",INFO_CANAL,INFORMACIONAL,BLOG_CORE,40,LOW,2,5147.83,0.00,0.00,-66,1,1,"","info url:orcashipsagents.com"
en_pa_us,"panama canal locks tour",INFO_CANAL,INFORMACIONAL,EXCLUIR,40,HIGH,82,8247.07,2144.88,7107.88,-26,9,1,"","info"
en_pa_us,"panama locks tour",INFO_CANAL,INFORMACIONAL,EXCLUIR,40,HIGH,82,8247.07,2144.88,7107.88,-26,9,1,"","info"
en_pa_us,"cruise port panama city panama",OTRO,COMERCIAL,EXCLUIR,40,LOW,9,0.00,0.00,0.00,-16,10,1,"","info url:orcashipsagents.com"
en_pa_us,"panama canal schedule for ships",INFO_CANAL,INFORMACIONAL,BLOG_CORE,40,LOW,1,0.00,0.00,0.00,8,3,1,"","info url:orcashipsagents.com"
en_pa_us,"panama canal vessel schedule",INFO_CANAL,INFORMACIONAL,BLOG_CORE,40,LOW,1,0.00,0.00,0.00,8,3,1,"","info url:adimarships.com url:orcashipsagents.com"
en_pa_us,"maritime panama",OTRO,INFORMACIONAL,REVISAR,40,LOW,1,0.00,0.00,0.00,-25,3,2,"panama maritime","url:orcashipsagents.com url:24marine.com"
en_pa_us,"crewing agency",AGENCIA,COMERCIAL,SERVICIO,40,LOW,7,0.00,0.00,0.00,-53,2,1,"","url:adimarships.com url:gac.com url:lethagencies.com"
en_pa_us,"trusted shipping",OTRO,GENERICA,REVISAR,40,LOW,0,0.00,0.00,0.00,-16,9,1,"","url:adimarships.com"
en_pa_us,"shipping ships shipping shipping ships",OTRO,GENERICA,REVISAR,40,LOW,0,0.00,0.00,0.00,-24,5,1,"","url:adimarships.com url:panamashipservice.com"
en_pa_us,"so ship",OTRO,GENERICA,REVISAR,40,LOW,2,0.00,0.00,0.00,-37,6,1,"","url:adimarships.com"
en_pa_us,"going through panama canal",INFO_CANAL,INFORMACIONAL,BLOG_GENERAL,40,LOW,11,0.00,0.00,0.00,-63,12,2,"going through the panama canal","url:adimarships.com url:lethagencies.com"
en_pa_us,"panama canal origin",INFO_CANAL,INFORMACIONAL,BLOG_GENERAL,40,LOW,0,0.00,0.00,0.00,-28,1,1,"","url:adimarships.com"
en_pa_us,"panama canal cost per ship",INFO_CANAL,INFORMACIONAL,BLOG_CORE,40,LOW,0,0.00,0.00,0.00,-73,1,1,"","url:panamashipservice.com"
en_pa_us,"ship condition",OTRO,GENERICA,REVISAR,40,LOW,0,0.00,0.00,0.00,-12,7,1,"","url:panamashipservice.com"
en_pa_us,"ship call",OTRO,GENERICA,REVISAR,40,LOW,0,0.00,0.00,0.00,-27,4,2,"ship calls","url:panamashipservice.com"
en_pa_us,"ship tank",OTRO,GENERICA,REVISAR,40,LOW,0,0.00,0.00,0.00,1,12,1,"","url:panamashipservice.com"
en_pa_us,"vessel maintenance",OTRO,GENERICA,REVISAR,40,LOW,8,0.00,0.00,0.00,-45,6,1,"","url:panamashipservice.com"
en_pa_us,"cost of vessel",OTRO,INFORMACIONAL,REVISAR,40,LOW,12,1862.12,566.72,1773.33,-26,10,1,"","url:panamashipservice.com"
en_pa_us,"all vessel",OTRO,GENERICA,REVISAR,40,LOW,2,424.19,0.00,0.00,4,9,1,"","url:panamashipservice.com url:gac.com url:24marine.com"
en_pa_us,"world wide shipping services",OTRO,COMERCIAL,EXCLUIR,40,MEDIUM,37,14497.81,7032.22,26564.60,-62,1,1,"","url:gac.com"
en_pa_us,"ship around the world",OTRO,GENERICA,REVISAR,40,LOW,13,6163.76,3628.24,15664.38,-10,3,1,"","url:gac.com"
en_pa_us,"the united states ship",OTRO,GENERICA,REVISAR,40,LOW,0,0.00,0.00,0.00,-75,2,1,"","url:gac.com"
en_pa_us,"shipping supply chain",OTRO,GENERICA,REVISAR,40,LOW,22,78042.66,13576.27,36294.02,-60,4,1,"","url:gac.com"
en_pa_us,"panama now",OTRO,COMERCIAL,REVISAR,40,LOW,0,0.00,0.00,0.00,23,1,1,"","url:lethagencies.com"
en_pa_us,"panama canal operations",INFO_CANAL,INFORMACIONAL,BLOG_GENERAL,40,LOW,3,0.00,0.00,0.00,-64,1,1,"","url:lethagencies.com url:orcashipsagents.com"
en_pa_us,"suez canal toll calculator",INFO_CANAL,INFORMACIONAL,EXCLUIR,40,LOW,0,0.00,0.00,0.00,303,3,1,"","url:lethagencies.com"
en_pa_us,"shipping company denmark",CONSULT,COMERCIAL,SERVICIO,40,LOW,5,0.00,0.00,0.00,-23,1,1,"","url:lethagencies.com"
en_pa_us,"shipping anchorage",OTRO,GENERICA,REVISAR,40,MEDIUM,50,58309.40,8388.13,41464.14,-39,1,1,"","url:lethagencies.com"
en_pa_us,"port have",OTRO,GENERICA,REVISAR,40,LOW,0,0.00,0.00,0.00,-64,5,1,"","url:lethagencies.com"
en_pa_us,"panama line",OTRO,COMERCIAL,REVISAR,40,LOW,1,0.00,0.00,0.00,-4,5,1,"","url:lethagencies.com"
en_pa_us,"panama canal pilot",INFO_CANAL,INFORMACIONAL,BLOG_GENERAL,40,LOW,0,0.00,0.00,0.00,-13,1,1,"","url:orcashipsagents.com"
en_pa_us,"cargo freight ship",OTRO,GENERICA,REVISAR,40,LOW,19,0.00,16760.88,31104.29,-35,9,1,"","url:orcashipsagents.com"
en_pa_us,"vessel sea",OTRO,GENERICA,REVISAR,40,LOW,0,0.00,0.00,0.00,8,3,2,"vessel in sea","url:orcashipsagents.com"
en_pa_us,"a container ship",OTRO,GENERICA,EXCLUIR,40,LOW,2,0.00,0.00,0.00,0,4,1,"","url:orcashipsagents.com"
en_pa_us,"container vessel ship",OTRO,GENERICA,REVISAR,40,LOW,2,0.00,0.00,0.00,0,4,1,"","url:orcashipsagents.com"
en_pa_us,"trading vessel",OTRO,GENERICA,REVISAR,40,LOW,0,0.00,0.00,0.00,51,1,1,"","url:orcashipsagents.com"
en_pa_us,"marine survey company",SURVEY,COMERCIAL,SERVICIO,40,LOW,7,22100.30,3760.29,11309.68,10,7,1,"","url:24marine.com"
en_pa_us,"professional marine surveyors",SURVEY,COMERCIAL,SERVICIO,40,LOW,22,21195.97,6673.02,39881.50,-12,1,1,"","url:24marine.com"
en_pa_us,"damage surveyor",FUERA,COMERCIAL,EXCLUIR,40,LOW,2,0.00,0.00,0.00,-25,3,1,"","url:24marine.com"
en_pa_us,"maritime marine services",OTRO,COMERCIAL,REVISAR,40,LOW,3,0.00,0.00,0.00,282,6,1,"","url:24marine.com"
en_pa_us,"maritime report",OTRO,INFORMACIONAL,REVISAR,40,LOW,1,12274.49,0.00,0.00,-16,9,1,"","url:24marine.com"
en_pa_us,"us marketing company",OTRO,COMERCIAL,EXCLUIR,40,MEDIUM,39,46794.94,10933.73,42163.29,-59,4,1,"","url:crossworldagency.com"
en_pa_us,"marketing world",OTRO,GENERICA,EXCLUIR,40,LOW,9,25365.67,5210.91,40588.16,-22,10,1,"","url:crossworldagency.com"
en_pa_us,"for contact us",OTRO,GENERICA,REVISAR,40,LOW,0,0.00,0.00,0.00,121,4,1,"","url:crossworldagency.com"
en_pa_us,"panama canal agent",AGENCIA,COMERCIAL,SERVICIO_PANAMA,30,LOW,0,0.00,0.00,0.00,79,10,2,"panama canal agents","agencia"
en_pa_us,"best chinese shipping agent",AGENCIA,COMERCIAL,SERVICIO,30,MEDIUM,35,38573.51,7539.52,29585.26,58,6,1,"","agencia"
en_pa_us,"international shipping agents near me",AGENCIA,COMERCIAL,SERVICIO,30,MEDIUM,57,22253.78,13048.54,29184.98,-41,4,1,"","agencia"
en_pa_us,"elite shipping company",CONSULT,COMERCIAL,SERVICIO,30,LOW,27,0.00,5555.72,31720.42,-16,2,1,"","agencia"
en_pa_us,"job port agency",AGENCIA,COMERCIAL,EXCLUIR,30,LOW,9,0.00,0.00,0.00,-13,3,1,"","agencia"
en_pa_us,"liner agencies",FUERA,GENERICA,EXCLUIR,30,LOW,6,0.00,0.00,0.00,-3,1,1,"","agencia"
en_pa_us,"star shipping agencies",AGENCIA,GENERICA,SERVICIO,30,LOW,3,0.00,0.00,0.00,-13,11,1,"","agencia"
en_pa_us,"bunker survey",BUNKER,GENERICA,SERVICIO,30,LOW,3,13122.24,0.00,0.00,-23,3,2,"bunker surveys","bunker"
en_pa_us,"bunker delivery note",BUNKER,GENERICA,SERVICIO,30,LOW,0,0.00,0.00,0.00,-3,4,1,"","bunker"
en_pa_us,"audit ism",SURVEY,GENERICA,SERVICIO,30,LOW,1,0.00,0.00,0.00,-24,10,2,"ism audit","survey"
en_pa_us,"independent marine surveyor",SURVEY,COMERCIAL,SERVICIO,30,LOW,29,22542.85,12156.47,32895.19,59,1,1,"","survey_2 url:24marine.com"
en_pa_us,"marine claims adjuster",CLAIMS,GENERICA,SERVICIO,30,LOW,12,28852.90,0.00,0.00,-54,5,1,"","claims"
en_pa_us,"geico marine claims",CLAIMS,GENERICA,SERVICIO,30,LOW,4,0.00,0.00,0.00,-16,10,1,"","claims"
en_pa_us,"marine adjuster",CLAIMS,GENERICA,SERVICIO,30,LOW,12,28852.90,0.00,0.00,-54,5,1,"","claims"
en_pa_us,"carco claims",FUERA,GENERICA,EXCLUIR,30,LOW,2,0.00,0.00,0.00,-25,3,1,"","claims"
en_pa_us,"concealed damage freight claims",FUERA,GENERICA,EXCLUIR,30,LOW,6,0.00,0.00,0.00,1,2,1,"","claims"
en_pa_us,"delta cargo claims",CLAIMS,GENERICA,SERVICIO,30,LOW,0,0.00,0.00,0.00,-6,3,1,"","claims"
en_pa_us,"southwest marine and general insurance company claims",CLAIMS,COMERCIAL,SERVICIO,30,LOW,3,0.00,0.00,0.00,138,7,1,"","claims"
en_pa_us,"offshore support",STS_OFFSHORE,GENERICA,SERVICIO,30,LOW,3,0.00,0.00,0.00,-11,9,1,"","offshore_sts"
en_pa_us,"international shipping consultant",CONSULT,COMERCIAL,SERVICIO,30,HIGH,91,0.00,37986.77,130340.88,-30,9,1,"","consultoria"
en_pa_us,"marine survey consulting",SURVEY,GENERICA,SERVICIO,30,LOW,3,0.00,0.00,0.00,1,1,1,"","consultoria"
en_pa_us,"msc yashi b",OTRO,GENERICA,REVISAR,30,LOW,0,0.00,0.00,0.00,-50,5,1,"","consultoria"
en_pa_us,"panama city panama cruise port",OTRO,COMERCIAL,EXCLUIR,30,LOW,9,0.00,0.00,0.00,-53,1,1,"","info url:orcashipsagents.com"
en_pa_us,"panama canal partial transit new locks",INFO_CANAL,INFORMACIONAL,BLOG_GENERAL,30,MEDIUM,35,27995.72,3496.57,14852.02,-43,1,1,"","info"
en_pa_us,"cristobal panama canal",INFO_CANAL,INFORMACIONAL,BLOG_CORE,30,LOW,1,0.00,0.00,0.00,28,1,2,"panama canal cristobal","info"
en_pa_us,"cruise terminal panama city",OTRO,COMERCIAL,EXCLUIR,30,LOW,9,0.00,0.00,0.00,44,12,1,"","info url:orcashipsagents.com"
en_pa_us,"names of panama canal locks",INFO_CANAL,INFORMACIONAL,BLOG_GENERAL,30,LOW,0,0.00,0.00,0.00,-23,4,1,"","info"
en_pa_us,"number of locks in panama canal",INFO_CANAL,INFORMACIONAL,BLOG_GENERAL,30,LOW,0,0.00,0.00,0.00,-39,1,1,"","info"
en_pa_us,"panama canal miraflores locks schedule",INFO_CANAL,INFORMACIONAL,BLOG_CORE,30,LOW,27,6743.53,884.05,3386.82,-42,1,1,"","info"
en_pa_us,"panama canal miraflores locks visitor center",INFO_CANAL,INFORMACIONAL,EXCLUIR,30,LOW,13,0.00,907.18,3490.88,189,10,1,"","info"
en_pa_us,"panama canal old locks",INFO_CANAL,INFORMACIONAL,BLOG_GENERAL,30,LOW,6,16193.86,0.00,0.00,-8,4,1,"","info"
en_pa_us,"panama canal toll calculator",INFO_CANAL,INFORMACIONAL,BLOG_CORE,30,LOW,0,0.00,0.00,0.00,95,4,1,"","info url:lethagencies.com"
en_pa_us,"rodman port panama",OTRO,COMERCIAL,REVISAR,30,LOW,1,0.00,0.00,0.00,-6,10,1,"","info"
en_pa_us,"panama canal delays",INFO_CANAL,INFORMACIONAL,BLOG_CORE,30,LOW,0,0.00,0.00,0.00,-46,4,1,"","info_2 url:adimarships.com url:lethagencies.com url:orcashipsagents.com"
en_pa_us,"how many ships cross the panama canal daily",INFO_CANAL,INFORMACIONAL,BLOG_GENERAL,30,LOW,0,0.00,0.00,0.00,-37,1,1,"","info_2"
en_pa_us,"orca ships agents",CONQUEST,NAVEGACIONAL,CONQUEST,30,LOW,0,0.00,0.00,0.00,,1,1,"","conquest"
en_pa_us,"panama canal why",INFO_CANAL,INFORMACIONAL,BLOG_GENERAL,30,LOW,0,0.00,0.00,0.00,54,1,1,"","url:adimarships.com url:panamashipservice.com url:lethagencies.com url:orcashipsagents.com"
en_pa_us,"panama canal waiting time",INFO_CANAL,INFORMACIONAL,BLOG_GENERAL,30,LOW,0,0.00,0.00,0.00,-24,1,1,"","url:adimarships.com url:panamashipservice.com"
en_pa_us,"our ships",OTRO,GENERICA,REVISAR,30,LOW,6,913.98,0.00,0.00,20,3,1,"","url:adimarships.com"
en_pa_us,"panama transit",OTRO,COMERCIAL,REVISAR,30,LOW,4,0.00,0.00,0.00,-6,1,1,"","url:adimarships.com url:panamashipservice.com url:gac.com url:lethagencies.com url:orcashipsagents.com"
en_pa_us,"husbandry service",AGENCIA,COMERCIAL,SERVICIO,30,LOW,0,0.00,0.00,0.00,-52,9,2,"husbandry services","url:adimarships.com url:orcashipsagents.com"
en_pa_us,"ship all",OTRO,GENERICA,REVISAR,30,LOW,25,5217.79,4143.47,17005.26,6,1,1,"","url:adimarships.com url:gac.com url:lethagencies.com"
en_pa_us,"the panama canal today",INFO_CANAL,INFORMACIONAL,BLOG_GENERAL,30,LOW,0,0.00,0.00,0.00,20,1,1,"","url:adimarships.com"
en_pa_us,"ship passing through panama canal",INFO_CANAL,INFORMACIONAL,BLOG_GENERAL,30,LOW,0,0.00,0.00,0.00,42,1,1,"","url:adimarships.com url:panamashipservice.com"
en_pa_us,"the new panama canal",INFO_CANAL,INFORMACIONAL,BLOG_GENERAL,30,LOW,1,0.00,0.00,0.00,-77,12,1,"","url:adimarships.com url:orcashipsagents.com"
en_pa_us,"get and ship",OTRO,GENERICA,REVISAR,30,LOW,6,0.00,0.00,0.00,189,7,1,"","url:adimarships.com url:panamashipservice.com url:gac.com"
en_pa_us,"shipping agency business",AGENCIA,COMERCIAL,SERVICIO,30,LOW,0,0.00,0.00,0.00,23,2,1,"","url:adimarships.com"
en_pa_us,"pre purchase survey",SURVEY,GENERICA,SERVICIO,30,LOW,2,0.00,0.00,0.00,-6,9,1,"","url:panamashipservice.com"
en_pa_us,"shipping service company",OTRO,COMERCIAL,REVISAR,30,LOW,21,0.00,0.00,0.00,-53,3,3,"shipping company services | shipping service companies","url:lethagencies.com"
en_pa_us,"fleet management shipping company",CONSULT,COMERCIAL,SERVICIO,30,LOW,9,0.00,8270.79,53826.60,1,9,1,"","url:panamashipservice.com"
en_pa_us,"marine panama",OTRO,COMERCIAL,REVISAR,30,LOW,2,0.00,0.00,0.00,-28,4,1,"","url:panamashipservice.com url:orcashipsagents.com url:24marine.com"
en_pa_us,"shipping cost increase",OTRO,INFORMACIONAL,REVISAR,30,LOW,0,0.00,0.00,0.00,7,4,1,"","url:panamashipservice.com"
en_pa_us,"vessel fleet",OTRO,GENERICA,REVISAR,30,LOW,0,0.00,0.00,0.00,-13,3,1,"","url:panamashipservice.com"
en_pa_us,"us supply ship",OTRO,GENERICA,REVISAR,30,LOW,0,0.00,0.00,0.00,137,3,1,"","url:panamashipservice.com"
en_pa_us,"ship top",OTRO,GENERICA,REVISAR,30,LOW,32,8664.26,0.00,0.00,42,1,1,"","url:panamashipservice.com"
en_pa_us,"ships provisions",OTRO,GENERICA,REVISAR,30,LOW,0,0.00,0.00,0.00,7,12,1,"","url:panamashipservice.com url:orcashipsagents.com"
en_pa_us,"gac agent",CONQUEST,NAVEGACIONAL,CONQUEST,30,LOW,0,0.00,0.00,0.00,-6,2,1,"","url:gac.com"
en_pa_us,"shipping needs",OTRO,GENERICA,REVISAR,30,LOW,8,10768.76,6066.60,22915.09,-8,4,1,"","url:gac.com"
en_pa_us,"shipping team",OTRO,GENERICA,REVISAR,30,LOW,2,0.00,0.00,0.00,0,1,1,"","url:gac.com url:lethagencies.com"
en_pa_us,"ship to company",OTRO,COMERCIAL,REVISAR,30,LOW,33,31396.87,9139.32,38711.55,-16,1,1,"","url:gac.com url:lethagencies.com"
en_pa_us,"ship current location",OTRO,GENERICA,REVISAR,30,LOW,1,0.00,0.00,0.00,-31,10,1,"","url:gac.com"
en_pa_us,"world shipping companies",OTRO,GENERICA,REVISAR,30,LOW,24,28330.23,3623.45,16604.24,-24,3,1,"","url:gac.com"
en_pa_us,"saudi arabia shipping company",CONSULT,COMERCIAL,SERVICIO,30,LOW,4,24450.33,7091.20,27274.80,-43,11,1,"","url:gac.com"
en_pa_us,"integrated shipping solutions",OTRO,INFORMACIONAL,REVISAR,30,LOW,11,0.00,0.00,0.00,21,3,1,"","url:gac.com"
en_pa_us,"international shipping agency near me",AGENCIA,COMERCIAL,SERVICIO,30,MEDIUM,57,22273.33,13060.01,29210.62,-41,4,1,"","url:gac.com"
en_pa_us,"its shipping company",CONSULT,COMERCIAL,SERVICIO,30,LOW,29,12425.13,0.00,0.00,66,9,1,"","url:gac.com"
en_pa_us,"global ship supply",OTRO,GENERICA,REVISAR,30,LOW,1,0.00,0.00,0.00,-22,6,1,"","url:gac.com"
en_pa_us,"international marine services",OTRO,COMERCIAL,REVISAR,30,LOW,8,67743.72,0.00,0.00,-21,4,1,"","url:gac.com"
en_pa_us,"marine llc",OTRO,GENERICA,REVISAR,30,LOW,11,0.00,0.00,0.00,-30,7,1,"","url:gac.com"
en_pa_us,"panama hong kong",OTRO,COMERCIAL,REVISAR,30,LOW,31,25433.80,589.40,13138.33,-11,2,1,"","url:gac.com"
en_pa_us,"shipping lines international",OTRO,GENERICA,REVISAR,30,LOW,25,34329.69,11903.71,34035.60,-63,1,1,"","url:gac.com"
en_pa_us,"vessel arrival",OTRO,GENERICA,REVISAR,30,LOW,0,0.00,0.00,0.00,-21,4,1,"","url:gac.com url:orcashipsagents.com"
en_pa_us,"full style",OTRO,GENERICA,REVISAR,30,LOW,0,0.00,0.00,0.00,-8,7,1,"","url:lethagencies.com"
en_pa_us,"port transit",OTRO,GENERICA,REVISAR,30,LOW,0,0.00,0.00,0.00,-5,4,2,"transit port","url:lethagencies.com"
en_pa_us,"brief history of panama canal",INFO_CANAL,INFORMACIONAL,EXCLUIR,30,LOW,4,0.00,0.00,0.00,-56,1,1,"","url:lethagencies.com"
en_pa_us,"atlantic shipping agency",AGENCIA,COMERCIAL,SERVICIO,30,LOW,0,0.00,0.00,0.00,-45,2,1,"","url:orcashipsagents.com"
en_pa_us,"ship chandler services",CONSULT,COMERCIAL,SERVICIO,30,LOW,2,0.00,0.00,0.00,1,3,1,"","url:orcashipsagents.com"
en_pa_us,"el causeway panama",OTRO,COMERCIAL,REVISAR,30,LOW,21,2838.32,860.29,3851.53,28,1,1,"","url:orcashipsagents.com"
en_pa_us,"maritime broker",CONSULT,COMERCIAL,SERVICIO,30,LOW,3,17857.64,0.00,0.00,-25,1,1,"","url:orcashipsagents.com"
en_pa_us,"ship and cargo",OTRO,GENERICA,REVISAR,30,LOW,20,0.00,6954.98,21003.13,-26,3,1,"","url:orcashipsagents.com"
en_pa_us,"frater ship",OTRO,INFORMACIONAL,REVISAR,30,LOW,0,0.00,0.00,0.00,7,5,1,"","url:orcashipsagents.com"
en_pa_us,"commercial cargo ship",OTRO,GENERICA,EXCLUIR,30,LOW,4,10768.57,7236.94,32300.10,50,7,1,"","url:orcashipsagents.com"
en_pa_us,"cargo ship carrying cargo ships",OTRO,GENERICA,EXCLUIR,30,LOW,0,0.00,0.00,0.00,-22,1,1,"","url:orcashipsagents.com"
en_pa_us,"container ship vessel",OTRO,GENERICA,EXCLUIR,30,LOW,0,0.00,0.00,0.00,-38,2,1,"","url:orcashipsagents.com"
en_pa_us,"shipping container vessel",OTRO,GENERICA,REVISAR,30,LOW,0,0.00,0.00,0.00,3,3,1,"","url:orcashipsagents.com"
en_pa_us,"maritime cargo",OTRO,INFORMACIONAL,REVISAR,30,LOW,5,0.00,0.00,0.00,-51,12,1,"","url:orcashipsagents.com url:24marine.com"
en_pa_us,"24 marine",OTRO,GENERICA,REVISAR,30,LOW,5,18018.63,0.00,0.00,21,7,1,"","url:24marine.com"
en_pa_us,"vessel survey",SURVEY,GENERICA,SERVICIO,30,LOW,9,63721.26,0.00,0.00,-44,11,1,"","url:24marine.com"
en_pa_us,"marine inspection company",SURVEY,COMERCIAL,SERVICIO,30,MEDIUM,41,12001.76,0.00,0.00,-2,3,1,"","url:24marine.com"
en_pa_us,"global marine services",OTRO,COMERCIAL,REVISAR,30,LOW,1,0.00,0.00,0.00,-28,6,1,"","url:24marine.com"
en_pa_us,"marine cargo surveyor",SURVEY,COMERCIAL,SERVICIO,30,LOW,13,9177.41,0.00,0.00,-43,3,1,"","url:24marine.com"
en_pa_us,"marine survey report",SURVEY,GENERICA,SERVICIO,30,LOW,15,29230.43,7567.56,16290.95,-13,9,1,"","url:24marine.com"
en_pa_us,"marine expert",OTRO,GENERICA,REVISAR,30,LOW,13,21364.15,13159.19,38327.10,-8,2,1,"","url:24marine.com"
en_pa_us,"global marine survey",SURVEY,GENERICA,SERVICIO,30,LOW,8,28089.15,0.00,0.00,-16,6,1,"","url:24marine.com"
en_pa_us,"maritime compliance",OTRO,INFORMACIONAL,REVISAR,30,LOW,10,9369.30,0.00,0.00,-13,9,1,"","url:24marine.com"
en_pa_us,"bulk type",OTRO,GENERICA,REVISAR,30,LOW,1,0.00,0.00,0.00,-18,5,1,"","url:24marine.com"
en_pa_us,"in water survey",FUERA,INFORMACIONAL,EXCLUIR,30,LOW,0,0.00,0.00,0.00,88,7,1,"","url:24marine.com"
en_pa_us,"agency sos",FUERA,COMERCIAL,EXCLUIR,30,LOW,0,0.00,0.00,0.00,11,2,1,"","url:crossworldagency.com"
en_pa_us,"cwa agency",FUERA,COMERCIAL,EXCLUIR,30,LOW,3,0.00,0.00,0.00,15,3,1,"","url:crossworldagency.com"
en_pa_us,"od home",OTRO,GENERICA,REVISAR,30,LOW,5,0.00,0.00,0.00,43,2,1,"","url:crossworldagency.com"
en_pa_us,"agency advisor",FUERA,COMERCIAL,EXCLUIR,30,LOW,1,0.00,0.00,0.00,15,5,1,"","url:crossworldagency.com"
en_pa_us,"2 agency",FUERA,COMERCIAL,EXCLUIR,30,LOW,2,0.00,0.00,0.00,11,1,1,"","url:crossworldagency.com"
en_pa_us,"husbandry agent",AGENCIA,COMERCIAL,SERVICIO,20,LOW,0,0.00,0.00,0.00,7,2,1,"","agencia url:orcashipsagents.com"
en_pa_us,"ship agency services",AGENCIA,COMERCIAL,SERVICIO,20,LOW,14,0.00,0.00,0.00,-29,3,1,"","agencia url:gac.com url:lethagencies.com url:orcashipsagents.com"
en_pa_us,"meridian shipping company",CONSULT,COMERCIAL,SERVICIO,20,LOW,12,0.00,0.00,0.00,-13,2,1,"","agencia"
en_pa_us,"dhl shipping agent",AGENCIA,COMERCIAL,EXCLUIR,20,MEDIUM,37,33812.53,9165.28,39138.16,1,4,1,"","agencia"
en_pa_us,"global shipping agency",AGENCIA,COMERCIAL,SERVICIO,20,LOW,23,23263.81,6814.75,25313.22,-73,10,1,"","agencia url:gac.com"
en_pa_us,"maritime crewing agency",AGENCIA,COMERCIAL,SERVICIO,20,LOW,4,10936.83,0.00,0.00,44,4,1,"","agencia url:gac.com"
en_pa_us,"all ocean maritime agency",AGENCIA,COMERCIAL,SERVICIO,20,LOW,1,0.00,0.00,0.00,-13,1,1,"","agencia"
en_pa_us,"all ocean maritime agency inc",AGENCIA,COMERCIAL,SERVICIO,20,LOW,1,0.00,0.00,0.00,-13,1,1,"","agencia"
en_pa_us,"bluewater shipping agency",AGENCIA,COMERCIAL,SERVICIO,20,LOW,1,0.00,0.00,0.00,3,6,1,"","agencia"
en_pa_us,"gac ship agency",CONQUEST,NAVEGACIONAL,CONQUEST,20,LOW,11,0.00,0.00,0.00,-8,3,1,"","agencia"
en_pa_us,"international forwarding agency",FUERA,COMERCIAL,EXCLUIR,20,LOW,2,0.00,0.00,0.00,31,2,1,"","agencia"
en_pa_us,"magsaysay shipping",OTRO,GENERICA,REVISAR,20,LOW,0,0.00,0.00,0.00,-13,10,1,"","agencia"
en_pa_us,"south african shipping agents",AGENCIA,COMERCIAL,SERVICIO,20,LOW,1,0.00,0.00,0.00,83,7,1,"","agencia"
en_pa_us,"vessel boarding agent",AGENCIA,COMERCIAL,SERVICIO,20,LOW,3,0.00,0.00,0.00,-4,9,1,"","agencia"
en_pa_us,"panama canal transit agent",AGENCIA,COMERCIAL,SERVICIO_PANAMA,20,LOW,0,0.00,0.00,0.00,83,3,1,"","agencia"
en_pa_us,"bunker quantity survey",BUNKER,GENERICA,SERVICIO,20,LOW,0,0.00,0.00,0.00,8,1,1,"","bunker"
en_pa_us,"bunker hill marine surveyor",BUNKER,COMERCIAL,SERVICIO,20,LOW,18,16222.52,0.00,0.00,0,6,1,"","bunker"
en_pa_us,"petroleum inspection companies",SURVEY,GENERICA,SERVICIO,20,LOW,33,9567.67,0.00,0.00,-27,3,1,"","survey_2"
en_pa_us,"sgs petroleum inspector",SURVEY,COMERCIAL,SERVICIO,20,LOW,1,1358.95,0.00,0.00,16,2,1,"","survey_2"
en_pa_us,"marine claim",CLAIMS,GENERICA,SERVICIO,20,LOW,3,0.00,0.00,0.00,-17,2,2,"marine claims","url:24marine.com"
en_pa_us,"marine insurance adjuster",CLAIMS,GENERICA,SERVICIO,20,LOW,12,605805.25,0.00,0.00,-50,4,1,"","claims"
en_pa_us,"cargo insurance claims",CLAIMS,GENERICA,SERVICIO,20,LOW,5,0.00,0.00,0.00,-32,9,1,"","claims"
en_pa_us,"carmack amendment freight claims",FUERA,GENERICA,EXCLUIR,20,LOW,0,0.00,0.00,0.00,-45,10,1,"","claims"
en_pa_us,"empire fire and marine insurance company claims",CLAIMS,COMERCIAL,SERVICIO,20,LOW,10,13355.14,0.00,0.00,-26,9,1,"","claims"
en_pa_us,"inland marine claims",CLAIMS,GENERICA,SERVICIO,20,LOW,0,0.00,0.00,0.00,-12,4,1,"","claims"
en_pa_us,"marine insurance claims association",CLAIMS,GENERICA,SERVICIO,20,LOW,0,0.00,0.00,0.00,-5,9,2,"marine and insurance claims association","claims"
en_pa_us,"marine insurance adjuster jobs",CLAIMS,GENERICA,EXCLUIR,20,LOW,4,0.00,0.00,0.00,-29,5,1,"","claims"
en_pa_us,"tokio marine claim",CLAIMS,GENERICA,SERVICIO,20,LOW,2,0.00,0.00,0.00,-14,9,1,"","claims"
en_pa_us,"united airlines cargo claims",CLAIMS,GENERICA,SERVICIO,20,LOW,0,0.00,0.00,0.00,-21,7,1,"","claims"
en_pa_us,"united cargo claims",CLAIMS,GENERICA,SERVICIO,20,LOW,0,0.00,0.00,0.00,-21,7,1,"","claims"
en_pa_us,"oil terminal operations management",STS_OFFSHORE,GENERICA,SERVICIO,20,LOW,3,0.00,0.00,0.00,19,6,1,"","offshore_sts"
en_pa_us,"ship to ship oil transfer",STS_OFFSHORE,GENERICA,SERVICIO,20,LOW,0,0.00,0.00,0.00,75,4,1,"","offshore_sts"
en_pa_us,"freight consultants international",FUERA,COMERCIAL,EXCLUIR,20,LOW,3,0.00,0.00,0.00,2,4,2,"international freight consultants","consultoria"
en_pa_us,"maersk consulting",FUERA,GENERICA,EXCLUIR,20,LOW,11,0.00,0.00,0.00,-40,10,1,"","consultoria"
en_pa_us,"panama merchant marine",OTRO,COMERCIAL,REVISAR,20,LOW,0,0.00,0.00,0.00,267,1,1,"","consultoria"
en_pa_us,"panama shipping agency and services",AGENCIA,COMERCIAL,SERVICIO_PANAMA,20,LOW,20,3766.48,0.00,0.00,-45,10,1,"","consultoria conquest url:adimarships.com url:gac.com url:orcashipsagents.com"
en_pa_us,"panama canal draft restrictions",INFO_CANAL,INFORMACIONAL,BLOG_CORE,20,LOW,0,0.00,0.00,0.00,122,6,1,"","info"
en_pa_us,"miraflores panama canal tickets",INFO_CANAL,INFORMACIONAL,BLOG_GENERAL,20,MEDIUM,44,4356.46,1397.00,4392.32,-67,2,1,"","info"
en_pa_us,"panama canal crossing cost",INFO_CANAL,INFORMACIONAL,BLOG_CORE,20,LOW,0,0.00,0.00,0.00,-50,1,1,"","info"
en_pa_us,"agua clara locks panama",INFO_CANAL,INFORMACIONAL,BLOG_GENERAL,20,LOW,1,0.00,0.00,0.00,9,2,1,"","info"
en_pa_us,"agua clara visitor center panama canal",INFO_CANAL,INFORMACIONAL,EXCLUIR,20,LOW,2,325.84,0.00,0.00,66,7,1,"","info"
en_pa_us,"cocoli locks panama",INFO_CANAL,INFORMACIONAL,BLOG_GENERAL,20,LOW,3,0.00,0.00,0.00,47,1,1,"","info"
en_pa_us,"cocoli locks panama canal",INFO_CANAL,INFORMACIONAL,BLOG_GENERAL,20,LOW,0,0.00,0.00,0.00,47,1,1,"","info"
en_pa_us,"colon panama cruise terminal",OTRO,COMERCIAL,EXCLUIR,20,LOW,4,0.00,0.00,0.00,-27,1,1,"","info url:orcashipsagents.com"
en_pa_us,"cruise ship port colon panama",OTRO,COMERCIAL,EXCLUIR,20,LOW,4,0.00,0.00,0.00,-27,1,1,"","info url:orcashipsagents.com"
en_pa_us,"expansion del canal de panama",INFO_CANAL,INFORMACIONAL,BLOG_GENERAL,20,LOW,0,0.00,0.00,0.00,-56,2,1,"","info"
en_pa_us,"how much do ships pay to cross the panama canal",INFO_CANAL,INFORMACIONAL,BLOG_GENERAL,20,LOW,0,0.00,0.00,0.00,-51,12,1,"","info"
en_pa_us,"panama canal passage cost",INFO_CANAL,INFORMACIONAL,BLOG_CORE,20,LOW,0,0.00,0.00,0.00,-52,12,1,"","info"
en_pa_us,"panama colon cruise port",OTRO,COMERCIAL,EXCLUIR,20,LOW,10,0.00,0.00,0.00,20,11,1,"","info url:orcashipsagents.com"
en_pa_us,"pedro miguel locks panama canal",INFO_CANAL,INFORMACIONAL,BLOG_GENERAL,20,LOW,2,0.00,0.00,0.00,-27,2,1,"","info"
en_pa_us,"the panama canal expansion project",INFO_CANAL,INFORMACIONAL,BLOG_GENERAL,20,LOW,0,0.00,0.00,0.00,-52,7,1,"","info"
en_pa_us,"widening the panama canal",INFO_CANAL,INFORMACIONAL,BLOG_GENERAL,20,LOW,0,0.00,0.00,0.00,-52,1,1,"","info"
en_pa_us,"panama canal passage fee",INFO_CANAL,INFORMACIONAL,BLOG_CORE,20,LOW,0,0.00,0.00,0.00,-52,12,1,"","info_2 url:orcashipsagents.com"
en_pa_us,"panama ship service",CONQUEST,NAVEGACIONAL,CONQUEST,20,LOW,6,0.00,0.00,0.00,3,6,1,"","conquest url:adimarships.com url:panamashipservice.com url:gac.com url:lethagencies.com url:orcashipsagents.com"
en_pa_us,"cosco shipping lines panama",OTRO,COMERCIAL,REVISAR,20,LOW,3,0.00,0.00,0.00,77,3,1,"","conquest"
en_pa_us,"shipping agency services",AGENCIA,COMERCIAL,SERVICIO,20,LOW,13,0.00,0.00,0.00,-59,1,1,"","url:adimarships.com"
en_pa_us,"canal services",INFO_CANAL,COMERCIAL,SERVICIO,20,LOW,2,8973.95,0.00,0.00,-27,1,1,"","url:adimarships.com url:panamashipservice.com url:gac.com url:lethagencies.com"
en_pa_us,"la canal de panama",INFO_CANAL,INFORMACIONAL,BLOG_GENERAL,20,LOW,0,0.00,0.00,0.00,16,4,2,"the panama canal is","url:orcashipsagents.com"
en_pa_us,"ships in panama canal today",INFO_CANAL,INFORMACIONAL,BLOG_GENERAL,20,LOW,0,0.00,0.00,0.00,-29,1,1,"","url:adimarships.com url:panamashipservice.com url:orcashipsagents.com"
en_pa_us,"canal information",INFO_CANAL,INFORMACIONAL,BLOG_GENERAL,20,LOW,0,0.00,0.00,0.00,68,2,1,"","url:adimarships.com"
en_pa_us,"panama canal details",INFO_CANAL,INFORMACIONAL,BLOG_GENERAL,20,LOW,8,0.00,0.00,0.00,9,1,2,"details of panama canal","url:adimarships.com"
en_pa_us,"service vessel",OTRO,COMERCIAL,REVISAR,20,LOW,0,0.00,0.00,0.00,9,9,1,"","url:adimarships.com url:panamashipservice.com url:gac.com url:lethagencies.com"
en_pa_us,"marine transport service",OTRO,COMERCIAL,REVISAR,20,LOW,23,0.00,6604.83,21573.49,-8,5,2,"marine transport services","url:gac.com"
en_pa_us,"panama canal passage",INFO_CANAL,INFORMACIONAL,BLOG_GENERAL,20,LOW,0,0.00,0.00,0.00,-53,1,1,"","url:adimarships.com url:orcashipsagents.com"
en_pa_us,"get on a ship",OTRO,GENERICA,REVISAR,20,LOW,0,0.00,0.00,0.00,2,5,1,"","url:adimarships.com url:panamashipservice.com"
en_pa_us,"husbandry agency",AGENCIA,COMERCIAL,SERVICIO,20,LOW,0,0.00,0.00,0.00,7,2,1,"","url:adimarships.com"
en_pa_us,"panama canal opening hours",INFO_CANAL,INFORMACIONAL,BLOG_GENERAL,20,LOW,13,0.00,0.00,0.00,27,12,1,"","url:adimarships.com url:lethagencies.com url:orcashipsagents.com"
en_pa_us,"ship surveys",SURVEY,GENERICA,SERVICIO,20,LOW,3,0.00,0.00,0.00,-33,3,1,"","url:panamashipservice.com"
en_pa_us,"marine vessel repair",OTRO,GENERICA,REVISAR,20,LOW,14,0.00,0.00,0.00,21,9,1,"","url:panamashipservice.com"
en_pa_us,"marine fleet management",OTRO,GENERICA,REVISAR,20,LOW,4,0.00,0.00,0.00,-42,1,1,"","url:panamashipservice.com"
en_pa_us,"ship supply companies",OTRO,GENERICA,REVISAR,20,LOW,0,0.00,0.00,0.00,-34,10,1,"","url:panamashipservice.com url:gac.com url:orcashipsagents.com"
en_pa_us,"ship disposal",OTRO,GENERICA,REVISAR,20,LOW,0,0.00,0.00,0.00,83,9,1,"","url:panamashipservice.com"
en_pa_us,"ship repair and maintenance services",OTRO,COMERCIAL,REVISAR,20,LOW,0,0.00,0.00,0.00,-4,9,1,"","url:panamashipservice.com"
en_pa_us,"delivery vessel",OTRO,GENERICA,REVISAR,20,LOW,3,0.00,0.00,0.00,-62,12,2,"vessel delivery","url:panamashipservice.com"
en_pa_us,"bunker service",BUNKER,COMERCIAL,SERVICIO,20,LOW,0,0.00,0.00,0.00,142,6,1,"","url:panamashipservice.com url:gac.com"
en_pa_us,"commercial shipping vessels",OTRO,GENERICA,REVISAR,20,LOW,0,0.00,0.00,0.00,157,9,1,"","url:panamashipservice.com"
en_pa_us,"support marine",OTRO,GENERICA,REVISAR,20,LOW,9,0.00,0.00,0.00,-25,3,1,"","url:panamashipservice.com"
en_pa_us,"shipping maintenance companies",OTRO,GENERICA,REVISAR,20,LOW,0,0.00,0.00,0.00,78,9,1,"","url:panamashipservice.com"
en_pa_us,"fuel consumption ship",BUNKER,GENERICA,SERVICIO,20,LOW,5,0.00,0.00,0.00,-54,9,1,"","url:panamashipservice.com"
en_pa_us,"shipping agent in south africa",AGENCIA,COMERCIAL,SERVICIO,20,LOW,1,0.00,0.00,0.00,83,7,1,"","url:gac.com"
en_pa_us,"gac shipping agents",CONQUEST,NAVEGACIONAL,CONQUEST,20,LOW,11,0.00,0.00,0.00,-8,3,1,"","url:gac.com"
en_pa_us,"gac uae",CONQUEST,NAVEGACIONAL,CONQUEST,20,LOW,3,3975.81,0.00,0.00,-8,9,1,"","url:gac.com"
en_pa_us,"europe shipping companies",OTRO,GENERICA,REVISAR,20,MEDIUM,34,2279.80,3027.90,13307.19,-12,3,1,"","url:gac.com"
en_pa_us,"integrated shipping services",OTRO,COMERCIAL,EXCLUIR,20,LOW,0,0.00,0.00,0.00,-36,9,1,"","url:gac.com"
en_pa_us,"shipping company in south africa",CONSULT,COMERCIAL,SERVICIO,20,LOW,22,29204.23,6524.12,34728.55,-58,11,1,"","url:gac.com"
en_pa_us,"group shipping",OTRO,GENERICA,REVISAR,20,MEDIUM,35,90840.37,9943.91,32217.64,-20,10,1,"","url:gac.com"
en_pa_us,"shipping agencies in south africa",AGENCIA,GENERICA,SERVICIO,20,LOW,1,0.00,0.00,0.00,83,7,1,"","url:gac.com"
en_pa_us,"marine crewing agency",AGENCIA,COMERCIAL,SERVICIO,20,LOW,4,10946.44,0.00,0.00,44,4,1,"","url:gac.com"
en_pa_us,"ship to abu dhabi",OTRO,GENERICA,REVISAR,20,LOW,29,9632.58,2101.29,13942.50,1,4,1,"","url:gac.com"
en_pa_us,"ship to location",OTRO,GENERICA,REVISAR,20,LOW,10,58304.93,0.00,0.00,-11,1,1,"","url:gac.com"
en_pa_us,"gac global",CONQUEST,NAVEGACIONAL,CONQUEST,20,LOW,0,0.00,0.00,0.00,100,2,1,"","url:gac.com"
en_pa_us,"shipping abu dhabi",OTRO,GENERICA,REVISAR,20,LOW,29,9632.58,2101.29,13942.50,1,4,1,"","url:gac.com"
en_pa_us,"ports around the world",OTRO,GENERICA,REVISAR,20,LOW,0,0.00,0.00,0.00,-19,4,1,"","url:gac.com"
en_pa_us,"ship from hong kong",OTRO,GENERICA,REVISAR,20,LOW,5,57066.41,0.00,0.00,-76,2,1,"","url:gac.com"
en_pa_us,"logo gac",CONQUEST,NAVEGACIONAL,CONQUEST,20,LOW,0,0.00,0.00,0.00,53,2,1,"","url:gac.com"
en_pa_us,"india shipping agent",AGENCIA,COMERCIAL,SERVICIO,20,LOW,17,121042.13,0.00,0.00,8,11,1,"","url:gac.com"
en_pa_us,"ship vessel schedule",OTRO,INFORMACIONAL,REVISAR,20,LOW,0,0.00,0.00,0.00,-76,10,1,"","url:gac.com"
en_pa_us,"vessel crew",OTRO,GENERICA,REVISAR,20,LOW,0,0.00,0.00,0.00,22,1,1,"","url:gac.com url:lethagencies.com"
en_pa_us,"cruise ship services",OTRO,COMERCIAL,EXCLUIR,20,LOW,13,12865.65,1828.12,15664.38,-21,2,1,"","url:gac.com"
en_pa_us,"gac news",CONQUEST,NAVEGACIONAL,CONQUEST,20,LOW,0,0.00,0.00,0.00,9,9,1,"","url:gac.com"
en_pa_us,"maritime logistics services",OTRO,COMERCIAL,REVISAR,20,LOW,0,0.00,0.00,0.00,129,6,1,"","url:gac.com"
en_pa_us,"port and shipping",OTRO,GENERICA,REVISAR,20,LOW,0,0.00,0.00,0.00,10,3,2,"shipping and port","url:gac.com"
en_pa_us,"sa shipping companies",OTRO,GENERICA,REVISAR,20,LOW,22,29204.23,6524.12,34728.55,-58,11,1,"","url:gac.com"
en_pa_us,"shipping company in south korea",CONSULT,COMERCIAL,SERVICIO,20,LOW,21,67023.79,7712.28,38788.83,9,8,1,"","url:gac.com"
en_pa_us,"shipping line in sri lanka",OTRO,GENERICA,REVISAR,20,LOW,1,0.00,0.00,0.00,-19,12,1,"","url:gac.com"
en_pa_us,"ya sa shipping",OTRO,GENERICA,REVISAR,20,LOW,1,0.00,0.00,0.00,-19,3,1,"","url:gac.com"
en_pa_us,"a shipping company",CONSULT,COMERCIAL,SERVICIO,20,LOW,14,3784.51,0.00,0.00,-55,3,1,"","url:lethagencies.com"
en_pa_us,"shipping firms",OTRO,COMERCIAL,REVISAR,20,LOW,18,27864.00,0.00,0.00,13,4,1,"","url:lethagencies.com"
en_pa_us,"about suez canal",INFO_CANAL,INFORMACIONAL,EXCLUIR,20,LOW,7,0.00,0.00,0.00,44,4,1,"","url:lethagencies.com"
en_pa_us,"anchorage shipping companies",OTRO,GENERICA,REVISAR,20,MEDIUM,46,18813.28,5629.28,63855.79,-34,1,1,"","url:lethagencies.com"
en_pa_us,"port and services",OTRO,COMERCIAL,REVISAR,20,LOW,0,0.00,0.00,0.00,-8,3,1,"","url:lethagencies.com"
en_pa_us,"us shipping lines",OTRO,GENERICA,REVISAR,20,LOW,13,0.00,8882.74,75930.31,-66,2,1,"","url:lethagencies.com"
en_pa_us,"shipping company egypt",CONSULT,COMERCIAL,EXCLUIR,20,LOW,11,14279.31,6389.56,21529.98,1,7,1,"","url:lethagencies.com"
en_pa_us,"port handling",OTRO,GENERICA,REVISAR,20,LOW,0,0.00,0.00,0.00,-34,9,1,"","url:lethagencies.com"
en_pa_us,"shipping container to panama",OTRO,COMERCIAL,REVISAR,20,LOW,25,13306.45,3665.46,23415.20,-35,9,1,"","url:orcashipsagents.com"
en_pa_us,"panama canal cargo ship",INFO_CANAL,INFORMACIONAL,EXCLUIR,20,LOW,0,0.00,0.00,0.00,3,3,1,"","url:orcashipsagents.com"
en_pa_us,"amador cruise terminal panama",OTRO,COMERCIAL,EXCLUIR,20,LOW,1,0.00,0.00,0.00,17,3,1,"","url:orcashipsagents.com"
en_pa_us,"ships going through panama canal",INFO_CANAL,INFORMACIONAL,BLOG_GENERAL,20,LOW,6,1563.95,0.00,0.00,51,3,1,"","url:orcashipsagents.com"
en_pa_us,"the purpose of the panama canal",INFO_CANAL,INFORMACIONAL,BLOG_GENERAL,20,LOW,0,0.00,0.00,0.00,6,10,1,"","url:orcashipsagents.com"
en_pa_us,"the cargo ship",OTRO,GENERICA,EXCLUIR,20,LOW,0,0.00,0.00,0.00,22,10,1,"","url:orcashipsagents.com"
en_pa_us,"cargo ships at sea",OTRO,GENERICA,REVISAR,20,LOW,0,0.00,0.00,0.00,-5,3,1,"","url:orcashipsagents.com"
en_pa_us,"shipping cargo ships",OTRO,GENERICA,REVISAR,20,LOW,12,20154.22,0.00,0.00,-50,6,1,"","url:orcashipsagents.com"
en_pa_us,"logistic ships",OTRO,GENERICA,REVISAR,20,LOW,1,0.00,0.00,0.00,44,1,1,"","url:orcashipsagents.com"
en_pa_us,"cargo ship shipping cargo ships",OTRO,GENERICA,EXCLUIR,20,LOW,0,0.00,0.00,0.00,-44,2,1,"","url:orcashipsagents.com"
en_pa_us,"panama sa",OTRO,COMERCIAL,REVISAR,20,LOW,1,0.00,0.00,0.00,-5,3,1,"","url:orcashipsagents.com"
en_pa_us,"cargo ship broker",CONSULT,COMERCIAL,EXCLUIR,20,MEDIUM,35,0.00,5783.55,12757.50,45,9,1,"","url:orcashipsagents.com"
en_pa_us,"shipping new",OTRO,GENERICA,REVISAR,20,LOW,0,0.00,0.00,0.00,38,5,1,"","url:orcashipsagents.com"
en_pa_us,"maritime transport services",OTRO,COMERCIAL,REVISAR,20,LOW,14,0.00,0.00,0.00,-4,6,1,"","url:orcashipsagents.com"
en_pa_us,"maritime ship services",OTRO,COMERCIAL,EXCLUIR,20,LOW,0,0.00,0.00,0.00,55,10,1,"","url:orcashipsagents.com"
en_pa_us,"multi purpose cargo vessel",OTRO,GENERICA,REVISAR,20,LOW,0,0.00,0.00,0.00,26,9,1,"","url:orcashipsagents.com"
en_pa_us,"new cargo ships",OTRO,GENERICA,REVISAR,20,LOW,0,0.00,0.00,0.00,-22,4,1,"","url:orcashipsagents.com"
en_pa_us,"type of container vessel",OTRO,GENERICA,REVISAR,20,LOW,0,0.00,0.00,0.00,-4,3,1,"","url:orcashipsagents.com"
en_pa_us,"cargo steamship",AGENCIA,GENERICA,SERVICIO,20,LOW,0,0.00,0.00,0.00,-4,3,1,"","url:orcashipsagents.com"
en_pa_us,"shipping dinner",OTRO,GENERICA,REVISAR,20,MEDIUM,66,7074.52,2798.56,9521.78,-28,10,1,"","url:orcashipsagents.com"
en_pa_us,"new container ship",OTRO,GENERICA,EXCLUIR,20,LOW,0,0.00,0.00,0.00,-13,9,1,"","url:orcashipsagents.com"
en_pa_us,"pacific line panama",OTRO,COMERCIAL,REVISAR,20,LOW,0,0.00,0.00,0.00,41,7,1,"","url:orcashipsagents.com"
en_pa_us,"vessel calls",OTRO,GENERICA,REVISAR,20,LOW,0,0.00,0.00,0.00,-27,3,1,"","url:orcashipsagents.com"
en_pa_us,"shipping container cargo ship",OTRO,GENERICA,EXCLUIR,20,LOW,27,32186.47,5190.16,23323.90,-54,10,1,"","url:orcashipsagents.com"
en_pa_us,"ship chandlers near me",CONSULT,COMERCIAL,SERVICIO,20,LOW,20,15748.97,0.00,0.00,-39,9,1,"","url:orcashipsagents.com"
en_pa_us,"sea brokers",FUERA,COMERCIAL,EXCLUIR,20,LOW,4,0.00,0.00,0.00,-25,10,1,"","url:orcashipsagents.com"
en_pa_us,"marine 24",OTRO,GENERICA,REVISAR,20,MEDIUM,60,3081.57,0.00,0.00,66,3,1,"","url:24marine.com"
en_pa_us,"maritime inspection",SURVEY,INFORMACIONAL,BLOG_CORE,20,LOW,7,0.00,0.00,0.00,-25,3,1,"","url:24marine.com"
en_pa_us,"sailboat surveyor near me",SURVEY,COMERCIAL,SERVICIO,20,MEDIUM,42,21610.59,0.00,0.00,-35,9,1,"","url:24marine.com"
en_pa_us,"maritime expert witness",OTRO,INFORMACIONAL,REVISAR,20,MEDIUM,45,40608.74,8671.97,52413.00,-59,3,1,"","url:24marine.com"
en_pa_us,"become a marine surveyor",SURVEY,COMERCIAL,SERVICIO,20,LOW,6,0.00,0.00,0.00,-18,6,1,"","url:24marine.com"
en_pa_us,"hull surveyor",SURVEY,COMERCIAL,SERVICIO,20,LOW,6,0.00,0.00,0.00,-12,9,1,"","url:24marine.com"
en_pa_us,"marine expert witness",OTRO,GENERICA,REVISAR,20,LOW,21,37942.18,0.00,0.00,-56,3,1,"","url:24marine.com"
en_pa_us,"vessel inspection services",SURVEY,COMERCIAL,SERVICIO,20,LOW,0,0.00,0.00,0.00,112,6,1,"","url:24marine.com"
en_pa_us,"imo services",OTRO,COMERCIAL,REVISAR,20,LOW,1,0.00,0.00,0.00,1,3,1,"","url:24marine.com"
en_pa_us,"condition and valuation survey",FUERA,GENERICA,EXCLUIR,20,MEDIUM,43,0.00,0.00,0.00,15,1,1,"","url:24marine.com"
en_pa_us,"gas vessels",OTRO,GENERICA,REVISAR,20,LOW,0,0.00,0.00,0.00,6,3,1,"","url:24marine.com"
en_pa_us,"maritime expertise",OTRO,INFORMACIONAL,REVISAR,20,LOW,21,0.00,5200.57,74213.35,-42,3,1,"","url:24marine.com"
en_pa_us,"maritime experts",OTRO,INFORMACIONAL,REVISAR,20,LOW,21,0.00,5200.57,74213.35,-42,3,1,"","url:24marine.com"
en_pa_us,"type of bulk carriers",OTRO,GENERICA,REVISAR,20,LOW,0,0.00,0.00,0.00,-21,3,1,"","url:24marine.com"
en_pa_us,"vessel retrofit",OTRO,GENERICA,REVISAR,20,LOW,2,0.00,0.00,0.00,0,9,1,"","url:24marine.com"
en_pa_us,"vgp 2013",OTRO,GENERICA,REVISAR,20,LOW,0,0.00,0.00,0.00,-19,2,1,"","url:24marine.com"
en_pa_us,"surveys from home",FUERA,GENERICA,EXCLUIR,20,HIGH,81,6768.37,2861.56,7025.81,-56,10,1,"","url:crossworldagency.com"
en_pa_us,"marketing from home",OTRO,GENERICA,EXCLUIR,20,MEDIUM,54,11474.32,5704.75,29167.71,-50,4,1,"","url:crossworldagency.com"
en_pa_us,"under agency",FUERA,COMERCIAL,EXCLUIR,20,LOW,0,0.00,0.00,0.00,12,7,1,"","url:crossworldagency.com"
en_pa_us,"survey agencies",FUERA,GENERICA,EXCLUIR,20,HIGH,69,4776.01,16970.60,151514.13,-47,1,1,"","url:crossworldagency.com"
en_pa_us,"your marketing agency",FUERA,COMERCIAL,EXCLUIR,20,LOW,23,0.00,26061.74,208735.18,-20,4,1,"","url:crossworldagency.com"
en_pa_us,"home of home",OTRO,GENERICA,REVISAR,20,LOW,4,0.00,0.00,0.00,-24,3,1,"","url:crossworldagency.com"
en_pa_us,"your marketing",OTRO,GENERICA,EXCLUIR,20,LOW,12,0.00,0.00,0.00,-8,10,1,"","url:crossworldagency.com"
en_pa_us,"we are agency",FUERA,COMERCIAL,EXCLUIR,20,LOW,13,0.00,0.00,0.00,-13,1,1,"","url:crossworldagency.com"
en_pa_us,"maritime marketing agency",AGENCIA,COMERCIAL,EXCLUIR,20,LOW,30,51394.11,46993.13,46993.13,97,9,1,"","url:crossworldagency.com"
en_pa_us,"in marketing services",OTRO,COMERCIAL,EXCLUIR,20,LOW,24,0.00,0.00,0.00,-60,3,1,"","url:crossworldagency.com"
en_pa_us,"crew change panama",AGENCIA,COMERCIAL,SERVICIO_PANAMA,10,UNKNOWN,0,0.00,0.00,0.00,-8,4,1,"","agencia"
en_pa_us,"forwarder agent",FUERA,COMERCIAL,EXCLUIR,10,MEDIUM,64,23889.53,17041.25,61863.63,-42,12,1,"","agencia"
en_pa_us,"over sea shipping companies",OTRO,GENERICA,REVISAR,10,HIGH,81,34145.69,11776.95,53851.65,-42,2,1,"","agencia"
en_pa_us,"import shipping agent",AGENCIA,COMERCIAL,SERVICIO,10,LOW,0,0.00,0.00,0.00,-67,12,1,"","agencia"
en_pa_us,"shipping agent list",AGENCIA,COMERCIAL,SERVICIO,10,LOW,26,14822.35,0.00,0.00,-37,2,1,"","agencia"
en_pa_us,"amazon delivery agency",FUERA,COMERCIAL,EXCLUIR,10,LOW,23,37720.17,0.00,0.00,-8,3,2,"delivery agency for amazon","agencia"
en_pa_us,"enterprise shipping company",CONSULT,COMERCIAL,SERVICIO,10,LOW,29,0.00,6993.14,21340.50,-20,9,1,"","agencia"
en_pa_us,"chinese ship agent",AGENCIA,COMERCIAL,SERVICIO,10,UNKNOWN,0,0.00,0.00,0.00,-54,3,1,"","agencia"
en_pa_us,"shipping clearing agent",AGENCIA,COMERCIAL,SERVICIO,10,MEDIUM,57,20438.46,0.00,0.00,-52,12,2,"shipping and clearing agent","agencia"
en_pa_us,"clearing and forwarding agent near me",FUERA,COMERCIAL,EXCLUIR,10,LOW,5,0.00,0.00,0.00,-22,4,2,"clearing and forwarding agents near me","agencia"
en_pa_us,"local shipping agent",AGENCIA,COMERCIAL,SERVICIO,10,MEDIUM,55,0.00,21633.91,34352.91,0,1,1,"","agencia url:adimarships.com url:gac.com url:lethagencies.com"
en_pa_us,"shipping forwarding agent",AGENCIA,COMERCIAL,SERVICIO,10,HIGH,86,0.00,0.00,0.00,0,1,2,"shipping and forwarding agents","agencia"
en_pa_us,"seafreight agencies",FUERA,GENERICA,EXCLUIR,10,HIGH,93,0.00,0.00,0.00,-22,3,1,"","agencia"
en_pa_us,"china ocean shipping agency",AGENCIA,COMERCIAL,SERVICIO,10,LOW,14,5614.10,4695.19,30893.96,-32,3,1,"","agencia"
en_pa_us,"freight shipping agent",AGENCIA,COMERCIAL,SERVICIO,10,UNKNOWN,0,0.00,0.00,0.00,-31,12,1,"","agencia"
en_pa_us,"sea freight clearing agents",FUERA,COMERCIAL,EXCLUIR,10,UNKNOWN,0,0.00,0.00,0.00,-77,11,1,"","agencia"
en_pa_us,"panama canal transit list",INFO_CANAL,INFORMACIONAL,BLOG_GENERAL,10,UNKNOWN,0,0.00,0.00,0.00,-27,4,1,"","agencia"
en_pa_us,"container shipping agent",AGENCIA,COMERCIAL,SERVICIO,10,HIGH,100,0.00,12590.31,26061.42,6,3,1,"","agencia"
en_pa_us,"united nation cargo shipping agency",AGENCIA,COMERCIAL,SERVICIO,10,LOW,10,0.00,0.00,0.00,-48,3,1,"","agencia"
en_pa_us,"ims shipping company",CONSULT,COMERCIAL,SERVICIO,10,LOW,7,0.00,0.00,0.00,0,1,1,"","agencia"
en_pa_us,"container clearing agent",AGENCIA,COMERCIAL,SERVICIO,10,UNKNOWN,0,0.00,0.00,0.00,-39,4,1,"","agencia"
en_pa_us,"forwarder shipping agent",AGENCIA,COMERCIAL,EXCLUIR,10,UNKNOWN,0,0.00,0.00,0.00,-48,6,1,"","agencia"
en_pa_us,"sea shipping agent",AGENCIA,COMERCIAL,SERVICIO,10,HIGH,89,39481.32,12875.67,26689.80,-25,1,1,"","agencia"
en_pa_us,"shipping company agent",AGENCIA,COMERCIAL,SERVICIO,10,LOW,0,0.00,0.00,0.00,-8,1,3,"agent for shipping company | shipping companies and agents","url:orcashipsagents.com"
en_pa_us,"central shipping agency tracking",AGENCIA,COMERCIAL,SERVICIO,10,LOW,0,0.00,0.00,0.00,2,1,1,"","agencia"
en_pa_us,"freight forwarder and shipping agent",AGENCIA,COMERCIAL,EXCLUIR,10,UNKNOWN,0,0.00,0.00,0.00,-48,6,1,"","agencia"
en_pa_us,"mundra port shipping agents",AGENCIA,COMERCIAL,SERVICIO,10,UNKNOWN,0,0.00,0.00,0.00,-39,1,1,"","agencia"
en_pa_us,"air freight clearing agents",FUERA,COMERCIAL,EXCLUIR,10,HIGH,67,38578.43,0.00,0.00,-8,3,1,"","agencia"
en_pa_us,"msc shipping agency",AGENCIA,COMERCIAL,SERVICIO,10,LOW,0,0.00,0.00,0.00,38,1,1,"","agencia"
en_pa_us,"socar shipping agency tracking",AGENCIA,COMERCIAL,EXCLUIR,10,UNKNOWN,0,0.00,0.00,0.00,-8,3,1,"","agencia"
en_pa_us,"global delivery agency",FUERA,COMERCIAL,EXCLUIR,10,MEDIUM,43,0.00,13386.20,67819.43,-25,9,1,"","agencia"
en_pa_us,"overseas shipping agency",AGENCIA,COMERCIAL,SERVICIO,10,UNKNOWN,0,0.00,0.00,0.00,-36,1,1,"","agencia"
en_pa_us,"korean shipping agent",AGENCIA,COMERCIAL,SERVICIO,10,UNKNOWN,0,0.00,0.00,0.00,-17,1,1,"","agencia"
en_pa_us,"shipping agent korea",AGENCIA,COMERCIAL,SERVICIO,10,MEDIUM,36,0.00,0.00,0.00,-22,1,1,"","agencia"
en_pa_us,"marina shipping company",CONSULT,COMERCIAL,SERVICIO,10,LOW,5,0.00,0.00,0.00,1,1,1,"","agencia"
en_pa_us,"worldwide shipping agent",AGENCIA,COMERCIAL,SERVICIO,10,HIGH,71,17192.68,0.00,0.00,-58,3,1,"","agencia"
en_pa_us,"zodiac shipping company",CONSULT,COMERCIAL,SERVICIO,10,LOW,0,0.00,0.00,0.00,25,1,1,"","agencia"
en_pa_us,"$10 000 amazon delivery business offer",OTRO,GENERICA,EXCLUIR,10,UNKNOWN,0,0.00,0.00,0.00,-8,1,1,"","agencia"
en_pa_us,"88 aces shipping agency",AGENCIA,COMERCIAL,SERVICIO,10,LOW,0,0.00,0.00,0.00,-39,4,1,"","agencia"
en_pa_us,"abacast shipping & management company inc",OTRO,COMERCIAL,REVISAR,10,LOW,0,0.00,0.00,0.00,-8,2,1,"","agencia"
en_pa_us,"adamis shipping agency",AGENCIA,COMERCIAL,SERVICIO,10,UNKNOWN,0,0.00,0.00,0.00,-8,2,1,"","agencia"
en_pa_us,"adamson shipping agency",AGENCIA,COMERCIAL,SERVICIO,10,UNKNOWN,0,0.00,0.00,0.00,,1,1,"","agencia"
en_pa_us,"aegean shipping agency",AGENCIA,COMERCIAL,SERVICIO,10,UNKNOWN,0,0.00,0.00,0.00,-54,3,1,"","agencia"
en_pa_us,"afamia shipping agency",AGENCIA,COMERCIAL,SERVICIO,10,UNKNOWN,0,0.00,0.00,0.00,,1,1,"","agencia"
en_pa_us,"afex shipping agency",AGENCIA,COMERCIAL,SERVICIO,10,MEDIUM,43,0.00,0.00,0.00,-39,1,1,"","agencia"
en_pa_us,"agency charges in shipping",AGENCIA,COMERCIAL,SERVICIO,10,UNKNOWN,0,0.00,0.00,0.00,-31,4,1,"","agencia"
en_pa_us,"agency shipping company",AGENCIA,COMERCIAL,SERVICIO,10,MEDIUM,36,14160.79,0.00,0.00,-28,2,3,"shipping agency company | shipping agencies company","agencia url:gac.com url:lethagencies.com url:orcashipsagents.com"
en_pa_us,"agent in shipping",AGENCIA,COMERCIAL,SERVICIO,10,LOW,0,0.00,0.00,0.00,-8,2,1,"","agencia url:adimarships.com url:orcashipsagents.com"
en_pa_us,"air shipping agent",AGENCIA,COMERCIAL,SERVICIO,10,UNKNOWN,0,0.00,0.00,0.00,53,3,1,"","agencia"
en_pa_us,"al jaber shipping agency",AGENCIA,COMERCIAL,SERVICIO,10,UNKNOWN,0,0.00,0.00,0.00,-35,1,1,"","agencia"
en_pa_us,"alexia shipping agency",AGENCIA,COMERCIAL,SERVICIO,10,UNKNOWN,0,0.00,0.00,0.00,129,1,1,"","agencia"
en_pa_us,"alfa shipping agencies",AGENCIA,GENERICA,SERVICIO,10,UNKNOWN,0,0.00,0.00,0.00,175,2,1,"","agencia"
en_pa_us,"alfaship shipping agency",AGENCIA,COMERCIAL,SERVICIO,10,LOW,0,0.00,0.00,0.00,-8,1,1,"","agencia"
en_pa_us,"alfaship shipping agency ltd",AGENCIA,COMERCIAL,SERVICIO,10,LOW,0,0.00,0.00,0.00,-8,1,1,"","agencia"
en_pa_us,"all fast shipping agency",AGENCIA,COMERCIAL,SERVICIO,10,UNKNOWN,0,0.00,0.00,0.00,22,3,1,"","agencia"
en_pa_us,"all ocean shipping agency",AGENCIA,COMERCIAL,SERVICIO,10,UNKNOWN,0,0.00,0.00,0.00,-54,1,1,"","agencia"
en_pa_us,"alster manning agency",FUERA,COMERCIAL,EXCLUIR,10,UNKNOWN,0,0.00,0.00,0.00,,3,1,"","agencia"
en_pa_us,"amazon delivery agency franchise",FUERA,COMERCIAL,EXCLUIR,10,LOW,24,37562.74,0.00,0.00,,6,1,"","agencia"
en_pa_us,"amazon delivery agency near me",FUERA,COMERCIAL,EXCLUIR,10,LOW,0,0.00,0.00,0.00,22,3,1,"","agencia"
en_pa_us,"amogha shipping agency",AGENCIA,COMERCIAL,SERVICIO,10,UNKNOWN,0,0.00,0.00,0.00,-45,1,1,"","agencia"
en_pa_us,"anchor shipping agencies",AGENCIA,GENERICA,SERVICIO,10,UNKNOWN,0,0.00,0.00,0.00,-59,1,1,"","agencia"
en_pa_us,"anchor swire shipping agency",AGENCIA,COMERCIAL,SERVICIO,10,UNKNOWN,0,0.00,0.00,0.00,38,1,1,"","agencia"
en_pa_us,"antigua maritime agencies ltd",AGENCIA,INFORMACIONAL,BLOG_CORE,10,LOW,0,0.00,0.00,0.00,12,1,1,"","agencia"
en_pa_us,"apa itu shipping agency",AGENCIA,COMERCIAL,SERVICIO,10,UNKNOWN,0,0.00,0.00,0.00,,9,1,"","agencia url:adimarships.com"
en_pa_us,"aqua marine shipping agency",AGENCIA,COMERCIAL,SERVICIO,10,LOW,0,0.00,0.00,0.00,-43,2,1,"","agencia"
en_pa_us,"aqualink maritime inc manning agency",AGENCIA,COMERCIAL,SERVICIO,10,UNKNOWN,0,0.00,0.00,0.00,,6,1,"","agencia"
en_pa_us,"aqualink shipping agency",AGENCIA,COMERCIAL,SERVICIO,10,UNKNOWN,0,0.00,0.00,0.00,,3,1,"","agencia"
en_pa_us,"arab ocean shipping agencies llc",AGENCIA,GENERICA,SERVICIO,10,UNKNOWN,0,0.00,0.00,0.00,-31,3,1,"","agencia"
en_pa_us,"araw shipping agency inc",AGENCIA,COMERCIAL,SERVICIO,10,LOW,0,0.00,0.00,0.00,2,1,1,"","agencia"
en_pa_us,"as shipping agency",AGENCIA,COMERCIAL,SERVICIO,10,UNKNOWN,0,0.00,0.00,0.00,-8,5,2,"as shipping agencies","url:adimarships.com url:orcashipsagents.com"
en_pa_us,"ashapura shipping agency",AGENCIA,COMERCIAL,SERVICIO,10,UNKNOWN,0,0.00,0.00,0.00,-8,7,1,"","agencia"
en_pa_us,"astra shipping agency",AGENCIA,COMERCIAL,SERVICIO,10,LOW,0,0.00,0.00,0.00,-69,3,1,"","agencia"
en_pa_us,"bar orient shipping agency",AGENCIA,COMERCIAL,SERVICIO,10,UNKNOWN,0,0.00,0.00,0.00,-77,3,1,"","agencia"
en_pa_us,"barwil agencies",FUERA,GENERICA,EXCLUIR,10,LOW,0,0.00,0.00,0.00,-15,2,1,"","agencia"
en_pa_us,"barwil agencies ltd for shipping",AGENCIA,GENERICA,SERVICIO,10,UNKNOWN,0,0.00,0.00,0.00,38,3,1,"","agencia"
en_pa_us,"barwil shipping",OTRO,GENERICA,REVISAR,10,LOW,0,0.00,0.00,0.00,-29,2,1,"","agencia"
en_pa_us,"best shipping agency",AGENCIA,COMERCIAL,SERVICIO,10,HIGH,71,0.00,0.00,0.00,-54,7,1,"","agencia url:adimarships.com"
en_pa_us,"betty k shipping company",CONSULT,COMERCIAL,SERVICIO,10,LOW,0,0.00,0.00,0.00,3,3,1,"","agencia"
en_pa_us,"bg shipping agency",AGENCIA,COMERCIAL,SERVICIO,10,UNKNOWN,0,0.00,0.00,0.00,-63,2,1,"","agencia"
en_pa_us,"boskalis crewing",OTRO,GENERICA,REVISAR,10,UNKNOWN,0,0.00,0.00,0.00,-27,1,1,"","agencia"
en_pa_us,"bosphorus shipping agency sa",AGENCIA,COMERCIAL,SERVICIO,10,UNKNOWN,0,0.00,0.00,0.00,,4,1,"","agencia"
en_pa_us,"brilliant shipping agency",AGENCIA,COMERCIAL,SERVICIO,10,UNKNOWN,0,0.00,0.00,0.00,22,2,1,"","agencia"
en_pa_us,"bsm crew management",OTRO,GENERICA,REVISAR,10,LOW,0,0.00,0.00,0.00,-20,2,1,"","agencia"
en_pa_us,"bsm crewing agency",AGENCIA,COMERCIAL,SERVICIO,10,UNKNOWN,0,0.00,0.00,0.00,-24,6,1,"","agencia"
en_pa_us,"bsm manning agency",FUERA,COMERCIAL,EXCLUIR,10,LOW,0,0.00,0.00,0.00,-47,6,1,"","agencia"
en_pa_us,"bsm maritime agency",AGENCIA,COMERCIAL,SERVICIO,10,UNKNOWN,0,0.00,0.00,0.00,22,3,1,"","agencia"
en_pa_us,"bsm shipping agency",AGENCIA,COMERCIAL,SERVICIO,10,LOW,0,0.00,0.00,0.00,-69,6,1,"","agencia"
en_pa_us,"cambiaso risso shipping agency",AGENCIA,COMERCIAL,SERVICIO,10,LOW,0,0.00,0.00,0.00,-31,3,1,"","agencia"
en_pa_us,"cargo consolidators point lisas",OTRO,GENERICA,REVISAR,10,UNKNOWN,0,0.00,0.00,0.00,-69,5,1,"","agencia"
en_pa_us,"cargo vision shipping agency",AGENCIA,COMERCIAL,SERVICIO,10,LOW,0,0.00,0.00,0.00,18,4,1,"","agencia"
en_pa_us,"caribbean cargo agencies inc",AGENCIA,GENERICA,SERVICIO,10,LOW,0,0.00,0.00,0.00,-29,3,1,"","agencia"
en_pa_us,"caribbean shipping agencies limited",AGENCIA,GENERICA,SERVICIO,10,LOW,0,0.00,0.00,0.00,-73,3,1,"","agencia"
en_pa_us,"carpenters shipping agency",AGENCIA,COMERCIAL,SERVICIO,10,UNKNOWN,0,0.00,0.00,0.00,-8,9,1,"","agencia"
en_pa_us,"casper port agency",AGENCIA,COMERCIAL,SERVICIO,10,LOW,0,0.00,0.00,0.00,-48,3,1,"","agencia"
en_pa_us,"cenmar ship management",CONSULT,GENERICA,SERVICIO,10,UNKNOWN,0,0.00,0.00,0.00,-63,2,1,"","agencia"
en_pa_us,"cenmar shipping company",CONSULT,COMERCIAL,SERVICIO,10,LOW,0,0.00,0.00,0.00,22,3,1,"","agencia"
en_pa_us,"cerrahgil ship agencies",AGENCIA,GENERICA,SERVICIO,10,UNKNOWN,0,0.00,0.00,0.00,-27,4,1,"","agencia"
en_pa_us,"china merchants ocean shipping agency",AGENCIA,COMERCIAL,SERVICIO,10,UNKNOWN,0,0.00,0.00,0.00,-24,1,1,"","agencia"
en_pa_us,"china ocean shipping agency tracking",AGENCIA,COMERCIAL,SERVICIO,10,UNKNOWN,0,0.00,0.00,0.00,-59,4,1,"","agencia"
en_pa_us,"china sea shipping agency ltd",AGENCIA,COMERCIAL,SERVICIO,10,UNKNOWN,0,0.00,0.00,0.00,-69,3,1,"","agencia"
en_pa_us,"clarkson shipping agency",AGENCIA,COMERCIAL,SERVICIO,10,LOW,0,0.00,0.00,0.00,22,1,1,"","agencia"
en_pa_us,"cma cgm local offices",OTRO,GENERICA,REVISAR,10,LOW,0,0.00,0.00,0.00,-40,11,1,"","agencia"
en_pa_us,"cma cgm shipping agencies",AGENCIA,GENERICA,SERVICIO,10,UNKNOWN,0,0.00,0.00,0.00,-8,1,1,"","agencia"
en_pa_us,"conship consolidated shipping agencies ltd",AGENCIA,GENERICA,SERVICIO,10,LOW,0,0.00,0.00,0.00,18,1,1,"","agencia"
en_pa_us,"consolidated shipping agencies",AGENCIA,GENERICA,SERVICIO,10,LOW,0,0.00,0.00,0.00,-42,1,1,"","agencia"
en_pa_us,"consolidated shipping agencies limited",AGENCIA,GENERICA,SERVICIO,10,LOW,0,0.00,0.00,0.00,-31,3,1,"","agencia"
en_pa_us,"conveyor shipping agencies inc",AGENCIA,GENERICA,SERVICIO,10,UNKNOWN,0,0.00,0.00,0.00,-54,3,1,"","agencia"
en_pa_us,"corten shipping agency",AGENCIA,COMERCIAL,SERVICIO,10,UNKNOWN,0,0.00,0.00,0.00,,4,1,"","agencia"
en_pa_us,"cosco shipping agency",AGENCIA,COMERCIAL,SERVICIO,10,LOW,0,0.00,0.00,0.00,-36,3,1,"","agencia"
en_pa_us,"crew management companies",OTRO,GENERICA,REVISAR,10,LOW,0,0.00,0.00,0.00,-47,1,1,"","agencia"
en_pa_us,"crossworld maritime agency",CONQUEST,NAVEGACIONAL,CONQUEST,10,LOW,0,0.00,0.00,0.00,10,1,1,"","agencia"
en_pa_us,"crystal shipping agencies",AGENCIA,GENERICA,SERVICIO,10,LOW,0,0.00,0.00,0.00,47,1,1,"","agencia"
en_pa_us,"deep shipping agency",AGENCIA,COMERCIAL,SERVICIO,10,LOW,14,0.00,0.00,0.00,-8,3,1,"","agencia"
en_pa_us,"delta shipping agencies",AGENCIA,GENERICA,SERVICIO,10,LOW,0,0.00,0.00,0.00,-8,2,1,"","agencia"
en_pa_us,"denak ship management & agency",AGENCIA,COMERCIAL,SERVICIO,10,LOW,0,0.00,0.00,0.00,83,1,1,"","agencia"
en_pa_us,"dennis shipping agency",AGENCIA,COMERCIAL,SERVICIO,10,LOW,29,0.00,0.00,0.00,15,1,1,"","agencia"
en_pa_us,"diamond h marine services & shipping agency inc",AGENCIA,COMERCIAL,SERVICIO,10,UNKNOWN,0,0.00,0.00,0.00,3,2,1,"","agencia"
en_pa_us,"diamond h marine services and shipping agency inc",AGENCIA,COMERCIAL,SERVICIO,10,UNKNOWN,0,0.00,0.00,0.00,,5,1,"","agencia"
en_pa_us,"diamond h marine shipping agency",AGENCIA,COMERCIAL,SERVICIO,10,UNKNOWN,0,0.00,0.00,0.00,-45,1,1,"","agencia"
en_pa_us,"diamond shipping agency",AGENCIA,COMERCIAL,SERVICIO,10,LOW,0,0.00,0.00,0.00,38,2,1,"","agencia"
en_pa_us,"diversified manning agency",FUERA,COMERCIAL,EXCLUIR,10,UNKNOWN,0,0.00,0.00,0.00,-39,10,1,"","agencia"
en_pa_us,"dm maritime agency",AGENCIA,COMERCIAL,SERVICIO,10,UNKNOWN,0,0.00,0.00,0.00,-8,1,1,"","agencia"
en_pa_us,"domestic shipping agency",AGENCIA,COMERCIAL,SERVICIO,10,UNKNOWN,0,0.00,0.00,0.00,-8,1,1,"","agencia"
en_pa_us,"dta ship agency llc",AGENCIA,COMERCIAL,SERVICIO,10,UNKNOWN,0,0.00,0.00,0.00,-31,3,1,"","agencia"
en_pa_us,"dynamic shipping agency",AGENCIA,COMERCIAL,SERVICIO,10,UNKNOWN,0,0.00,0.00,0.00,-39,1,1,"","agencia"
en_pa_us,"eagle shipping agency",AGENCIA,COMERCIAL,SERVICIO,10,UNKNOWN,0,0.00,0.00,0.00,-27,10,1,"","agencia"
en_pa_us,"economou international shipping agencies",AGENCIA,GENERICA,SERVICIO,10,LOW,14,0.00,0.00,0.00,-25,1,1,"","agencia"
en_pa_us,"economou international shipping agencies ltd",AGENCIA,GENERICA,SERVICIO,10,LOW,14,0.00,0.00,0.00,-25,1,1,"","agencia"
en_pa_us,"efnav shipping",OTRO,GENERICA,REVISAR,10,UNKNOWN,0,0.00,0.00,0.00,60,1,1,"","agencia"
en_pa_us,"egyptian international shipping agencies & services",AGENCIA,COMERCIAL,EXCLUIR,10,LOW,0,0.00,0.00,0.00,12,2,1,"","agencia"
en_pa_us,"eisa shipping agency",AGENCIA,COMERCIAL,SERVICIO,10,UNKNOWN,0,0.00,0.00,0.00,-31,10,1,"","agencia"
en_pa_us,"elreedy shipping agency",AGENCIA,COMERCIAL,SERVICIO,10,UNKNOWN,0,0.00,0.00,0.00,-45,3,1,"","agencia"
en_pa_us,"elwin shipping agency",AGENCIA,COMERCIAL,SERVICIO,10,UNKNOWN,0,0.00,0.00,0.00,,3,1,"","agencia"
en_pa_us,"em a shipping agencies",AGENCIA,GENERICA,SERVICIO,10,LOW,0,0.00,0.00,0.00,-63,7,1,"","agencia"
en_pa_us,"em a shipping agencies tracking",AGENCIA,GENERICA,SERVICIO,10,UNKNOWN,0,0.00,0.00,0.00,,4,1,"","agencia"
en_pa_us,"emsa shipping",OTRO,GENERICA,REVISAR,10,UNKNOWN,0,0.00,0.00,0.00,22,4,1,"","agencia"
en_pa_us,"epsilon manning agency",FUERA,COMERCIAL,EXCLUIR,10,LOW,0,0.00,0.00,0.00,-45,3,1,"","agencia"
en_pa_us,"epsilon shipping agency",AGENCIA,COMERCIAL,SERVICIO,10,UNKNOWN,0,0.00,0.00,0.00,-8,2,1,"","agencia"
en_pa_us,"equal marine shipping agency",AGENCIA,COMERCIAL,SERVICIO,10,UNKNOWN,0,0.00,0.00,0.00,-8,8,1,"","agencia"
en_pa_us,"eternity shipping agencies ltd",AGENCIA,GENERICA,SERVICIO,10,UNKNOWN,0,0.00,0.00,0.00,-54,2,1,"","agencia"
en_pa_us,"euromar shipping agency",AGENCIA,COMERCIAL,SERVICIO,10,UNKNOWN,0,0.00,0.00,0.00,-54,1,1,"","agencia"
en_pa_us,"european maritime agency",AGENCIA,COMERCIAL,SERVICIO,10,LOW,0,0.00,0.00,0.00,8,3,1,"","agencia"
en_pa_us,"evergreen shipping agency container tracking",AGENCIA,COMERCIAL,SERVICIO,10,LOW,0,0.00,0.00,0.00,2,1,1,"","agencia"
en_pa_us,"evergreen shipping agency tracking",AGENCIA,COMERCIAL,SERVICIO,10,LOW,0,0.00,0.00,0.00,10,1,1,"","agencia"
en_pa_us,"express delivery agency",FUERA,COMERCIAL,EXCLUIR,10,HIGH,71,0.00,0.00,0.00,-8,1,1,"","agencia"
en_pa_us,"express shipping agency",AGENCIA,COMERCIAL,SERVICIO,10,LOW,29,0.00,0.00,0.00,-8,2,1,"","agencia"
en_pa_us,"facility shipping agency",AGENCIA,COMERCIAL,SERVICIO,10,LOW,21,0.00,0.00,0.00,0,1,1,"","agencia"
en_pa_us,"farasia maritime agencies",AGENCIA,INFORMACIONAL,BLOG_CORE,10,UNKNOWN,0,0.00,0.00,0.00,-39,3,1,"","agencia"
en_pa_us,"fast clearing & forwarding agency",FUERA,COMERCIAL,EXCLUIR,10,UNKNOWN,0,0.00,0.00,0.00,83,7,1,"","agencia"
en_pa_us,"fastmovers shipping agency",AGENCIA,COMERCIAL,SERVICIO,10,LOW,0,0.00,0.00,0.00,22,7,1,"","agencia"
en_pa_us,"feeder shipping agency",AGENCIA,COMERCIAL,SERVICIO,10,UNKNOWN,0,0.00,0.00,0.00,-73,1,1,"","agencia"
en_pa_us,"first shipping agency",AGENCIA,COMERCIAL,SERVICIO,10,LOW,0,0.00,0.00,0.00,450,12,1,"","agencia"
en_pa_us,"fleet management manning agency",FUERA,COMERCIAL,EXCLUIR,10,UNKNOWN,0,0.00,0.00,0.00,-54,3,1,"","agencia"
en_pa_us,"fms maritime agency",AGENCIA,COMERCIAL,SERVICIO,10,LOW,0,0.00,0.00,0.00,83,5,1,"","agencia"
en_pa_us,"freight masters shipping agency limited",AGENCIA,COMERCIAL,SERVICIO,10,LOW,29,0.00,0.00,0.00,18,1,1,"","agencia"
en_pa_us,"friendly island shipping agency",AGENCIA,COMERCIAL,SERVICIO,10,UNKNOWN,0,0.00,0.00,0.00,-8,1,1,"","agencia"
en_pa_us,"gac logistic",CONQUEST,NAVEGACIONAL,CONQUEST,10,UNKNOWN,0,0.00,0.00,0.00,-54,3,1,"","agencia"
en_pa_us,"gac shipping company",CONQUEST,NAVEGACIONAL,CONQUEST,10,LOW,21,0.00,0.00,0.00,-8,7,1,"","agencia url:gac.com"
en_pa_us,"geepee ship management",CONSULT,GENERICA,SERVICIO,10,UNKNOWN,0,0.00,0.00,0.00,,10,1,"","agencia"
en_pa_us,"geepee shipping agencies",AGENCIA,GENERICA,SERVICIO,10,LOW,0,0.00,0.00,0.00,10,1,1,"","agencia"
en_pa_us,"global container agency",AGENCIA,COMERCIAL,SERVICIO,10,MEDIUM,43,0.00,0.00,0.00,-8,6,1,"","agencia"
en_pa_us,"global liner agencies",FUERA,GENERICA,EXCLUIR,10,LOW,0,0.00,0.00,0.00,-22,6,1,"","agencia"
en_pa_us,"global logistics freight services and shipping agencies",AGENCIA,COMERCIAL,SERVICIO,10,UNKNOWN,0,0.00,0.00,0.00,-63,9,1,"","agencia"
en_pa_us,"global maritime agency",AGENCIA,COMERCIAL,SERVICIO,10,LOW,0,0.00,0.00,0.00,-27,6,1,"","agencia"
en_pa_us,"global maritime agency ltd",AGENCIA,COMERCIAL,SERVICIO,10,UNKNOWN,0,0.00,0.00,0.00,83,1,1,"","agencia"
en_pa_us,"global vision shipping agencies",AGENCIA,GENERICA,SERVICIO,10,UNKNOWN,0,0.00,0.00,0.00,-8,5,1,"","agencia"
en_pa_us,"glory shipping agency corp",AGENCIA,COMERCIAL,SERVICIO,10,UNKNOWN,0,0.00,0.00,0.00,-31,1,1,"","agencia"
en_pa_us,"golden orient ship management and agencies inc",AGENCIA,GENERICA,SERVICIO,10,UNKNOWN,0,0.00,0.00,0.00,-39,3,1,"","agencia"
en_pa_us,"goodwill shipping agency",AGENCIA,COMERCIAL,SERVICIO,10,UNKNOWN,0,0.00,0.00,0.00,-54,3,1,"","agencia"
en_pa_us,"great circle shipping agency limited",AGENCIA,COMERCIAL,SERVICIO,10,LOW,0,0.00,0.00,0.00,-8,3,1,"","agencia"
en_pa_us,"green port shipping agency",AGENCIA,COMERCIAL,SERVICIO,10,UNKNOWN,0,0.00,0.00,0.00,,9,1,"","agencia"
en_pa_us,"grindrod ships agency",AGENCIA,COMERCIAL,SERVICIO,10,UNKNOWN,0,0.00,0.00,0.00,-77,1,1,"","agencia"
en_pa_us,"gulf harbor shipping agency",AGENCIA,COMERCIAL,SERVICIO,10,UNKNOWN,0,0.00,0.00,0.00,1,1,1,"","agencia"
en_pa_us,"gulf shipping agency",AGENCIA,COMERCIAL,SERVICIO,10,UNKNOWN,0,0.00,0.00,0.00,-61,3,1,"","agencia"
en_pa_us,"hellas shipping agencies ltd",AGENCIA,GENERICA,SERVICIO,10,UNKNOWN,0,0.00,0.00,0.00,28,4,1,"","agencia"
en_pa_us,"hellenic shipping agency",AGENCIA,COMERCIAL,SERVICIO,10,UNKNOWN,0,0.00,0.00,0.00,38,4,1,"","agencia"
en_pa_us,"horizon shipping agencies",AGENCIA,GENERICA,SERVICIO,10,LOW,0,0.00,0.00,0.00,22,2,1,"","agencia"
en_pa_us,"horizon shipping agencies s pte ltd",AGENCIA,GENERICA,SERVICIO,10,UNKNOWN,0,0.00,0.00,0.00,38,2,1,"","agencia"
en_pa_us,"husbandry agent shipping",AGENCIA,COMERCIAL,SERVICIO,10,UNKNOWN,0,0.00,0.00,0.00,-85,3,1,"","agencia"
en_pa_us,"husbandry services in port agency",AGENCIA,COMERCIAL,SERVICIO,10,UNKNOWN,0,0.00,0.00,0.00,-24,4,1,"","agencia"
en_pa_us,"husbandry services in shipping",AGENCIA,COMERCIAL,SERVICIO,10,LOW,0,0.00,0.00,0.00,-35,1,1,"","agencia url:adimarships.com url:gac.com url:lethagencies.com url:orcashipsagents.com"
en_pa_us,"i want amazon delivery agency",FUERA,COMERCIAL,EXCLUIR,10,UNKNOWN,0,0.00,0.00,0.00,-8,3,1,"","agencia"
en_pa_us,"inc maritime agency",AGENCIA,COMERCIAL,SERVICIO,10,UNKNOWN,0,0.00,0.00,0.00,-8,3,1,"","agencia url:adimarships.com"
en_pa_us,"inchcape agency",CONQUEST,NAVEGACIONAL,CONQUEST,10,LOW,0,0.00,0.00,0.00,0,1,1,"","agencia url:lethagencies.com"
en_pa_us,"inchcape shipping agency",CONQUEST,NAVEGACIONAL,CONQUEST,10,LOW,0,0.00,0.00,0.00,-25,2,1,"","agencia url:lethagencies.com"
en_pa_us,"intermodal shipping agency",AGENCIA,COMERCIAL,SERVICIO,10,UNKNOWN,0,0.00,0.00,0.00,-31,11,1,"","agencia"
en_pa_us,"international clearing & shipping agency",AGENCIA,COMERCIAL,SERVICIO,10,LOW,0,0.00,0.00,0.00,0,1,1,"","agencia"
en_pa_us,"international maritime & shipping ltd",OTRO,INFORMACIONAL,REVISAR,10,UNKNOWN,0,0.00,0.00,0.00,-45,1,1,"","agencia"
en_pa_us,"international maritime and shipping limited",OTRO,INFORMACIONAL,REVISAR,10,UNKNOWN,0,0.00,0.00,0.00,-45,5,1,"","agencia"
en_pa_us,"international shipping agency inc",AGENCIA,COMERCIAL,SERVICIO,10,UNKNOWN,0,0.00,0.00,0.00,-36,1,1,"","agencia"
en_pa_us,"international shipping and clearing agency",AGENCIA,COMERCIAL,SERVICIO,10,LOW,0,0.00,0.00,0.00,0,1,1,"","agencia"
en_pa_us,"interworld shipping agency llc",AGENCIA,COMERCIAL,SERVICIO,10,LOW,0,0.00,0.00,0.00,2,2,1,"","agencia"
en_pa_us,"isa shipping agency",AGENCIA,COMERCIAL,SERVICIO,10,LOW,0,0.00,0.00,0.00,-45,7,1,"","agencia"
en_pa_us,"island shipping agencies",AGENCIA,GENERICA,SERVICIO,10,UNKNOWN,0,0.00,0.00,0.00,,2,1,"","agencia"
en_pa_us,"iss shipping agency",AGENCIA,COMERCIAL,SERVICIO,10,LOW,0,0.00,0.00,0.00,-25,2,1,"","agencia"
en_pa_us,"iva shipping agency",AGENCIA,COMERCIAL,SERVICIO,10,UNKNOWN,0,0.00,0.00,0.00,267,5,1,"","agencia"
en_pa_us,"jnb shipping agencies",AGENCIA,GENERICA,SERVICIO,10,LOW,0,0.00,0.00,0.00,-69,1,1,"","agencia"
en_pa_us,"jphil shipping agency",AGENCIA,COMERCIAL,SERVICIO,10,UNKNOWN,0,0.00,0.00,0.00,83,1,1,"","agencia"
en_pa_us,"jst forwarding & shipping agency",AGENCIA,COMERCIAL,SERVICIO,10,UNKNOWN,0,0.00,0.00,0.00,-8,1,1,"","agencia"
en_pa_us,"kestrel shipping agency",AGENCIA,COMERCIAL,SERVICIO,10,UNKNOWN,0,0.00,0.00,0.00,83,2,1,"","agencia"
en_pa_us,"kl shipping crewing agency",AGENCIA,COMERCIAL,SERVICIO,10,UNKNOWN,0,0.00,0.00,0.00,175,1,1,"","agencia"
en_pa_us,"korpil shipmanagement and manning corp",OTRO,GENERICA,REVISAR,10,LOW,14,0.00,0.00,0.00,102,3,1,"","agencia"
en_pa_us,"leeward shipping agency",AGENCIA,COMERCIAL,SERVICIO,10,LOW,0,0.00,0.00,0.00,-61,6,1,"","agencia"
en_pa_us,"leo shipping agencies pte ltd",AGENCIA,GENERICA,SERVICIO,10,LOW,0,0.00,0.00,0.00,175,12,1,"","agencia"
en_pa_us,"leo shipping agency",AGENCIA,COMERCIAL,SERVICIO,10,UNKNOWN,0,0.00,0.00,0.00,,1,1,"","agencia"
en_pa_us,"libra shipping agency",AGENCIA,COMERCIAL,SERVICIO,10,UNKNOWN,0,0.00,0.00,0.00,,8,1,"","agencia"
en_pa_us,"licensed manning agency",FUERA,COMERCIAL,EXCLUIR,10,UNKNOWN,0,0.00,0.00,0.00,-8,5,1,"","agencia"
en_pa_us,"liner agent in shipping",AGENCIA,COMERCIAL,SERVICIO,10,UNKNOWN,0,0.00,0.00,0.00,-54,2,1,"","agencia url:adimarships.com url:orcashipsagents.com"
en_pa_us,"list of maritime agency",AGENCIA,COMERCIAL,SERVICIO,10,UNKNOWN,0,0.00,0.00,0.00,-35,9,1,"","agencia"
en_pa_us,"lng crewing agency",AGENCIA,COMERCIAL,SERVICIO,10,UNKNOWN,0,0.00,0.00,0.00,-77,3,1,"","agencia"
en_pa_us,"lotus marine shipping agency",AGENCIA,COMERCIAL,SERVICIO,10,UNKNOWN,0,0.00,0.00,0.00,-87,1,1,"","agencia"
en_pa_us,"lotus shipping agency",AGENCIA,COMERCIAL,SERVICIO,10,UNKNOWN,0,0.00,0.00,0.00,-45,11,1,"","agencia"
en_pa_us,"lotus shipping company",CONSULT,COMERCIAL,SERVICIO,10,LOW,0,0.00,0.00,0.00,83,2,1,"","agencia"
en_pa_us,"lt marine shipping agency",AGENCIA,COMERCIAL,SERVICIO,10,UNKNOWN,0,0.00,0.00,0.00,-39,5,1,"","agencia"
en_pa_us,"maersk shipping agency",AGENCIA,COMERCIAL,SERVICIO,10,UNKNOWN,0,0.00,0.00,0.00,10,2,1,"","agencia"
en_pa_us,"magsaysay shipping agency",AGENCIA,COMERCIAL,SERVICIO,10,UNKNOWN,0,0.00,0.00,0.00,-39,3,1,"","agencia"
en_pa_us,"main marine shipping agency",AGENCIA,COMERCIAL,SERVICIO,10,UNKNOWN,0,0.00,0.00,0.00,-8,1,1,"","agencia"
en_pa_us,"maine marine shipping agency",AGENCIA,COMERCIAL,SERVICIO,10,UNKNOWN,0,0.00,0.00,0.00,-8,3,1,"","agencia"
en_pa_us,"maltrans shipping agencies",AGENCIA,GENERICA,SERVICIO,10,LOW,14,0.00,0.00,0.00,-31,7,1,"","agencia"
en_pa_us,"man shipping agencies inc",AGENCIA,GENERICA,SERVICIO,10,LOW,0,0.00,0.00,0.00,-39,7,1,"","agencia"
en_pa_us,"manning agency for seafarers",FUERA,COMERCIAL,EXCLUIR,10,LOW,0,0.00,0.00,0.00,-25,1,1,"","agencia"
en_pa_us,"manning agency near me",FUERA,COMERCIAL,EXCLUIR,10,LOW,0,0.00,0.00,0.00,31,1,1,"","agencia"
en_pa_us,"manning agency shipping",AGENCIA,COMERCIAL,SERVICIO,10,UNKNOWN,0,0.00,0.00,0.00,-69,2,1,"","agencia"
en_pa_us,"maria shipping agency",AGENCIA,COMERCIAL,SERVICIO,10,LOW,0,0.00,0.00,0.00,-31,7,1,"","agencia"
en_pa_us,"marine agency services ltd",AGENCIA,COMERCIAL,SERVICIO,10,LOW,0,0.00,0.00,0.00,-59,4,1,"","agencia"
en_pa_us,"marine shipping agency",AGENCIA,COMERCIAL,SERVICIO,10,LOW,0,0.00,0.00,0.00,-24,5,1,"","agencia url:gac.com url:orcashipsagents.com"
en_pa_us,"mariners shipping agency",AGENCIA,COMERCIAL,SERVICIO,10,LOW,0,0.00,0.00,0.00,-33,3,1,"","agencia"
en_pa_us,"mariners shipping agency sa",AGENCIA,COMERCIAL,SERVICIO,10,UNKNOWN,0,0.00,0.00,0.00,-17,1,1,"","agencia"
en_pa_us,"marita shipping agency",AGENCIA,COMERCIAL,SERVICIO,10,UNKNOWN,0,0.00,0.00,0.00,-77,6,1,"","agencia"
en_pa_us,"maritime agency services",AGENCIA,COMERCIAL,SERVICIO,10,LOW,0,0.00,0.00,0.00,-17,1,1,"","agencia url:adimarships.com url:gac.com url:lethagencies.com url:orcashipsagents.com"
en_pa_us,"maritime manning agency",AGENCIA,COMERCIAL,SERVICIO,10,LOW,0,0.00,0.00,0.00,106,1,1,"","agencia url:orcashipsagents.com"
en_pa_us,"maritime shipping agency",AGENCIA,COMERCIAL,SERVICIO,10,LOW,20,0.00,0.00,0.00,-27,1,2,"maritime shipping agencies","url:gac.com"
en_pa_us,"maritime transport & agencies",AGENCIA,INFORMACIONAL,BLOG_CORE,10,LOW,0,0.00,0.00,0.00,-42,2,1,"","agencia"
en_pa_us,"marmedsa noatum shipping agency",AGENCIA,COMERCIAL,SERVICIO,10,LOW,0,0.00,0.00,0.00,10,2,1,"","agencia"
en_pa_us,"matagumpay shipping agency",AGENCIA,COMERCIAL,SERVICIO,10,UNKNOWN,0,0.00,0.00,0.00,-8,5,1,"","agencia"
en_pa_us,"max shipping agency",AGENCIA,COMERCIAL,SERVICIO,10,LOW,0,0.00,0.00,0.00,0,1,1,"","agencia"
en_pa_us,"mediterranean shipping agency",AGENCIA,COMERCIAL,SERVICIO,10,UNKNOWN,0,0.00,0.00,0.00,-54,9,1,"","agencia"
en_pa_us,"merchant navy placement company",OTRO,COMERCIAL,REVISAR,10,UNKNOWN,0,0.00,0.00,0.00,-54,3,1,"","agencia"
en_pa_us,"michael mar shipping agency",AGENCIA,COMERCIAL,SERVICIO,10,LOW,0,0.00,0.00,0.00,-31,1,1,"","agencia"
en_pa_us,"modern shipping agencies",AGENCIA,GENERICA,SERVICIO,10,UNKNOWN,0,0.00,0.00,0.00,175,1,1,"","agencia"
en_pa_us,"monson shipping agency",AGENCIA,COMERCIAL,SERVICIO,10,UNKNOWN,0,0.00,0.00,0.00,-31,2,1,"","agencia"
en_pa_us,"mr shipping agency",AGENCIA,COMERCIAL,SERVICIO,10,LOW,0,0.00,0.00,0.00,114,2,1,"","agencia"
en_pa_us,"ms shipping agency",AGENCIA,COMERCIAL,SERVICIO,10,LOW,0,0.00,0.00,0.00,450,1,1,"","agencia"
en_pa_us,"msc agency container tracking",AGENCIA,COMERCIAL,SERVICIO,10,LOW,0,0.00,0.00,0.00,-39,3,1,"","agencia"
en_pa_us,"msc crewing agency",AGENCIA,COMERCIAL,SERVICIO,10,UNKNOWN,0,0.00,0.00,0.00,-69,3,1,"","agencia"
en_pa_us,"national clearing and forwarding agency",FUERA,COMERCIAL,EXCLUIR,10,UNKNOWN,0,0.00,0.00,0.00,175,3,1,"","agencia"
en_pa_us,"national shipping agency",AGENCIA,COMERCIAL,SERVICIO,10,LOW,18,0.00,0.00,0.00,-21,1,1,"","agencia"
en_pa_us,"national shipping gulf agency",AGENCIA,COMERCIAL,SERVICIO,10,UNKNOWN,0,0.00,0.00,0.00,-54,2,1,"","agencia"
en_pa_us,"nautical shipping agencies",AGENCIA,GENERICA,SERVICIO,10,UNKNOWN,0,0.00,0.00,0.00,-69,3,1,"","agencia"
en_pa_us,"nautilus shipping agency ltd",AGENCIA,COMERCIAL,SERVICIO,10,UNKNOWN,0,0.00,0.00,0.00,-54,11,1,"","agencia"
en_pa_us,"navitramp freight agency limited",FUERA,COMERCIAL,EXCLUIR,10,LOW,0,0.00,0.00,0.00,-61,1,1,"","agencia"
en_pa_us,"neptune ship agency pte ltd",AGENCIA,COMERCIAL,SERVICIO,10,UNKNOWN,0,0.00,0.00,0.00,175,4,1,"","agencia"
en_pa_us,"next maritime agency",AGENCIA,COMERCIAL,SERVICIO,10,LOW,0,0.00,0.00,0.00,-8,2,1,"","agencia"
en_pa_us,"norseman shipping agency",AGENCIA,COMERCIAL,SERVICIO,10,UNKNOWN,0,0.00,0.00,0.00,-54,1,1,"","agencia"
en_pa_us,"nova shipping agency",AGENCIA,COMERCIAL,SERVICIO,10,UNKNOWN,0,0.00,0.00,0.00,-33,1,1,"","agencia"
en_pa_us,"nvocc agency",FUERA,COMERCIAL,EXCLUIR,10,HIGH,81,119308.20,22725.99,84066.88,-16,3,1,"","agencia"
en_pa_us,"ocean and general maritime agencies ltd",AGENCIA,INFORMACIONAL,BLOG_CORE,10,LOW,0,0.00,0.00,0.00,-63,1,1,"","agencia"
en_pa_us,"ocean shipping agency",AGENCIA,COMERCIAL,SERVICIO,10,MEDIUM,33,0.00,0.00,0.00,-8,1,1,"","agencia"
en_pa_us,"ocean star shipping agency",AGENCIA,COMERCIAL,SERVICIO,10,UNKNOWN,0,0.00,0.00,0.00,-87,4,1,"","agencia"
en_pa_us,"ocean wave maritime agency",AGENCIA,COMERCIAL,SERVICIO,10,UNKNOWN,0,0.00,0.00,0.00,267,2,1,"","agencia"
en_pa_us,"offshore maritime companies",STS_OFFSHORE,INFORMACIONAL,BLOG_CORE,10,HIGH,71,0.00,0.00,0.00,0,1,1,"","agencia"
en_pa_us,"one shipping agency",AGENCIA,COMERCIAL,SERVICIO,10,UNKNOWN,0,0.00,0.00,0.00,-39,10,1,"","agencia"
en_pa_us,"orient shipping agency",AGENCIA,COMERCIAL,SERVICIO,10,LOW,0,0.00,0.00,0.00,3,3,1,"","agencia"
en_pa_us,"osm maritime agency",AGENCIA,COMERCIAL,SERVICIO,10,LOW,0,0.00,0.00,0.00,0,1,1,"","agencia"
en_pa_us,"osm shipping agency",AGENCIA,COMERCIAL,SERVICIO,10,UNKNOWN,0,0.00,0.00,0.00,-54,3,1,"","agencia"
en_pa_us,"owner protective agent in shipping",AGENCIA,COMERCIAL,SERVICIO,10,UNKNOWN,0,0.00,0.00,0.00,267,1,1,"","agencia"
en_pa_us,"pacific manning agency",FUERA,COMERCIAL,EXCLUIR,10,LOW,0,0.00,0.00,0.00,-8,1,1,"","agencia"
en_pa_us,"pacific shipping agency",CONQUEST,NAVEGACIONAL,CONQUEST,10,UNKNOWN,0,0.00,0.00,0.00,-8,3,1,"","agencia"
en_pa_us,"pacific star shipping agency",AGENCIA,COMERCIAL,SERVICIO,10,UNKNOWN,0,0.00,0.00,0.00,-59,4,1,"","agencia"
en_pa_us,"panama canal line handlers",INFO_CANAL,INFORMACIONAL,BLOG_GENERAL,10,UNKNOWN,0,0.00,0.00,0.00,-8,4,1,"","agencia"
en_pa_us,"panama canal pre booking",AGENCIA,COMERCIAL,SERVICIO_PANAMA,10,UNKNOWN,0,0.00,0.00,0.00,-54,3,1,"","agencia"
en_pa_us,"panama canal reservation",INFO_CANAL,INFORMACIONAL,BLOG_CORE,10,HIGH,71,5523.49,0.00,0.00,-88,10,1,"","agencia info"
en_pa_us,"pasat crewing agency",AGENCIA,COMERCIAL,SERVICIO,10,LOW,0,0.00,0.00,0.00,450,7,1,"","agencia"
en_pa_us,"passat shipping agency",AGENCIA,COMERCIAL,SERVICIO,10,UNKNOWN,0,0.00,0.00,0.00,-54,3,1,"","agencia"
en_pa_us,"petromar shipping agency",AGENCIA,COMERCIAL,SERVICIO,10,UNKNOWN,0,0.00,0.00,0.00,-54,6,1,"","agencia"
en_pa_us,"philippians international shipping agency inc",AGENCIA,COMERCIAL,SERVICIO,10,LOW,0,0.00,0.00,0.00,-8,2,1,"","agencia"
en_pa_us,"philippians shipping company",CONSULT,COMERCIAL,SERVICIO,10,UNKNOWN,0,0.00,0.00,0.00,,1,1,"","agencia"
en_pa_us,"phoenix global shipping agency",AGENCIA,COMERCIAL,SERVICIO,10,UNKNOWN,0,0.00,0.00,0.00,-8,8,1,"","agencia"
en_pa_us,"phoenix shipping agency",AGENCIA,COMERCIAL,SERVICIO,10,UNKNOWN,0,0.00,0.00,0.00,-39,2,1,"","agencia"
en_pa_us,"pomi shipping agency",AGENCIA,COMERCIAL,SERVICIO,10,UNKNOWN,0,0.00,0.00,0.00,-39,11,1,"","agencia"
en_pa_us,"port clearing agents",AGENCIA,COMERCIAL,SERVICIO,10,LOW,19,0.00,0.00,0.00,1,1,1,"","agencia"
en_pa_us,"portlimits shipping agency corp",AGENCIA,COMERCIAL,SERVICIO,10,UNKNOWN,0,0.00,0.00,0.00,83,12,1,"","agencia"
en_pa_us,"poseidon crewing agency",AGENCIA,COMERCIAL,SERVICIO,10,UNKNOWN,0,0.00,0.00,0.00,,8,1,"","agencia"
en_pa_us,"poseidon maritime agency",AGENCIA,COMERCIAL,SERVICIO,10,LOW,0,0.00,0.00,0.00,175,3,1,"","agencia"
en_pa_us,"poseidon shipping agency",AGENCIA,COMERCIAL,SERVICIO,10,UNKNOWN,0,0.00,0.00,0.00,-27,5,1,"","agencia"
en_pa_us,"prime marine shipping agency",AGENCIA,COMERCIAL,SERVICIO,10,UNKNOWN,0,0.00,0.00,0.00,-54,3,1,"","agencia"
en_pa_us,"prime shipping agency",AGENCIA,COMERCIAL,SERVICIO,10,LOW,0,0.00,0.00,0.00,-17,2,1,"","agencia"
en_pa_us,"prime shipping agency llc",AGENCIA,COMERCIAL,SERVICIO,10,LOW,0,0.00,0.00,0.00,-17,1,1,"","agencia"
en_pa_us,"progressive shipping agency",AGENCIA,COMERCIAL,SERVICIO,10,UNKNOWN,0,0.00,0.00,0.00,-45,4,1,"","agencia"
en_pa_us,"promar shipping agency",AGENCIA,COMERCIAL,SERVICIO,10,LOW,0,0.00,0.00,0.00,1,1,1,"","agencia"
en_pa_us,"protective agent shipping",AGENCIA,COMERCIAL,SERVICIO,10,LOW,0,0.00,0.00,0.00,-61,1,1,"","agencia"
en_pa_us,"queen of the ocean shipping corp manning agency",AGENCIA,COMERCIAL,SERVICIO,10,LOW,0,0.00,0.00,0.00,,6,1,"","agencia"
en_pa_us,"raj shipping agencies limited",AGENCIA,GENERICA,SERVICIO,10,UNKNOWN,0,0.00,0.00,0.00,-77,1,1,"","agencia"
en_pa_us,"raj shipping agency",AGENCIA,COMERCIAL,SERVICIO,10,LOW,7,0.00,0.00,0.00,-17,1,1,"","agencia"
en_pa_us,"raj shipping company",CONSULT,COMERCIAL,SERVICIO,10,LOW,0,0.00,0.00,0.00,358,11,1,"","agencia"
en_pa_us,"rajsons shipping agency",AGENCIA,COMERCIAL,SERVICIO,10,LOW,0,0.00,0.00,0.00,53,7,1,"","agencia"
en_pa_us,"ram shipping agency",AGENCIA,COMERCIAL,SERVICIO,10,UNKNOWN,0,0.00,0.00,0.00,,12,1,"","agencia"
en_pa_us,"red eagle shipping agencies",AGENCIA,GENERICA,SERVICIO,10,UNKNOWN,0,0.00,0.00,0.00,-8,3,1,"","agencia"
en_pa_us,"red sea shipping agencies llc",AGENCIA,GENERICA,SERVICIO,10,LOW,3,0.00,0.00,0.00,-35,2,1,"","agencia"
en_pa_us,"redmar shipping agency",AGENCIA,COMERCIAL,SERVICIO,10,UNKNOWN,0,0.00,0.00,0.00,38,12,1,"","agencia"
en_pa_us,"reham shipping agency",AGENCIA,COMERCIAL,SERVICIO,10,LOW,0,0.00,0.00,0.00,,7,1,"","agencia"
en_pa_us,"reham shipping agency llc",AGENCIA,COMERCIAL,SERVICIO,10,LOW,0,0.00,0.00,0.00,-20,3,1,"","agencia"
en_pa_us,"reign marine shipping agency",AGENCIA,COMERCIAL,SERVICIO,10,LOW,0,0.00,0.00,0.00,-29,1,1,"","agencia"
en_pa_us,"relay shipping agency ltd",AGENCIA,COMERCIAL,SERVICIO,10,UNKNOWN,0,0.00,0.00,0.00,-69,2,1,"","agencia"
en_pa_us,"rennies ships agency pty ltd",AGENCIA,COMERCIAL,SERVICIO,10,LOW,0,0.00,0.00,0.00,0,1,1,"","agencia"
en_pa_us,"revelle shipping agency",AGENCIA,COMERCIAL,SERVICIO,10,LOW,7,0.00,0.00,0.00,8,10,1,"","agencia"
en_pa_us,"riley sherman shipping agency inc",AGENCIA,COMERCIAL,SERVICIO,10,LOW,0,0.00,0.00,0.00,0,1,1,"","agencia"
en_pa_us,"scandia shipping agencies inc",AGENCIA,GENERICA,SERVICIO,10,UNKNOWN,0,0.00,0.00,0.00,-48,1,1,"","agencia"
en_pa_us,"scanmar shipping agency",AGENCIA,COMERCIAL,SERVICIO,10,UNKNOWN,0,0.00,0.00,0.00,-54,4,1,"","agencia"
en_pa_us,"sea cargo agencies",AGENCIA,GENERICA,SERVICIO,10,UNKNOWN,0,0.00,0.00,0.00,-29,1,1,"","agencia"
en_pa_us,"sea freight shipping agency",AGENCIA,COMERCIAL,SERVICIO,10,UNKNOWN,0,0.00,0.00,0.00,15,3,1,"","agencia"
en_pa_us,"sea glory shipping agencies",AGENCIA,GENERICA,SERVICIO,10,LOW,0,0.00,0.00,0.00,129,7,1,"","agencia"
en_pa_us,"sea marine shipping agencies",AGENCIA,GENERICA,SERVICIO,10,UNKNOWN,0,0.00,0.00,0.00,-54,3,1,"","agencia"
en_pa_us,"sea power shipping agency",AGENCIA,COMERCIAL,SERVICIO,10,UNKNOWN,0,0.00,0.00,0.00,175,1,1,"","agencia"
en_pa_us,"seaboard shipping agency",AGENCIA,COMERCIAL,SERVICIO,10,UNKNOWN,0,0.00,0.00,0.00,175,1,1,"","agencia"
en_pa_us,"seafarer shipping agency",AGENCIA,COMERCIAL,SERVICIO,10,LOW,0,0.00,0.00,0.00,-8,1,1,"","agencia"
en_pa_us,"seafarers shipping agency inc manning agency",AGENCIA,COMERCIAL,SERVICIO,10,LOW,0,0.00,0.00,0.00,65,2,1,"","agencia"
en_pa_us,"seafreight agencies inc",FUERA,GENERICA,EXCLUIR,10,LOW,5,0.00,0.00,0.00,53,10,1,"","agencia"
en_pa_us,"seagull clearing forwarding",OTRO,GENERICA,REVISAR,10,UNKNOWN,0,0.00,0.00,0.00,,8,1,"","agencia"
en_pa_us,"seascope shipping agency ltd",AGENCIA,COMERCIAL,SERVICIO,10,LOW,0,0.00,0.00,0.00,-31,11,1,"","agencia"
en_pa_us,"seaways maritime agency",AGENCIA,COMERCIAL,SERVICIO,10,UNKNOWN,0,0.00,0.00,0.00,-8,3,1,"","agencia"
en_pa_us,"senwa maritime agency ltd",AGENCIA,COMERCIAL,SERVICIO,10,UNKNOWN,0,0.00,0.00,0.00,267,5,1,"","agencia"
en_pa_us,"seven seas maritime agencies",AGENCIA,INFORMACIONAL,BLOG_CORE,10,UNKNOWN,0,0.00,0.00,0.00,,1,1,"","agencia"
en_pa_us,"seven seas shipping agencies ltd",AGENCIA,GENERICA,SERVICIO,10,UNKNOWN,0,0.00,0.00,0.00,-8,2,1,"","agencia"
en_pa_us,"seven seas shipping agency",AGENCIA,COMERCIAL,SERVICIO,10,UNKNOWN,0,0.00,0.00,0.00,-17,1,1,"","agencia"
en_pa_us,"ship agency husbandry services",AGENCIA,COMERCIAL,SERVICIO,10,UNKNOWN,0,0.00,0.00,0.00,-29,1,1,"","agencia url:adimarships.com url:orcashipsagents.com"
en_pa_us,"ship agency services pty ltd",AGENCIA,COMERCIAL,SERVICIO,10,UNKNOWN,0,0.00,0.00,0.00,-82,2,1,"","agencia"
en_pa_us,"ship crew agencies",AGENCIA,GENERICA,SERVICIO,10,LOW,0,0.00,0.00,0.00,83,5,1,"","agencia"
en_pa_us,"ship husbandry companies",AGENCIA,GENERICA,SERVICIO,10,UNKNOWN,0,0.00,0.00,0.00,7,1,1,"","agencia"
en_pa_us,"ship manning agency",AGENCIA,COMERCIAL,SERVICIO,10,LOW,0,0.00,0.00,0.00,-42,2,1,"","agencia url:gac.com url:orcashipsagents.com"
en_pa_us,"ship manning companies",OTRO,GENERICA,REVISAR,10,MEDIUM,57,0.00,0.00,0.00,-82,2,1,"","agencia"
en_pa_us,"shipping agency department",AGENCIA,COMERCIAL,SERVICIO,10,UNKNOWN,0,0.00,0.00,0.00,-80,1,1,"","agencia url:orcashipsagents.com"
en_pa_us,"shipping companies & agents",AGENCIA,COMERCIAL,SERVICIO,10,HIGH,69,0.00,0.00,0.00,-69,5,1,"","agencia"
en_pa_us,"shipping crew manning companies",OTRO,GENERICA,REVISAR,10,UNKNOWN,0,0.00,0.00,0.00,-63,9,1,"","agencia"
en_pa_us,"sin chiao shipping agency pte ltd",AGENCIA,COMERCIAL,SERVICIO,10,UNKNOWN,0,0.00,0.00,0.00,-77,2,1,"","agencia"
en_pa_us,"singa shipping agency",AGENCIA,COMERCIAL,SERVICIO,10,UNKNOWN,0,0.00,0.00,0.00,-69,1,1,"","agencia"
en_pa_us,"singapore shipping agencies pte ltd",AGENCIA,GENERICA,SERVICIO,10,LOW,0,0.00,0.00,0.00,-8,2,1,"","agencia"
en_pa_us,"sky shipping agency",AGENCIA,COMERCIAL,SERVICIO,10,HIGH,71,26737.34,0.00,0.00,10,3,1,"","agencia"
en_pa_us,"sky shipping agency sa",AGENCIA,COMERCIAL,SERVICIO,10,UNKNOWN,0,0.00,0.00,0.00,,1,1,"","agencia"
en_pa_us,"socar shipping tracking",OTRO,GENERICA,EXCLUIR,10,UNKNOWN,0,0.00,0.00,0.00,,3,1,"","agencia"
en_pa_us,"southbond shipping agency ltd",AGENCIA,COMERCIAL,SERVICIO,10,UNKNOWN,0,0.00,0.00,0.00,-54,1,1,"","agencia"
en_pa_us,"southfield maritime agency",AGENCIA,COMERCIAL,SERVICIO,10,LOW,0,0.00,0.00,0.00,450,2,1,"","agencia"
en_pa_us,"southfield shipping agency",AGENCIA,COMERCIAL,SERVICIO,10,LOW,0,0.00,0.00,0.00,-8,2,1,"","agencia"
en_pa_us,"spectrum maritime agency",AGENCIA,COMERCIAL,SERVICIO,10,UNKNOWN,0,0.00,0.00,0.00,,1,1,"","agencia"
en_pa_us,"spectrum shipping agency",AGENCIA,COMERCIAL,SERVICIO,10,UNKNOWN,0,0.00,0.00,0.00,-82,2,1,"","agencia"
en_pa_us,"ss shipping agencies",AGENCIA,GENERICA,SERVICIO,10,UNKNOWN,0,0.00,0.00,0.00,,4,1,"","agencia"
en_pa_us,"star ocean manning agency",FUERA,COMERCIAL,EXCLUIR,10,LOW,0,0.00,0.00,0.00,22,2,1,"","agencia"
en_pa_us,"steamship agency",AGENCIA,COMERCIAL,SERVICIO,10,LOW,2,0.00,0.00,0.00,0,1,1,"","agencia"
en_pa_us,"straits link ship agencies & management pte ltd",AGENCIA,GENERICA,SERVICIO,10,LOW,17,929.73,0.00,0.00,83,3,1,"","agencia"
en_pa_us,"streamline shipping agencies",AGENCIA,GENERICA,SERVICIO,10,LOW,0,0.00,0.00,0.00,15,7,1,"","agencia"
en_pa_us,"streamline shipping agencies ltd",AGENCIA,GENERICA,SERVICIO,10,UNKNOWN,0,0.00,0.00,0.00,-69,3,1,"","agencia"
en_pa_us,"sullivan shipping agencies ltd",AGENCIA,GENERICA,SERVICIO,10,UNKNOWN,0,0.00,0.00,0.00,22,5,1,"","agencia"
en_pa_us,"sun impex clearing and shipping agency",AGENCIA,COMERCIAL,SERVICIO,10,UNKNOWN,0,0.00,0.00,0.00,175,1,1,"","agencia"
en_pa_us,"tankers vessel agency",AGENCIA,COMERCIAL,SERVICIO,10,UNKNOWN,0,0.00,0.00,0.00,-45,1,1,"","agencia url:orcashipsagents.com"
en_pa_us,"tech marine crewing agency",AGENCIA,COMERCIAL,SERVICIO,10,LOW,0,0.00,0.00,0.00,-27,2,1,"","agencia"
en_pa_us,"transglobal shipping agency",AGENCIA,COMERCIAL,SERVICIO,10,UNKNOWN,0,0.00,0.00,0.00,817,3,1,"","agencia"
en_pa_us,"troy shipping agency",AGENCIA,COMERCIAL,SERVICIO,10,HIGH,71,0.00,0.00,0.00,7,2,1,"","agencia"
en_pa_us,"un cargo shipping agency",AGENCIA,COMERCIAL,SERVICIO,10,LOW,10,0.00,0.00,0.00,-48,3,1,"","agencia"
en_pa_us,"un shipping agency",AGENCIA,COMERCIAL,SERVICIO,10,LOW,16,0.00,32678.51,78686.18,17,6,1,"","agencia"
en_pa_us,"unimor shipping agency",AGENCIA,COMERCIAL,SERVICIO,10,LOW,0,0.00,0.00,0.00,53,5,1,"","agencia"
en_pa_us,"united arab shipping agency company",AGENCIA,COMERCIAL,SERVICIO,10,MEDIUM,43,195945.84,0.00,0.00,-31,1,1,"","agencia"
en_pa_us,"united liner agency",FUERA,COMERCIAL,EXCLUIR,10,UNKNOWN,0,0.00,0.00,0.00,-8,10,1,"","agencia"
en_pa_us,"united shipping agency",AGENCIA,COMERCIAL,SERVICIO,10,LOW,24,0.00,0.00,0.00,22,1,1,"","agencia"
en_pa_us,"universal shipping agency sa",AGENCIA,COMERCIAL,SERVICIO,10,LOW,0,0.00,0.00,0.00,38,2,1,"","agencia"
en_pa_us,"upl manning agency",FUERA,COMERCIAL,EXCLUIR,10,LOW,0,0.00,0.00,0.00,3,2,1,"","agencia"
en_pa_us,"upl shipping agency",AGENCIA,COMERCIAL,SERVICIO,10,UNKNOWN,0,0.00,0.00,0.00,-45,1,1,"","agencia"
en_pa_us,"ups shipping agency",AGENCIA,COMERCIAL,EXCLUIR,10,MEDIUM,36,0.00,0.00,0.00,45,8,1,"","agencia"
en_pa_us,"v ship agency",AGENCIA,COMERCIAL,SERVICIO,10,UNKNOWN,0,0.00,0.00,0.00,7,1,1,"","agencia"
en_pa_us,"v ship manning agency",AGENCIA,COMERCIAL,SERVICIO,10,LOW,0,0.00,0.00,0.00,144,3,1,"","agencia"
en_pa_us,"v ships crewing agency",AGENCIA,COMERCIAL,SERVICIO,10,UNKNOWN,0,0.00,0.00,0.00,22,3,1,"","agencia"
en_pa_us,"vessel agency services",AGENCIA,COMERCIAL,SERVICIO,10,LOW,0,0.00,0.00,0.00,-74,1,1,"","agencia url:adimarships.com url:gac.com url:lethagencies.com url:orcashipsagents.com"
en_pa_us,"vessel husbandry services",AGENCIA,COMERCIAL,SERVICIO,10,UNKNOWN,0,0.00,0.00,0.00,-22,1,1,"","agencia url:adimarships.com url:orcashipsagents.com"
en_pa_us,"vikings shipping agency",AGENCIA,COMERCIAL,SERVICIO,10,UNKNOWN,0,0.00,0.00,0.00,-8,2,1,"","agencia"
en_pa_us,"vinayak shipping agencies",AGENCIA,GENERICA,SERVICIO,10,UNKNOWN,0,0.00,0.00,0.00,152,1,1,"","agencia"
en_pa_us,"vision freight shipping & agencies",AGENCIA,GENERICA,SERVICIO,10,UNKNOWN,0,0.00,0.00,0.00,-8,12,1,"","agencia"
en_pa_us,"wasit shipping agencies llc",AGENCIA,GENERICA,SERVICIO,10,UNKNOWN,0,0.00,0.00,0.00,-8,9,1,"","agencia"
en_pa_us,"waterfront shipping agency",AGENCIA,COMERCIAL,SERVICIO,10,LOW,0,0.00,0.00,0.00,-18,3,1,"","agencia"
en_pa_us,"waypoint shipping agency",AGENCIA,COMERCIAL,SERVICIO,10,LOW,0,0.00,0.00,0.00,-48,2,1,"","agencia"
en_pa_us,"wbl shipping agency",AGENCIA,COMERCIAL,SERVICIO,10,UNKNOWN,0,0.00,0.00,0.00,-43,1,1,"","agencia"
en_pa_us,"wells shipping agency",AGENCIA,COMERCIAL,SERVICIO,10,LOW,0,0.00,0.00,0.00,-8,1,1,"","agencia"
en_pa_us,"west oceanic shipping agencies",AGENCIA,GENERICA,SERVICIO,10,UNKNOWN,0,0.00,0.00,0.00,83,2,1,"","agencia"
en_pa_us,"west oceanic shipping agencies llc",AGENCIA,GENERICA,SERVICIO,10,UNKNOWN,0,0.00,0.00,0.00,-27,9,1,"","agencia"
en_pa_us,"western shipping agency",AGENCIA,COMERCIAL,SERVICIO,10,LOW,25,0.00,0.00,0.00,31,1,1,"","agencia"
en_pa_us,"wilhelmsen agency",CONQUEST,NAVEGACIONAL,CONQUEST,10,LOW,2,0.00,0.00,0.00,0,1,1,"","agencia"
en_pa_us,"wilhelmsen ship agency",CONQUEST,NAVEGACIONAL,CONQUEST,10,LOW,2,0.00,0.00,0.00,0,1,1,"","agencia"
en_pa_us,"wilhelmsen ships service ships agency",CONQUEST,NAVEGACIONAL,CONQUEST,10,UNKNOWN,0,0.00,0.00,0.00,-77,1,1,"","agencia"
en_pa_us,"wilmar shipping agency llc",AGENCIA,COMERCIAL,SERVICIO,10,UNKNOWN,0,0.00,0.00,0.00,38,3,1,"","agencia"
en_pa_us,"world freight agencies nv",FUERA,GENERICA,EXCLUIR,10,LOW,0,0.00,0.00,0.00,-31,3,1,"","agencia"
en_pa_us,"world golden sea shipping agency llc",AGENCIA,COMERCIAL,SERVICIO,10,UNKNOWN,0,0.00,0.00,0.00,175,2,1,"","agencia"
en_pa_us,"world maritime agency",AGENCIA,COMERCIAL,SERVICIO,10,LOW,0,0.00,0.00,0.00,12,1,1,"","agencia"
en_pa_us,"world shipping agencies",AGENCIA,GENERICA,SERVICIO,10,UNKNOWN,0,0.00,0.00,0.00,-18,1,1,"","agencia"
en_pa_us,"worldwide delivery agency",FUERA,COMERCIAL,EXCLUIR,10,UNKNOWN,0,0.00,0.00,0.00,-33,9,1,"","agencia"
en_pa_us,"yialos manning agency",FUERA,COMERCIAL,EXCLUIR,10,LOW,0,0.00,0.00,0.00,144,5,1,"","agencia"
en_pa_us,"yialos shipping company",CONSULT,COMERCIAL,SERVICIO,10,LOW,0,0.00,0.00,0.00,-8,3,1,"","agencia"
en_pa_us,"zaf shipping lines agents llc",AGENCIA,COMERCIAL,SERVICIO,10,UNKNOWN,0,0.00,0.00,0.00,-39,3,1,"","agencia"
en_pa_us,"zim integrated shipping agencies",AGENCIA,INFORMACIONAL,BLOG_CORE,10,UNKNOWN,0,0.00,0.00,0.00,358,3,1,"","agencia"
en_pa_us,"bunkering panama",BUNKER,COMERCIAL,SERVICIO_PANAMA,10,LOW,10,3684.66,0.00,0.00,-51,3,1,"","bunker url:orcashipsagents.com"
en_pa_us,"marine fuel panama",BUNKER,COMERCIAL,SERVICIO_PANAMA,10,UNKNOWN,0,0.00,0.00,0.00,-42,2,1,"","bunker"
en_pa_us,"bunker fuel panama",BUNKER,COMERCIAL,SERVICIO_PANAMA,10,LOW,0,0.00,0.00,0.00,-25,3,1,"","bunker"
en_pa_us,"mgo panama",BUNKER,COMERCIAL,SERVICIO_PANAMA,10,LOW,0,0.00,0.00,0.00,0,1,1,"","bunker"
en_pa_us,"bunker claims",BUNKER,GENERICA,SERVICIO,10,UNKNOWN,0,0.00,0.00,0.00,-69,9,1,"","bunker"
en_pa_us,"on hire bunker survey",BUNKER,GENERICA,SERVICIO,10,UNKNOWN,0,0.00,0.00,0.00,22,3,1,"","bunker survey"
en_pa_us,"off hire bunker survey",BUNKER,GENERICA,SERVICIO,10,UNKNOWN,0,0.00,0.00,0.00,-43,1,1,"","bunker survey"
en_pa_us,"221b bunker survey",BUNKER,GENERICA,SERVICIO,10,UNKNOWN,0,0.00,0.00,0.00,10,2,1,"","bunker"
en_pa_us,"bqs survey",FUERA,GENERICA,EXCLUIR,10,LOW,0,0.00,0.00,0.00,-8,1,1,"","bunker"
en_pa_us,"bunker delivery",BUNKER,GENERICA,SERVICIO,10,LOW,0,0.00,0.00,0.00,-52,4,1,"","bunker"
en_pa_us,"bunker delivery note sample",BUNKER,GENERICA,SERVICIO,10,LOW,0,0.00,0.00,0.00,26,1,1,"","bunker"
en_pa_us,"bunker delivery note sample pdf",BUNKER,GENERICA,EXCLUIR,10,UNKNOWN,0,0.00,0.00,0.00,-36,1,1,"","bunker"
en_pa_us,"bunker detective survey",BUNKER,GENERICA,SERVICIO,10,UNKNOWN,0,0.00,0.00,0.00,-21,1,1,"","bunker url:panamashipservice.com"
en_pa_us,"mpa bunker surveyor list",BUNKER,COMERCIAL,SERVICIO,10,UNKNOWN,0,0.00,0.00,0.00,83,6,1,"","bunker"
en_pa_us,"off hire survey",SURVEY,GENERICA,SERVICIO,10,LOW,0,0.00,0.00,0.00,-19,2,2,"on off hire survey","bunker survey"
en_pa_us,"on hire off hire survey",SURVEY,GENERICA,SERVICIO,10,UNKNOWN,0,0.00,0.00,0.00,-33,1,1,"","bunker survey"
en_pa_us,"marine surveyor panama",SURVEY,COMERCIAL,SERVICIO_PANAMA,10,LOW,0,0.00,0.00,0.00,5,6,1,"","survey url:24marine.com"
en_pa_us,"draught survey",SURVEY,GENERICA,SERVICIO,10,LOW,0,0.00,0.00,0.00,10,1,1,"","survey"
en_pa_us,"ultrasonic hatch cover testing",SURVEY,GENERICA,SERVICIO,10,LOW,14,7663.64,0.00,0.00,-28,4,1,"","survey"
en_pa_us,"lashing survey",FUERA,GENERICA,EXCLUIR,10,LOW,0,0.00,0.00,0.00,-54,6,1,"","survey"
en_pa_us,"cargo damage survey",SURVEY,GENERICA,SERVICIO,10,UNKNOWN,0,0.00,0.00,0.00,-25,1,1,"","survey url:24marine.com"
en_pa_us,"on hire survey",SURVEY,GENERICA,SERVICIO,10,LOW,0,0.00,0.00,0.00,-18,1,1,"","survey"
en_pa_us,"ism code internal audit",SURVEY,GENERICA,SERVICIO,10,LOW,14,6248.72,0.00,0.00,-31,2,1,"","survey"
en_pa_us,"ism auditor course",SURVEY,GENERICA,EXCLUIR,10,LOW,5,0.00,0.00,0.00,0,1,1,"","survey"
en_pa_us,"ism lead auditor course",SURVEY,GENERICA,EXCLUIR,10,LOW,21,13478.39,0.00,0.00,0,1,1,"","survey"
en_pa_us,"ism auditor course online",SURVEY,GENERICA,EXCLUIR,10,LOW,7,0.00,0.00,0.00,-39,1,1,"","survey"
en_pa_us,"ultrasonic hatch cover tester",SURVEY,GENERICA,SERVICIO,10,LOW,14,7663.64,0.00,0.00,-28,4,1,"","survey"
en_pa_us,"ism internal auditor course",SURVEY,GENERICA,EXCLUIR,10,LOW,7,11437.56,0.00,0.00,8,4,1,"","survey"
en_pa_us,"ultrasonic hatch cover tester price",SURVEY,INFORMACIONAL,BLOG_CORE,10,UNKNOWN,0,0.00,0.00,0.00,175,3,1,"","survey"
en_pa_us,"air receiver tank test certificate",OTRO,GENERICA,REVISAR,10,UNKNOWN,0,0.00,0.00,0.00,-54,4,1,"","survey"
en_pa_us,"barge draft survey",SURVEY,GENERICA,SERVICIO,10,LOW,0,0.00,0.00,0.00,-36,1,1,"","survey"
en_pa_us,"cargo damage survey report sample",SURVEY,GENERICA,SERVICIO,10,LOW,29,28269.26,0.00,0.00,-8,3,1,"","survey"
en_pa_us,"cargo safe ultrasonic hatch cover tester",SURVEY,GENERICA,SERVICIO,10,MEDIUM,50,0.00,0.00,0.00,-36,4,1,"","survey"
en_pa_us,"condition assessment program tankers",OTRO,GENERICA,REVISAR,10,UNKNOWN,0,0.00,0.00,0.00,60,6,1,"","survey"
en_pa_us,"container damage survey report",SURVEY,GENERICA,SERVICIO,10,UNKNOWN,0,0.00,0.00,0.00,-54,3,1,"","survey"
en_pa_us,"draft survey example",SURVEY,GENERICA,SERVICIO,10,UNKNOWN,0,0.00,0.00,0.00,-42,1,1,"","survey"
en_pa_us,"draft survey excel",SURVEY,GENERICA,SERVICIO,10,UNKNOWN,0,0.00,0.00,0.00,22,4,1,"","survey"
en_pa_us,"draft survey in shipping",SURVEY,GENERICA,SERVICIO,10,LOW,0,0.00,0.00,0.00,-8,5,1,"","survey url:panamashipservice.com"
en_pa_us,"ship draft survey",SURVEY,GENERICA,SERVICIO,10,LOW,0,0.00,0.00,0.00,0,4,2,"draft survey of ship","survey url:panamashipservice.com"
en_pa_us,"external ism audit is usually done by",SURVEY,GENERICA,SERVICIO,10,UNKNOWN,0,0.00,0.00,0.00,-74,1,1,"","survey"
en_pa_us,"initial draft survey",SURVEY,GENERICA,SERVICIO,10,UNKNOWN,0,0.00,0.00,0.00,15,3,1,"","survey"
en_pa_us,"internal ism audit is usually done by",SURVEY,GENERICA,SERVICIO,10,UNKNOWN,0,0.00,0.00,0.00,-39,9,1,"","survey"
en_pa_us,"ism code audit",SURVEY,GENERICA,SERVICIO,10,LOW,0,0.00,0.00,0.00,-8,3,1,"","survey"
en_pa_us,"ism external audit",SURVEY,GENERICA,SERVICIO,10,UNKNOWN,0,0.00,0.00,0.00,-69,1,1,"","survey"
en_pa_us,"ism external audit frequency",SURVEY,GENERICA,SERVICIO,10,UNKNOWN,0,0.00,0.00,0.00,38,3,1,"","survey"
en_pa_us,"ism internal audit",SURVEY,GENERICA,SERVICIO,10,LOW,7,0.00,0.00,0.00,-15,10,1,"","survey"
en_pa_us,"ism internal audit interval",SURVEY,GENERICA,SERVICIO,10,LOW,0,0.00,0.00,0.00,-24,9,1,"","survey"
en_pa_us,"ism isps",SURVEY,GENERICA,SERVICIO,10,LOW,0,0.00,0.00,0.00,-15,2,1,"","survey"
en_pa_us,"ism isps auditor",SURVEY,GENERICA,SERVICIO,10,UNKNOWN,0,0.00,0.00,0.00,-63,5,1,"","survey"
en_pa_us,"ism isps auditor course",SURVEY,GENERICA,EXCLUIR,10,UNKNOWN,0,0.00,0.00,0.00,-27,3,1,"","survey"
en_pa_us,"ism lead auditor",SURVEY,GENERICA,SERVICIO,10,LOW,0,0.00,0.00,0.00,18,3,1,"","survey"
en_pa_us,"isps auditor",FUERA,GENERICA,EXCLUIR,10,LOW,3,0.00,0.00,0.00,0,1,1,"","survey"
en_pa_us,"isps auditor course",FUERA,GENERICA,EXCLUIR,10,LOW,0,0.00,0.00,0.00,-63,7,1,"","survey"
en_pa_us,"lashing survey report",SURVEY,GENERICA,SERVICIO,10,UNKNOWN,0,0.00,0.00,0.00,38,2,1,"","survey"
en_pa_us,"marine draft survey",SURVEY,GENERICA,SERVICIO,10,UNKNOWN,0,0.00,0.00,0.00,-29,1,1,"","survey"
en_pa_us,"marine draft surveyor jobs",SURVEY,COMERCIAL,EXCLUIR,10,LOW,0,0.00,0.00,0.00,83,3,1,"","survey"
en_pa_us,"off hire vessel",OTRO,GENERICA,REVISAR,10,LOW,0,0.00,0.00,0.00,-27,1,1,"","survey"
en_pa_us,"pressure tank test certificate",OTRO,GENERICA,REVISAR,10,LOW,0,0.00,0.00,0.00,-8,2,1,"","survey"
en_pa_us,"sgs draft survey",SURVEY,GENERICA,SERVICIO,10,LOW,0,0.00,0.00,0.00,22,1,1,"","survey"
en_pa_us,"sgs draft survey tool",SURVEY,GENERICA,SERVICIO,10,UNKNOWN,0,0.00,0.00,0.00,15,1,1,"","survey"
en_pa_us,"vessel draft survey",SURVEY,GENERICA,SERVICIO,10,LOW,0,0.00,0.00,0.00,0,4,1,"","survey url:panamashipservice.com url:24marine.com"
en_pa_us,"hatch cover ultrasonic test",SURVEY,GENERICA,SERVICIO,10,LOW,0,0.00,0.00,0.00,-31,7,1,"","survey"
en_pa_us,"third party inspection companies oil & gas",FUERA,GENERICA,EXCLUIR,10,UNKNOWN,0,0.00,0.00,0.00,-63,10,1,"","survey_2"
en_pa_us,"amspec petroleum inspector",SURVEY,COMERCIAL,SERVICIO,10,LOW,0,0.00,0.00,0.00,0,1,1,"","survey_2"
en_pa_us,"intertek petroleum inspector",SURVEY,COMERCIAL,SERVICIO,10,LOW,8,11394.56,0.00,0.00,-1,7,1,"","survey_2"
en_pa_us,"loss prevention survey",FUERA,GENERICA,EXCLUIR,10,LOW,20,0.00,0.00,0.00,-21,2,1,"","survey_2"
en_pa_us,"marine warranty surveyor companies",SURVEY,COMERCIAL,SERVICIO,10,LOW,14,0.00,0.00,0.00,129,2,1,"","survey_2"
en_pa_us,"mws marine",OTRO,GENERICA,REVISAR,10,LOW,0,0.00,0.00,0.00,15,1,1,"","survey_2"
en_pa_us,"mws marine warranty survey",SURVEY,GENERICA,SERVICIO,10,UNKNOWN,0,0.00,0.00,0.00,-31,1,1,"","survey_2"
en_pa_us,"mws survey",FUERA,GENERICA,EXCLUIR,10,LOW,0,0.00,0.00,0.00,67,11,1,"","survey_2"
en_pa_us,"oil and gas third party inspection companies",FUERA,GENERICA,EXCLUIR,10,HIGH,86,8376.16,0.00,0.00,-8,1,1,"","survey_2"
en_pa_us,"oil inspection companies",FUERA,GENERICA,EXCLUIR,10,LOW,30,17215.53,0.00,0.00,-8,1,1,"","survey_2"
en_pa_us,"petroleum and gas inspectorate",SURVEY,COMERCIAL,SERVICIO,10,UNKNOWN,0,0.00,0.00,0.00,-77,11,1,"","survey_2"
en_pa_us,"petroleum cargo inspector",SURVEY,COMERCIAL,SERVICIO,10,UNKNOWN,0,0.00,0.00,0.00,-20,3,1,"","survey_2"
en_pa_us,"warranty survey",SURVEY,GENERICA,SERVICIO,10,LOW,5,0.00,0.00,0.00,-15,6,1,"","survey_2"
en_pa_us,"workers compensation loss control survey",SURVEY,GENERICA,SERVICIO,10,LOW,0,0.00,0.00,0.00,-31,2,1,"","survey_2"
en_pa_us,"cargo claims handling",CLAIMS,GENERICA,SERVICIO,10,LOW,0,0.00,0.00,0.00,-2,9,1,"","claims"
en_pa_us,"marine cargo claims",CLAIMS,GENERICA,SERVICIO,10,LOW,0,0.00,0.00,0.00,-8,10,1,"","claims url:24marine.com"
en_pa_us,"deadline for camp lejeune",OTRO,GENERICA,REVISAR,10,UNKNOWN,0,0.00,0.00,0.00,-54,1,1,"","claims"
en_pa_us,"boat insurance adjuster",CLAIMS,GENERICA,SERVICIO,10,MEDIUM,39,360526.09,0.00,0.00,-8,9,1,"","claims"
en_pa_us,"national fire and marine insurance company claims",CLAIMS,COMERCIAL,SERVICIO,10,LOW,14,0.00,0.00,0.00,-8,4,1,"","claims"
en_pa_us,"tokio marine insurance claim",CLAIMS,GENERICA,SERVICIO,10,LOW,7,0.00,0.00,0.00,-16,3,1,"","claims"
en_pa_us,"travelers home and marine insurance claims",CLAIMS,GENERICA,EXCLUIR,10,LOW,0,0.00,0.00,0.00,-22,3,1,"","claims"
en_pa_us,"freight claims for dummies",FUERA,GENERICA,EXCLUIR,10,LOW,14,0.00,0.00,0.00,-74,9,1,"","claims"
en_pa_us,"empire fire marine insurance company claims",CLAIMS,COMERCIAL,SERVICIO,10,LOW,14,0.00,0.00,0.00,-31,2,1,"","claims"
en_pa_us,"agcs marine insurance company claims",CLAIMS,COMERCIAL,SERVICIO,10,LOW,0,0.00,0.00,0.00,-17,2,1,"","claims"
en_pa_us,"aig marine claims",CLAIMS,GENERICA,SERVICIO,10,LOW,0,0.00,0.00,0.00,-8,1,1,"","claims"
en_pa_us,"air canada cargo claims",CLAIMS,GENERICA,SERVICIO,10,UNKNOWN,0,0.00,0.00,0.00,-25,2,1,"","claims"
en_pa_us,"air cargo claims",CLAIMS,GENERICA,SERVICIO,10,LOW,4,0.00,0.00,0.00,31,6,1,"","claims"
en_pa_us,"air france cargo claims",CLAIMS,GENERICA,SERVICIO,10,LOW,0,0.00,0.00,0.00,-15,6,1,"","claims"
en_pa_us,"american airlines cargo claims",CLAIMS,GENERICA,SERVICIO,10,LOW,0,0.00,0.00,0.00,6,7,1,"","claims"
en_pa_us,"aviva marine claims",CLAIMS,GENERICA,SERVICIO,10,UNKNOWN,0,0.00,0.00,0.00,83,4,1,"","claims"
en_pa_us,"boat speaker warranty claim",SURVEY,GENERICA,SERVICIO,10,UNKNOWN,0,0.00,0.00,0.00,-8,6,1,"","claims"
en_pa_us,"bulk cargo shortage claims",CLAIMS,GENERICA,SERVICIO,10,UNKNOWN,0,0.00,0.00,0.00,-69,10,1,"","claims"
en_pa_us,"cargo claims in shipping",CLAIMS,GENERICA,SERVICIO,10,UNKNOWN,0,0.00,0.00,0.00,-63,1,1,"","claims"
en_pa_us,"cargo damage claim",CLAIMS,GENERICA,SERVICIO,10,LOW,6,0.00,0.00,0.00,-57,2,1,"","claims"
en_pa_us,"cargo loss",OTRO,GENERICA,REVISAR,10,LOW,5,0.00,0.00,0.00,-52,1,1,"","claims"
en_pa_us,"cargo shortage claims",CLAIMS,GENERICA,SERVICIO,10,UNKNOWN,0,0.00,0.00,0.00,-48,4,1,"","claims"
en_pa_us,"chubb marine claims",CLAIMS,GENERICA,SERVICIO,10,LOW,0,0.00,0.00,0.00,10,1,1,"","claims"
en_pa_us,"deltacargo com claims",CLAIMS,GENERICA,SERVICIO,10,UNKNOWN,0,0.00,0.00,0.00,-8,5,1,"","claims"
en_pa_us,"dhl cargo claims",CLAIMS,GENERICA,EXCLUIR,10,LOW,0,0.00,0.00,0.00,10,1,1,"","claims"
en_pa_us,"dhl cargoclaims dhl com",CLAIMS,GENERICA,EXCLUIR,10,LOW,0,0.00,0.00,0.00,-8,1,1,"","claims"
en_pa_us,"emirates cargo claims",CLAIMS,INFORMACIONAL,BLOG_CORE,10,LOW,0,0.00,0.00,0.00,15,2,1,"","claims"
en_pa_us,"geico boat insurance claims",CLAIMS,GENERICA,SERVICIO,10,LOW,11,2307.53,0.00,0.00,-8,4,1,"","claims"
en_pa_us,"geico marine insurance claims",CLAIMS,GENERICA,SERVICIO,10,LOW,1,4170.35,0.00,0.00,-23,5,1,"","claims"
en_pa_us,"iata cargo claim rules",CLAIMS,GENERICA,SERVICIO,10,UNKNOWN,0,0.00,0.00,0.00,-59,10,1,"","claims"
en_pa_us,"independent marine claims adjuster",CLAIMS,GENERICA,SERVICIO,10,UNKNOWN,0,0.00,0.00,0.00,-29,1,1,"","claims"
en_pa_us,"klm cargo claim",CLAIMS,GENERICA,SERVICIO,10,LOW,0,0.00,0.00,0.00,0,1,1,"","claims"
en_pa_us,"lufthansa cargo claim",CLAIMS,GENERICA,SERVICIO,10,LOW,2,0.00,0.00,0.00,-20,3,1,"","claims"
en_pa_us,"marine claims handler",CLAIMS,GENERICA,SERVICIO,10,UNKNOWN,0,0.00,0.00,0.00,-77,10,1,"","claims"
en_pa_us,"marine claims handler jobs",CLAIMS,GENERICA,EXCLUIR,10,UNKNOWN,0,0.00,0.00,0.00,175,1,1,"","claims"
en_pa_us,"marine insurance claim",CLAIMS,GENERICA,SERVICIO,10,LOW,12,0.00,0.00,0.00,-39,3,1,"","claims"
en_pa_us,"marine insurance claim denied",CLAIMS,GENERICA,SERVICIO,10,UNKNOWN,0,0.00,0.00,0.00,-62,4,1,"","claims"
en_pa_us,"marine insurance claims adjusting services",CLAIMS,COMERCIAL,SERVICIO,10,LOW,0,0.00,0.00,0.00,-19,1,1,"","claims"
en_pa_us,"marine loss adjuster",CLAIMS,GENERICA,SERVICIO,10,LOW,25,73811.44,0.00,0.00,-17,5,1,"","claims"
en_pa_us,"marine loss adjuster jobs",CLAIMS,GENERICA,EXCLUIR,10,UNKNOWN,0,0.00,0.00,0.00,-54,10,1,"","claims"
en_pa_us,"maritime insurance claims",CLAIMS,INFORMACIONAL,BLOG_CORE,10,LOW,2,0.00,0.00,0.00,-27,2,1,"","claims"
en_pa_us,"montreal convention cargo claims",CLAIMS,GENERICA,SERVICIO,10,LOW,0,0.00,0.00,0.00,0,1,1,"","claims"
en_pa_us,"motor carrier cargo claims",CLAIMS,GENERICA,SERVICIO,10,UNKNOWN,0,0.00,0.00,0.00,-69,3,1,"","claims"
en_pa_us,"ocean marine claims",CLAIMS,GENERICA,SERVICIO,10,LOW,2,0.00,0.00,0.00,-8,1,1,"","claims"
en_pa_us,"qatar airways cargo claims",CLAIMS,GENERICA,SERVICIO,10,LOW,0,0.00,0.00,0.00,-29,5,1,"","claims"
en_pa_us,"shourai marine claims",CLAIMS,GENERICA,SERVICIO,10,UNKNOWN,0,0.00,0.00,0.00,38,2,1,"","claims"
en_pa_us,"st paul fire and marine insurance claims",CLAIMS,GENERICA,SERVICIO,10,MEDIUM,43,0.00,0.00,0.00,15,7,1,"","claims"
en_pa_us,"tetley marine cargo claims",CLAIMS,GENERICA,SERVICIO,10,LOW,0,0.00,0.00,0.00,83,2,1,"","claims"
en_pa_us,"the travelers home and marine insurance company claims",CLAIMS,COMERCIAL,EXCLUIR,10,UNKNOWN,0,0.00,0.00,0.00,-8,1,1,"","claims"
en_pa_us,"tokio marine america insurance company claims",CLAIMS,COMERCIAL,SERVICIO,10,LOW,0,0.00,0.00,0.00,-57,1,1,"","claims"
en_pa_us,"tokio marine car insurance claim",CLAIMS,GENERICA,SERVICIO,10,UNKNOWN,0,0.00,0.00,0.00,-49,11,1,"","claims"
en_pa_us,"tokio marine hcc claims",CLAIMS,GENERICA,SERVICIO,10,LOW,0,0.00,0.00,0.00,0,1,1,"","claims"
en_pa_us,"tokio marine medical insurance claims",CLAIMS,GENERICA,SERVICIO,10,UNKNOWN,0,0.00,0.00,0.00,-69,3,1,"","claims"
en_pa_us,"turkish cargo claim",CLAIMS,GENERICA,SERVICIO,10,LOW,0,0.00,0.00,0.00,10,1,1,"","claims"
en_pa_us,"types of cargo claims",CLAIMS,GENERICA,SERVICIO,10,LOW,0,0.00,0.00,0.00,-8,3,1,"","claims"
en_pa_us,"types of cargo damage",CLAIMS,GENERICA,SERVICIO,10,LOW,0,0.00,0.00,0.00,-61,3,1,"","claims"
en_pa_us,"ups capital marine claims adjuster",CLAIMS,GENERICA,EXCLUIR,10,UNKNOWN,0,0.00,0.00,0.00,-54,1,1,"","claims"
en_pa_us,"ups cargo claims",CLAIMS,GENERICA,EXCLUIR,10,LOW,11,3322.37,0.00,0.00,17,6,1,"","claims"
en_pa_us,"www afklcargo com claims",CLAIMS,GENERICA,SERVICIO,10,UNKNOWN,0,0.00,0.00,0.00,-8,6,1,"","claims"
en_pa_us,"yrc cargo claims",CLAIMS,GENERICA,SERVICIO,10,UNKNOWN,0,0.00,0.00,0.00,-89,1,1,"","claims"
en_pa_us,"yrc freight claims",FUERA,GENERICA,EXCLUIR,10,LOW,0,0.00,0.00,0.00,-28,3,1,"","claims"
en_pa_us,"ship to ship operations",STS_OFFSHORE,GENERICA,SERVICIO,10,MEDIUM,36,0.00,0.00,0.00,-29,3,1,"","offshore_sts url:gac.com"
en_pa_us,"lightering services",STS_OFFSHORE,COMERCIAL,SERVICIO,10,LOW,0,0.00,0.00,0.00,-8,1,1,"","offshore_sts"
en_pa_us,"offshore support services",STS_OFFSHORE,COMERCIAL,SERVICIO,10,LOW,5,0.00,0.00,0.00,-39,3,1,"","offshore_sts"
en_pa_us,"offshore day trading platforms",STS_OFFSHORE,GENERICA,SERVICIO,10,UNKNOWN,0,0.00,0.00,0.00,-8,2,1,"","offshore_sts"
en_pa_us,"offshore trading platform",STS_OFFSHORE,GENERICA,SERVICIO,10,LOW,20,0.00,0.00,0.00,-39,5,1,"","offshore_sts"
en_pa_us,"offshore stock trading platforms",STS_OFFSHORE,GENERICA,SERVICIO,10,UNKNOWN,0,0.00,0.00,0.00,-8,1,1,"","offshore_sts"
en_pa_us,"best offshore day trading platforms",STS_OFFSHORE,GENERICA,SERVICIO,10,UNKNOWN,0,0.00,0.00,0.00,-87,1,1,"","offshore_sts"
en_pa_us,"best offshore trading platform",STS_OFFSHORE,GENERICA,SERVICIO,10,LOW,29,324541.29,0.00,0.00,-25,2,1,"","offshore_sts"
en_pa_us,"bunkering ship to ship",BUNKER,GENERICA,SERVICIO,10,LOW,0,0.00,0.00,0.00,-43,4,2,"ship to ship bunkering","offshore_sts"
en_pa_us,"ics ocimf ship to ship transfer guide",STS_OFFSHORE,INFORMACIONAL,BLOG_CORE,10,UNKNOWN,0,0.00,0.00,0.00,-45,1,1,"","offshore_sts"
en_pa_us,"lng ship to ship transfer",STS_OFFSHORE,GENERICA,SERVICIO,10,LOW,11,0.00,0.00,0.00,20,2,2,"ship to ship lng transfer","offshore_sts"
en_pa_us,"logistics offshore support",STS_OFFSHORE,GENERICA,SERVICIO,10,UNKNOWN,0,0.00,0.00,0.00,-49,1,1,"","offshore_sts"
en_pa_us,"national oil fields and terminals catering company",OTRO,COMERCIAL,REVISAR,10,UNKNOWN,0,0.00,0.00,0.00,,6,1,"","offshore_sts"
en_pa_us,"nola oil terminal llc",STS_OFFSHORE,GENERICA,SERVICIO,10,LOW,0,0.00,0.00,0.00,2,1,1,"","offshore_sts"
en_pa_us,"ocimf ship to ship transfer guide",STS_OFFSHORE,INFORMACIONAL,BLOG_CORE,10,LOW,0,0.00,0.00,0.00,0,1,1,"","offshore_sts"
en_pa_us,"offshore marine support",STS_OFFSHORE,GENERICA,SERVICIO,10,LOW,0,0.00,0.00,0.00,-63,3,1,"","offshore_sts"
en_pa_us,"offshore wind farm support",STS_OFFSHORE,GENERICA,SERVICIO,10,LOW,4,0.00,0.00,0.00,-16,11,1,"","offshore_sts"
en_pa_us,"oil and gas terminal operations",OTRO,GENERICA,REVISAR,10,UNKNOWN,0,0.00,0.00,0.00,-54,3,1,"","offshore_sts"
en_pa_us,"petromarine offshore projects support co",STS_OFFSHORE,GENERICA,SERVICIO,10,UNKNOWN,0,0.00,0.00,0.00,83,1,1,"","offshore_sts"
en_pa_us,"polaris marine and offshore support services limited",STS_OFFSHORE,COMERCIAL,SERVICIO,10,UNKNOWN,0,0.00,0.00,0.00,-54,3,1,"","offshore_sts"
en_pa_us,"ship to ship cargo transfer",STS_OFFSHORE,GENERICA,SERVICIO,10,LOW,0,0.00,0.00,0.00,67,10,1,"","offshore_sts"
en_pa_us,"ship to ship lng bunkering",BUNKER,GENERICA,SERVICIO,10,UNKNOWN,0,0.00,0.00,0.00,2,12,1,"","offshore_sts"
en_pa_us,"ship to ship lpg transfer",STS_OFFSHORE,GENERICA,SERVICIO,10,UNKNOWN,0,0.00,0.00,0.00,-54,2,1,"","offshore_sts"
en_pa_us,"ship to ship mooring",STS_OFFSHORE,GENERICA,SERVICIO,10,UNKNOWN,0,0.00,0.00,0.00,-18,1,1,"","offshore_sts"
en_pa_us,"ship to ship mooring operation",STS_OFFSHORE,GENERICA,SERVICIO,10,LOW,0,0.00,0.00,0.00,-8,2,1,"","offshore_sts"
en_pa_us,"ship to ship transfer checklist",STS_OFFSHORE,INFORMACIONAL,BLOG_CORE,10,UNKNOWN,0,0.00,0.00,0.00,-50,4,1,"","offshore_sts"
en_pa_us,"ship to ship transfer companies",STS_OFFSHORE,GENERICA,SERVICIO,10,LOW,0,0.00,0.00,0.00,-61,3,1,"","offshore_sts"
en_pa_us,"ship to ship transfer guide",STS_OFFSHORE,INFORMACIONAL,BLOG_CORE,10,LOW,0,0.00,0.00,0.00,-1,11,1,"","offshore_sts"
en_pa_us,"ship to ship transfer guide petroleum",STS_OFFSHORE,INFORMACIONAL,BLOG_CORE,10,LOW,0,0.00,0.00,0.00,10,1,1,"","offshore_sts"
en_pa_us,"ship to ship transfer operations",STS_OFFSHORE,GENERICA,SERVICIO,10,MEDIUM,36,0.00,0.00,0.00,-29,3,1,"","offshore_sts"
en_pa_us,"ship to ship transfer regulations",STS_OFFSHORE,INFORMACIONAL,BLOG_CORE,10,UNKNOWN,0,0.00,0.00,0.00,-8,4,1,"","offshore_sts"
en_pa_us,"sts ship to ship",STS_OFFSHORE,GENERICA,SERVICIO,10,LOW,0,0.00,0.00,0.00,-8,2,1,"","offshore_sts"
en_pa_us,"viking offshore support services limited",STS_OFFSHORE,COMERCIAL,SERVICIO,10,LOW,0,0.00,0.00,0.00,-82,7,1,"","offshore_sts"
en_pa_us,"windfarm support",OTRO,GENERICA,REVISAR,10,LOW,0,0.00,0.00,0.00,-14,9,1,"","offshore_sts"
en_pa_us,"maritime advisory",CONSULT,INFORMACIONAL,BLOG_CORE,10,LOW,0,0.00,0.00,0.00,15,9,1,"","consultoria"
en_pa_us,"maritime consulting services",CONSULT,COMERCIAL,SERVICIO,10,LOW,0,0.00,0.00,0.00,-8,3,1,"","consultoria"
en_pa_us,"ship management panama",CONSULT,COMERCIAL,SERVICIO_PANAMA,10,UNKNOWN,0,0.00,0.00,0.00,-33,6,1,"","consultoria"
en_pa_us,"maritime consultancy services",CONSULT,COMERCIAL,SERVICIO,10,LOW,0,0.00,0.00,0.00,0,3,1,"","consultoria"
en_pa_us,"shipping consultancy services",CONSULT,COMERCIAL,SERVICIO,10,LOW,0,0.00,0.00,0.00,-16,3,1,"","consultoria"
en_pa_us,"small business shipping consultant",CONSULT,COMERCIAL,SERVICIO,10,UNKNOWN,0,0.00,0.00,0.00,-63,6,1,"","consultoria"
en_pa_us,"brl shipping consultants",CONSULT,COMERCIAL,SERVICIO,10,UNKNOWN,0,0.00,0.00,0.00,-54,1,1,"","consultoria"
en_pa_us,"charter ship broker",CONSULT,COMERCIAL,SERVICIO,10,LOW,0,0.00,0.00,0.00,65,2,2,"ship charter brokers","consultoria url:orcashipsagents.com"
en_pa_us,"cruise ship charter brokers",CONSULT,COMERCIAL,EXCLUIR,10,UNKNOWN,0,0.00,0.00,0.00,-85,2,1,"","consultoria"
en_pa_us,"dnv maritime advisory",CONSULT,INFORMACIONAL,BLOG_CORE,10,LOW,25,12846.26,0.00,0.00,10,1,1,"","consultoria"
en_pa_us,"drewry container",OTRO,GENERICA,REVISAR,10,LOW,0,0.00,0.00,0.00,0,1,1,"","consultoria"
en_pa_us,"drewry shipping insight",OTRO,GENERICA,REVISAR,10,UNKNOWN,0,0.00,0.00,0.00,22,3,1,"","consultoria"
en_pa_us,"eagle marine engineering consultancy",CONSULT,GENERICA,SERVICIO,10,UNKNOWN,0,0.00,0.00,0.00,38,2,1,"","consultoria"
en_pa_us,"evergreen panama ship",OTRO,COMERCIAL,REVISAR,10,LOW,0,0.00,0.00,0.00,-17,1,1,"","consultoria"
en_pa_us,"global marine consultancy and services",CONSULT,COMERCIAL,SERVICIO,10,UNKNOWN,0,0.00,0.00,0.00,-8,3,1,"","consultoria"
en_pa_us,"global marine consulting ltd",CONSULT,GENERICA,SERVICIO,10,UNKNOWN,0,0.00,0.00,0.00,-69,1,1,"","consultoria"
en_pa_us,"global maritime consultancy ltd",CONSULT,INFORMACIONAL,BLOG_CORE,10,LOW,0,0.00,0.00,0.00,19,5,1,"","consultoria"
en_pa_us,"global maritime consultancy pte ltd",CONSULT,INFORMACIONAL,BLOG_CORE,10,LOW,0,0.00,0.00,0.00,450,5,1,"","consultoria"
en_pa_us,"global maritime enterprises ltd",OTRO,INFORMACIONAL,REVISAR,10,UNKNOWN,0,0.00,0.00,0.00,-54,1,1,"","consultoria"
en_pa_us,"global maritime shipping",OTRO,INFORMACIONAL,REVISAR,10,HIGH,71,17994.01,0.00,0.00,-1,6,1,"","consultoria"
en_pa_us,"global maritime supply pty ltd",OTRO,INFORMACIONAL,REVISAR,10,UNKNOWN,0,0.00,0.00,0.00,22,5,1,"","consultoria"
en_pa_us,"independent maritime consulting llc",CONSULT,INFORMACIONAL,BLOG_CORE,10,LOW,4,0.00,0.00,0.00,-20,4,1,"","consultoria"
en_pa_us,"jb sea maritime consultancy services",CONSULT,COMERCIAL,SERVICIO,10,LOW,0,0.00,0.00,0.00,,7,1,"","consultoria"
en_pa_us,"maersk inhouse consulting",FUERA,GENERICA,EXCLUIR,10,UNKNOWN,0,0.00,0.00,0.00,-8,5,1,"","consultoria"
en_pa_us,"maersk panama office",OTRO,COMERCIAL,REVISAR,10,LOW,0,0.00,0.00,0.00,10,1,1,"","consultoria"
en_pa_us,"maersk sealand panama",OTRO,COMERCIAL,REVISAR,10,LOW,10,0.00,0.00,0.00,3,1,2,"sealand maersk panama","consultoria"
en_pa_us,"marine consultancy group",CONSULT,GENERICA,SERVICIO,10,UNKNOWN,0,0.00,0.00,0.00,114,5,1,"","consultoria"
en_pa_us,"marine consulting companies",CONSULT,GENERICA,SERVICIO,10,UNKNOWN,0,0.00,0.00,0.00,-35,3,1,"","consultoria"
en_pa_us,"marine consulting firms",CONSULT,COMERCIAL,SERVICIO,10,HIGH,100,0.00,0.00,0.00,-1,11,1,"","consultoria"
en_pa_us,"maritime consulting firms",CONSULT,COMERCIAL,SERVICIO,10,HIGH,86,27068.44,0.00,0.00,-8,1,1,"","consultoria"
en_pa_us,"maritime management consulting",CONSULT,INFORMACIONAL,BLOG_CORE,10,LOW,0,0.00,0.00,0.00,1,3,1,"","consultoria"
en_pa_us,"maritime medical consultancy",CONSULT,INFORMACIONAL,EXCLUIR,10,LOW,0,0.00,0.00,0.00,8,1,1,"","consultoria"
en_pa_us,"ofac advisory to the maritime petroleum shipping community",CONSULT,INFORMACIONAL,BLOG_CORE,10,LOW,0,0.00,0.00,0.00,-8,2,1,"","consultoria"
en_pa_us,"panama flag administration",INFO_CANAL,INFORMACIONAL,BLOG_CORE,10,UNKNOWN,0,0.00,0.00,0.00,60,3,1,"","consultoria info"
en_pa_us,"panama maritime administration",OTRO,INFORMACIONAL,REVISAR,10,UNKNOWN,0,0.00,0.00,0.00,-49,4,1,"","consultoria info url:orcashipsagents.com"
en_pa_us,"panama shipping agency",AGENCIA,COMERCIAL,SERVICIO_PANAMA,10,LOW,21,0.00,0.00,0.00,-47,4,1,"","consultoria conquest url:adimarships.com url:gac.com url:lethagencies.com url:orcashipsagents.com"
en_pa_us,"panama shipping agency & services",AGENCIA,COMERCIAL,SERVICIO_PANAMA,10,UNKNOWN,0,0.00,0.00,0.00,-8,1,1,"","consultoria url:adimarships.com url:lethagencies.com url:orcashipsagents.com"
en_pa_us,"parcel shipping consultant",CONSULT,COMERCIAL,EXCLUIR,10,LOW,18,208778.04,0.00,0.00,-43,2,2,"parcel shipping consultants","consultoria"
en_pa_us,"qapla maritime consultancy services",CONSULT,COMERCIAL,SERVICIO,10,LOW,0,0.00,0.00,0.00,47,1,1,"","consultoria"
en_pa_us,"sea intelligence consulting",FUERA,GENERICA,EXCLUIR,10,LOW,0,0.00,0.00,0.00,-54,9,1,"","consultoria"
en_pa_us,"ship design consultancy",CONSULT,GENERICA,SERVICIO,10,UNKNOWN,0,0.00,0.00,0.00,32,9,1,"","consultoria"
en_pa_us,"shipping business consultants",CONSULT,COMERCIAL,SERVICIO,10,UNKNOWN,0,0.00,0.00,0.00,-31,1,1,"","consultoria"
en_pa_us,"shipping consultants associated",CONSULT,COMERCIAL,SERVICIO,10,LOW,0,0.00,0.00,0.00,-20,2,1,"","consultoria"
en_pa_us,"shipping consultants associated ltd",CONSULT,COMERCIAL,SERVICIO,10,LOW,0,0.00,0.00,0.00,10,1,1,"","consultoria"
en_pa_us,"the society of consulting marine engineers and ship surveyors",SURVEY,COMERCIAL,SERVICIO,10,UNKNOWN,0,0.00,0.00,0.00,-54,1,1,"","consultoria"
en_pa_us,"vts shipping agency marine survey & consultancy services",SURVEY,COMERCIAL,SERVICIO,10,UNKNOWN,0,0.00,0.00,0.00,-8,1,1,"","consultoria"
en_pa_us,"maritime services panama",CONSULT,COMERCIAL,SERVICIO_PANAMA,10,LOW,4,0.00,0.00,0.00,-8,4,2,"panama maritime services","consultoria"
en_pa_us,"panama canal requirements",INFO_CANAL,INFORMACIONAL,BLOG_CORE,10,LOW,0,0.00,0.00,0.00,0,1,1,"","info url:adimarships.com url:panamashipservice.com url:lethagencies.com url:orcashipsagents.com"
en_pa_us,"panama flag registration",INFO_CANAL,INFORMACIONAL,BLOG_CORE,10,LOW,0,0.00,0.00,0.00,-16,6,1,"","info"
en_pa_us,"how much is a cruise to panama canal",INFO_CANAL,INFORMACIONAL,EXCLUIR,10,MEDIUM,62,8807.28,846.36,6070.93,0,1,1,"","info"
en_pa_us,"panama canal cruise ship schedule",INFO_CANAL,INFORMACIONAL,EXCLUIR,10,MEDIUM,36,0.00,0.00,0.00,-37,1,1,"","info"
en_pa_us,"panama canal cruise old locks",INFO_CANAL,INFORMACIONAL,EXCLUIR,10,MEDIUM,57,6679.10,2022.85,11039.28,-8,4,1,"","info"
en_pa_us,"panama ship registry website",INFO_CANAL,INFORMACIONAL,BLOG_CORE,10,LOW,7,0.00,0.00,0.00,-18,2,1,"","info"
en_pa_us,"panama canal vessel transit schedule",INFO_CANAL,INFORMACIONAL,BLOG_CORE,10,LOW,0,0.00,0.00,0.00,25,4,1,"","info url:panamashipservice.com url:orcashipsagents.com"
en_pa_us,"panama canal miraflores locks tour",INFO_CANAL,INFORMACIONAL,EXCLUIR,10,MEDIUM,57,8244.31,4676.76,7788.61,25,2,1,"","info"
en_pa_us,"agua clara colon panama",OTRO,COMERCIAL,REVISAR,10,LOW,0,0.00,0.00,0.00,0,1,1,"","info"
en_pa_us,"agua clara locks panama canal",INFO_CANAL,INFORMACIONAL,BLOG_GENERAL,10,LOW,0,0.00,0.00,0.00,-13,3,1,"","info"
en_pa_us,"agua clara panama canal",INFO_CANAL,INFORMACIONAL,BLOG_GENERAL,10,LOW,5,0.00,0.00,0.00,-33,1,1,"","info"
en_pa_us,"colon container terminal pa",INFO_CANAL,INFORMACIONAL,BLOG_GENERAL,10,LOW,0,0.00,0.00,0.00,-62,2,1,"","info"
en_pa_us,"colon free zone port panama",OTRO,COMERCIAL,REVISAR,10,LOW,10,0.00,0.00,0.00,-1,10,1,"","info"
en_pa_us,"colon panama port webcam",OTRO,COMERCIAL,EXCLUIR,10,UNKNOWN,0,0.00,0.00,0.00,-20,1,1,"","info"
en_pa_us,"colon port terminal panama",OTRO,COMERCIAL,REVISAR,10,LOW,0,0.00,0.00,0.00,-8,1,1,"","info"
en_pa_us,"colon terminal panama",OTRO,COMERCIAL,REVISAR,10,LOW,9,2569.38,0.00,0.00,0,9,1,"","info url:orcashipsagents.com"
en_pa_us,"cost for cruise ship to transit panama canal",INFO_CANAL,INFORMACIONAL,EXCLUIR,10,LOW,21,0.00,0.00,0.00,-42,1,2,"cost for a cruise ship to transit the panama canal","info"
en_pa_us,"panama canal cost to transit",INFO_CANAL,INFORMACIONAL,BLOG_CORE,10,LOW,0,0.00,0.00,0.00,-17,1,2,"cost for panama canal transit","info url:adimarships.com"
en_pa_us,"cristobal panama cruise port",INFO_CANAL,INFORMACIONAL,EXCLUIR,10,UNKNOWN,0,0.00,0.00,0.00,-35,1,1,"","info"
en_pa_us,"cristobal porto",INFO_CANAL,INFORMACIONAL,BLOG_CORE,10,LOW,0,0.00,0.00,0.00,152,1,1,"","info"
en_pa_us,"cruise port in panama city panama",OTRO,COMERCIAL,EXCLUIR,10,LOW,10,0.00,0.00,0.00,-8,9,1,"","info url:orcashipsagents.com"
en_pa_us,"daylight transit panama canal",INFO_CANAL,INFORMACIONAL,BLOG_GENERAL,10,HIGH,86,0.00,0.00,0.00,-15,1,1,"","info"
en_pa_us,"fuerte amador panama city cruise port",OTRO,COMERCIAL,EXCLUIR,10,UNKNOWN,0,0.00,0.00,0.00,-54,11,1,"","info url:orcashipsagents.com"
en_pa_us,"fuerte amador panama for panama city",OTRO,COMERCIAL,REVISAR,10,LOW,14,0.00,0.00,0.00,0,1,1,"","info"
en_pa_us,"panama city fuerte amador",OTRO,COMERCIAL,REVISAR,10,MEDIUM,37,0.00,0.00,0.00,-54,9,2,"fuerte amador to panama city","url:orcashipsagents.com"
en_pa_us,"how much cost to cross panama canal",INFO_CANAL,INFORMACIONAL,BLOG_CORE,10,LOW,4,0.00,0.00,0.00,-45,12,1,"","info"
en_pa_us,"how much cost to go through panama canal",INFO_CANAL,INFORMACIONAL,BLOG_CORE,10,LOW,0,0.00,0.00,0.00,-31,12,1,"","info"
en_pa_us,"how much does it cost to pass through panama canal",INFO_CANAL,INFORMACIONAL,BLOG_CORE,10,LOW,0,0.00,0.00,0.00,-28,1,1,"","info"
en_pa_us,"how much it cost to cross the panama canal",INFO_CANAL,INFORMACIONAL,BLOG_CORE,10,LOW,2,0.00,0.00,0.00,-15,1,1,"","info"
en_pa_us,"how much panama canal cost",INFO_CANAL,INFORMACIONAL,BLOG_CORE,10,LOW,0,0.00,0.00,0.00,-66,12,1,"","info"
en_pa_us,"how much to pass through panama canal",INFO_CANAL,INFORMACIONAL,BLOG_GENERAL,10,LOW,0,0.00,0.00,0.00,-52,1,1,"","info"
en_pa_us,"how much to transit the panama canal",INFO_CANAL,INFORMACIONAL,BLOG_GENERAL,10,LOW,2,0.00,0.00,0.00,0,1,1,"","info"
en_pa_us,"manzanillo island panama",INFO_CANAL,INFORMACIONAL,BLOG_CORE,10,LOW,0,0.00,0.00,0.00,0,1,1,"","info"
en_pa_us,"miraflores locks visitor center panamá",INFO_CANAL,INFORMACIONAL,EXCLUIR,10,UNKNOWN,0,0.00,0.00,0.00,-8,1,1,"","info"
en_pa_us,"miraflores panama visitor center",OTRO,COMERCIAL,EXCLUIR,10,UNKNOWN,0,0.00,0.00,0.00,1,1,1,"","info"
en_pa_us,"miraflores visitor center at the panama canal",INFO_CANAL,INFORMACIONAL,EXCLUIR,10,LOW,14,0.00,0.00,0.00,-33,2,1,"","info"
en_pa_us,"neo panama canal",INFO_CANAL,INFORMACIONAL,BLOG_GENERAL,10,LOW,0,0.00,0.00,0.00,0,1,1,"","info"
en_pa_us,"new panama canal construction",INFO_CANAL,INFORMACIONAL,BLOG_GENERAL,10,LOW,0,0.00,0.00,0.00,-28,2,1,"","info"
en_pa_us,"new panama canal opening date",INFO_CANAL,INFORMACIONAL,BLOG_GENERAL,10,LOW,0,0.00,0.00,0.00,-25,1,1,"","info"
en_pa_us,"new panama canal requirements",INFO_CANAL,INFORMACIONAL,BLOG_CORE,10,UNKNOWN,0,0.00,0.00,0.00,-85,3,1,"","info"
en_pa_us,"new panama locks",INFO_CANAL,INFORMACIONAL,BLOG_GENERAL,10,LOW,29,0.00,0.00,0.00,-27,1,1,"","info"
en_pa_us,"panama canal & locks transit by boat",INFO_CANAL,INFORMACIONAL,BLOG_GENERAL,10,MEDIUM,37,0.00,0.00,0.00,17,1,1,"","info"
en_pa_us,"panama canal at miraflores locks",INFO_CANAL,INFORMACIONAL,BLOG_GENERAL,10,LOW,0,0.00,0.00,0.00,-36,2,1,"","info"
en_pa_us,"panama canal booking system",AGENCIA,COMERCIAL,SERVICIO_PANAMA,10,LOW,0,0.00,0.00,0.00,12,1,1,"","info"
en_pa_us,"panama canal crossing time",INFO_CANAL,INFORMACIONAL,BLOG_GENERAL,10,LOW,0,0.00,0.00,0.00,-22,1,1,"","info"
en_pa_us,"panama canal expansion 2021",INFO_CANAL,INFORMACIONAL,BLOG_GENERAL,10,UNKNOWN,0,0.00,0.00,0.00,-39,4,1,"","info"
en_pa_us,"panama canal expansion cost",INFO_CANAL,INFORMACIONAL,BLOG_CORE,10,LOW,0,0.00,0.00,0.00,-79,1,1,"","info"
en_pa_us,"panama canal expansion impact",INFO_CANAL,INFORMACIONAL,BLOG_GENERAL,10,UNKNOWN,0,0.00,0.00,0.00,-20,1,1,"","info"
en_pa_us,"panama canal fees for cruise ships",INFO_CANAL,INFORMACIONAL,EXCLUIR,10,LOW,0,0.00,0.00,0.00,-91,12,1,"","info info_2 url:orcashipsagents.com"
en_pa_us,"panama canal highest toll paid",INFO_CANAL,INFORMACIONAL,BLOG_CORE,10,LOW,0,0.00,0.00,0.00,-68,1,1,"","info"
en_pa_us,"panama canal historic locks",INFO_CANAL,INFORMACIONAL,BLOG_GENERAL,10,MEDIUM,39,15441.99,1442.12,9745.67,-31,11,1,"","info"
en_pa_us,"panama canal lift",INFO_CANAL,INFORMACIONAL,BLOG_GENERAL,10,LOW,0,0.00,0.00,0.00,-21,1,1,"","info"
en_pa_us,"panama canal lock gates",INFO_CANAL,INFORMACIONAL,BLOG_GENERAL,10,LOW,0,0.00,0.00,0.00,-8,1,1,"","info"
en_pa_us,"panama canal locks camera",INFO_CANAL,INFORMACIONAL,EXCLUIR,10,LOW,0,0.00,0.00,0.00,22,4,1,"","info"
en_pa_us,"panama canal miraflores camera",INFO_CANAL,INFORMACIONAL,EXCLUIR,10,LOW,0,0.00,0.00,0.00,-27,1,1,"","info"
en_pa_us,"panama canal museum miraflores",INFO_CANAL,INFORMACIONAL,EXCLUIR,10,LOW,5,0.00,0.00,0.00,15,10,1,"","info"
en_pa_us,"panama canal port authority",INFO_CANAL,INFORMACIONAL,BLOG_CORE,10,LOW,0,0.00,0.00,0.00,-15,1,1,"","info url:lethagencies.com url:orcashipsagents.com"
en_pa_us,"panama canal regulations",INFO_CANAL,INFORMACIONAL,BLOG_CORE,10,LOW,0,0.00,0.00,0.00,-27,4,1,"","info url:orcashipsagents.com"
en_pa_us,"panama canal reservation system",INFO_CANAL,INFORMACIONAL,BLOG_CORE,10,LOW,0,0.00,0.00,0.00,28,2,1,"","info"
en_pa_us,"panama canal ship transit schedule",INFO_CANAL,INFORMACIONAL,BLOG_CORE,10,LOW,0,0.00,0.00,0.00,-1,12,1,"","info url:adimarships.com url:panamashipservice.com url:orcashipsagents.com"
en_pa_us,"panama canal toll fee",INFO_CANAL,INFORMACIONAL,BLOG_CORE,10,LOW,0,0.00,0.00,0.00,-45,1,1,"","info info_2 url:lethagencies.com"
en_pa_us,"panama canal train schedule",INFO_CANAL,INFORMACIONAL,BLOG_CORE,10,LOW,0,0.00,0.00,0.00,-8,1,1,"","info"
en_pa_us,"panama canal transit requirements",INFO_CANAL,INFORMACIONAL,BLOG_CORE,10,LOW,0,0.00,0.00,0.00,0,1,1,"","info url:orcashipsagents.com"
en_pa_us,"panama city miraflores locks visitor center",INFO_CANAL,INFORMACIONAL,EXCLUIR,10,LOW,23,0.00,0.00,0.00,10,1,1,"","info"
en_pa_us,"panama city panama cruise terminal",OTRO,COMERCIAL,EXCLUIR,10,LOW,5,0.00,0.00,0.00,17,3,1,"","info url:orcashipsagents.com"
en_pa_us,"panama city panama port",OTRO,COMERCIAL,REVISAR,10,LOW,7,9285.09,0.00,0.00,-25,3,1,"","info url:orcashipsagents.com"
en_pa_us,"panama colon container terminal",INFO_CANAL,INFORMACIONAL,BLOG_GENERAL,10,LOW,4,0.00,0.00,0.00,-17,1,1,"","info"
en_pa_us,"panama container ports",OTRO,COMERCIAL,REVISAR,10,LOW,5,0.00,0.00,0.00,-15,1,1,"","info url:orcashipsagents.com"
en_pa_us,"panama container terminal",OTRO,COMERCIAL,REVISAR,10,LOW,2,48.55,0.00,0.00,-41,9,1,"","info url:orcashipsagents.com"
en_pa_us,"panama flag authority",INFO_CANAL,INFORMACIONAL,BLOG_CORE,10,UNKNOWN,0,0.00,0.00,0.00,-61,10,1,"","info"
en_pa_us,"panama flag port of registry",INFO_CANAL,INFORMACIONAL,BLOG_CORE,10,UNKNOWN,0,0.00,0.00,0.00,53,3,1,"","info"
en_pa_us,"panama flag ship registry",INFO_CANAL,INFORMACIONAL,BLOG_CORE,10,UNKNOWN,0,0.00,0.00,0.00,-8,2,1,"","info"
en_pa_us,"panama harbour",OTRO,COMERCIAL,REVISAR,10,LOW,0,0.00,0.00,0.00,0,1,1,"","info url:orcashipsagents.com"
en_pa_us,"panama maritime authority english",INFO_CANAL,INFORMACIONAL,BLOG_CORE,10,UNKNOWN,0,0.00,0.00,0.00,2,2,1,"","info"
en_pa_us,"panama maritime authority official website",INFO_CANAL,INFORMACIONAL,BLOG_CORE,10,UNKNOWN,0,0.00,0.00,0.00,15,3,1,"","info"
en_pa_us,"panama maritime authority segumar",INFO_CANAL,INFORMACIONAL,BLOG_CORE,10,LOW,0,0.00,0.00,0.00,-8,1,1,"","info"
en_pa_us,"panama maritime authority website",INFO_CANAL,INFORMACIONAL,BLOG_CORE,10,LOW,0,0.00,0.00,0.00,0,1,1,"","info"
en_pa_us,"panama new cruise terminal",OTRO,COMERCIAL,EXCLUIR,10,UNKNOWN,0,0.00,0.00,0.00,-80,10,1,"","info"
en_pa_us,"panama port list",OTRO,INFORMACIONAL,REVISAR,10,UNKNOWN,0,0.00,0.00,0.00,-66,1,1,"","info"
en_pa_us,"panama port of registry",INFO_CANAL,INFORMACIONAL,BLOG_CORE,10,LOW,0,0.00,0.00,0.00,-29,3,2,"port of registry panama","info"
en_pa_us,"panama rodman port",OTRO,COMERCIAL,REVISAR,10,LOW,0,0.00,0.00,0.00,10,1,1,"","info"
en_pa_us,"panama sea port",OTRO,COMERCIAL,REVISAR,10,LOW,0,0.00,0.00,0.00,-8,7,2,"sea ports in panama","info url:orcashipsagents.com"
en_pa_us,"panama ship registry search",INFO_CANAL,INFORMACIONAL,BLOG_CORE,10,LOW,0,0.00,0.00,0.00,-25,1,1,"","info"
en_pa_us,"panama yacht registry",INFO_CANAL,INFORMACIONAL,BLOG_CORE,10,UNKNOWN,0,0.00,0.00,0.00,-50,1,1,"","info"
en_pa_us,"pedro miguel locks panama",INFO_CANAL,INFORMACIONAL,BLOG_GENERAL,10,LOW,3,0.00,0.00,0.00,38,1,1,"","info"
en_pa_us,"pedro miguel panama canal zone",INFO_CANAL,INFORMACIONAL,BLOG_GENERAL,10,LOW,0,0.00,0.00,0.00,-8,1,1,"","info"
en_pa_us,"register ship in panama",OTRO,COMERCIAL,REVISAR,10,UNKNOWN,0,0.00,0.00,0.00,-58,2,1,"","info"
en_pa_us,"regulations for transiting the panama canal",INFO_CANAL,INFORMACIONAL,BLOG_CORE,10,LOW,0,0.00,0.00,0.00,31,3,1,"","info url:orcashipsagents.com"
en_pa_us,"time to transit panama canal",INFO_CANAL,INFORMACIONAL,BLOG_GENERAL,10,LOW,0,0.00,0.00,0.00,-8,1,1,"","info url:adimarships.com url:orcashipsagents.com"
en_pa_us,"what does it cost to transit the panama canal",INFO_CANAL,INFORMACIONAL,BLOG_CORE,10,LOW,0,0.00,0.00,0.00,-30,1,1,"","info"
en_pa_us,"panama canal ships per day",INFO_CANAL,INFORMACIONAL,BLOG_CORE,10,LOW,0,0.00,0.00,0.00,-46,1,1,"","info_2 url:adimarships.com url:panamashipservice.com"
en_pa_us,"panama canal fees 2020",INFO_CANAL,INFORMACIONAL,BLOG_CORE,10,UNKNOWN,0,0.00,0.00,0.00,5,1,1,"","info_2"
en_pa_us,"panama canal fees 2021 cargo ship",INFO_CANAL,INFORMACIONAL,EXCLUIR,10,UNKNOWN,0,0.00,0.00,0.00,-54,11,1,"","info_2"
en_pa_us,"panama canal fees 2022",INFO_CANAL,INFORMACIONAL,BLOG_CORE,10,UNKNOWN,0,0.00,0.00,0.00,-54,4,1,"","info_2"
en_pa_us,"panama canal fees for container ships",INFO_CANAL,INFORMACIONAL,BLOG_CORE,10,LOW,0,0.00,0.00,0.00,-88,12,1,"","info_2 url:orcashipsagents.com"
en_pa_us,"panama canal passing fee",INFO_CANAL,INFORMACIONAL,BLOG_CORE,10,UNKNOWN,0,0.00,0.00,0.00,-31,1,1,"","info_2"
en_pa_us,"panama canal shipping delays",INFO_CANAL,INFORMACIONAL,BLOG_CORE,10,LOW,0,0.00,0.00,0.00,-50,3,1,"","info_2 url:adimarships.com url:panamashipservice.com url:orcashipsagents.com"
en_pa_us,"price to cross panama canal",INFO_CANAL,INFORMACIONAL,BLOG_CORE,10,LOW,4,0.00,0.00,0.00,-39,1,1,"","info_2"
en_pa_us,"leth agencies",CONQUEST,NAVEGACIONAL,CONQUEST,10,LOW,0,0.00,0.00,0.00,-3,1,1,"","conquest"
en_pa_us,"adimar shipping",CONQUEST,NAVEGACIONAL,CONQUEST,10,LOW,0,0.00,0.00,0.00,15,9,1,"","conquest"
en_pa_us,"associated steamship agents",CONQUEST,NAVEGACIONAL,CONQUEST,10,LOW,0,0.00,0.00,0.00,0,1,1,"","conquest"
en_pa_us,"cross world agency",CONQUEST,NAVEGACIONAL,CONQUEST,10,LOW,0,0.00,0.00,0.00,-25,1,1,"","conquest"
en_pa_us,"shipping to panama city panama",OTRO,COMERCIAL,EXCLUIR,10,HIGH,86,18714.64,7884.85,38433.63,-15,1,1,"","conquest"
en_pa_us,"international shipping to panama",OTRO,COMERCIAL,EXCLUIR,10,HIGH,86,0.00,0.00,0.00,0,1,1,"","conquest url:gac.com"
en_pa_us,"ship chandlers in panama",CONSULT,COMERCIAL,SERVICIO_PANAMA,10,UNKNOWN,0,0.00,0.00,0.00,-24,4,1,"","conquest"
en_pa_us,"wilhelmsen ships service panama",CONQUEST,NAVEGACIONAL,CONQUEST,10,LOW,0,0.00,0.00,0.00,22,1,1,"","conquest"
en_pa_us,"shipping by ship",OTRO,GENERICA,REVISAR,10,LOW,8,0.00,0.00,0.00,-13,2,2,"ships and shipping","url:adimarships.com url:panamashipservice.com url:gac.com"
en_pa_us,"ship panama canal",INFO_CANAL,INFORMACIONAL,BLOG_GENERAL,10,LOW,9,6030.33,0.00,0.00,-61,2,2,"ships panama canal","url:panamashipservice.com url:gac.com url:lethagencies.com"
en_pa_us,"us shipping agent",AGENCIA,COMERCIAL,SERVICIO,10,MEDIUM,37,35096.04,9764.08,54984.22,-30,10,1,"","url:adimarships.com url:gac.com"
en_pa_us,"panama agent",FUERA,COMERCIAL,EXCLUIR,10,LOW,0,0.00,0.00,0.00,0,1,1,"","url:adimarships.com url:lethagencies.com url:orcashipsagents.com"
en_pa_us,"canal agency",AGENCIA,COMERCIAL,SERVICIO,10,LOW,0,0.00,0.00,0.00,1,1,1,"","url:adimarships.com url:lethagencies.com"
en_pa_us,"ships through panama canal",INFO_CANAL,INFORMACIONAL,BLOG_GENERAL,10,LOW,3,0.00,0.00,0.00,-63,2,1,"","url:adimarships.com url:panamashipservice.com url:gac.com url:lethagencies.com url:orcashipsagents.com"
en_pa_us,"panama canal in",INFO_CANAL,INFORMACIONAL,BLOG_GENERAL,10,LOW,3,0.00,0.00,0.00,-1,6,1,"","url:adimarships.com url:panamashipservice.com url:gac.com url:lethagencies.com url:orcashipsagents.com"
en_pa_us,"panama canal to panama",INFO_CANAL,INFORMACIONAL,BLOG_GENERAL,10,LOW,0,0.00,0.00,0.00,-66,1,1,"","url:adimarships.com url:lethagencies.com url:orcashipsagents.com"
en_pa_us,"panama vessel",OTRO,COMERCIAL,REVISAR,10,LOW,0,0.00,0.00,0.00,-20,2,1,"","url:adimarships.com url:panamashipservice.com url:lethagencies.com url:orcashipsagents.com url:24marine.com"
en_pa_us,"shipping ship ship",OTRO,GENERICA,REVISAR,10,LOW,0,0.00,0.00,0.00,-8,6,3,"ship shipping a ship | the ship shipping ship","url:adimarships.com url:orcashipsagents.com"
en_pa_us,"the shipping times",OTRO,INFORMACIONAL,REVISAR,10,LOW,0,0.00,0.00,0.00,68,1,1,"","url:adimarships.com url:panamashipservice.com"
en_pa_us,"ship for cargo",OTRO,GENERICA,REVISAR,10,LOW,0,0.00,0.00,0.00,-19,3,1,"","url:adimarships.com url:panamashipservice.com url:orcashipsagents.com"
en_pa_us,"the shipping industry",OTRO,GENERICA,REVISAR,10,LOW,4,0.00,0.00,0.00,-8,4,1,"","url:adimarships.com url:panamashipservice.com url:lethagencies.com"
en_pa_us,"ship by ship",OTRO,GENERICA,REVISAR,10,LOW,8,0.00,0.00,0.00,-13,2,2,"ship the ship","url:orcashipsagents.com"
en_pa_us,"shipping from us to panama",OTRO,COMERCIAL,EXCLUIR,10,MEDIUM,63,6334.35,3571.48,13084.33,-27,3,1,"","url:adimarships.com"
en_pa_us,"transit in panama",OTRO,COMERCIAL,REVISAR,10,LOW,0,0.00,0.00,0.00,12,1,1,"","url:adimarships.com url:panamashipservice.com url:lethagencies.com url:orcashipsagents.com"
en_pa_us,"cargo from the ship",OTRO,GENERICA,REVISAR,10,LOW,0,0.00,0.00,0.00,0,1,1,"","url:adimarships.com url:panamashipservice.com"
en_pa_us,"svs shipping",OTRO,GENERICA,REVISAR,10,MEDIUM,33,0.00,0.00,0.00,8,2,1,"","url:adimarships.com url:gac.com url:lethagencies.com"
en_pa_us,"charterer of ship",CONSULT,GENERICA,SERVICIO,10,LOW,0,0.00,0.00,0.00,-58,3,1,"","url:adimarships.com url:orcashipsagents.com"
en_pa_us,"ship care",OTRO,GENERICA,REVISAR,10,LOW,2,0.00,0.00,0.00,-8,10,1,"","url:adimarships.com"
en_pa_us,"transit time vessel",OTRO,INFORMACIONAL,REVISAR,10,UNKNOWN,0,0.00,0.00,0.00,-8,1,2,"vessel transit time","url:adimarships.com url:panamashipservice.com"
en_pa_us,"ship husbandry services",AGENCIA,COMERCIAL,SERVICIO,10,LOW,0,0.00,0.00,0.00,-28,3,1,"","url:adimarships.com url:gac.com url:orcashipsagents.com"
en_pa_us,"cost of ships",OTRO,INFORMACIONAL,REVISAR,10,LOW,0,0.00,0.00,0.00,-23,5,1,"","url:adimarships.com"
en_pa_us,"it in shipping industry",OTRO,GENERICA,REVISAR,10,LOW,7,0.00,0.00,0.00,-31,1,1,"","url:adimarships.com url:panamashipservice.com"
en_pa_us,"find ship vessel",OTRO,GENERICA,EXCLUIR,10,LOW,20,1789.80,0.00,0.00,0,11,1,"","url:adimarships.com"
en_pa_us,"charterer agent",AGENCIA,COMERCIAL,SERVICIO,10,LOW,0,0.00,0.00,0.00,-8,2,1,"","url:adimarships.com url:orcashipsagents.com"
en_pa_us,"all shipping lines",OTRO,GENERICA,REVISAR,10,HIGH,86,0.00,0.00,0.00,-8,1,1,"","url:adimarships.com url:gac.com url:lethagencies.com"
en_pa_us,"ship email address",OTRO,GENERICA,REVISAR,10,LOW,0,0.00,0.00,0.00,-42,10,1,"","url:adimarships.com"
en_pa_us,"panama canal is located in",INFO_CANAL,INFORMACIONAL,BLOG_GENERAL,10,LOW,0,0.00,0.00,0.00,-39,1,1,"","url:adimarships.com url:lethagencies.com url:orcashipsagents.com"
en_pa_us,"ship it all",OTRO,GENERICA,REVISAR,10,MEDIUM,46,0.00,0.00,0.00,-1,6,1,"","url:adimarships.com url:gac.com url:lethagencies.com"
en_pa_us,"shipping vessel cost",OTRO,INFORMACIONAL,REVISAR,10,LOW,0,0.00,0.00,0.00,-8,1,1,"","url:adimarships.com url:panamashipservice.com"
en_pa_us,"vessel charterer",CONSULT,GENERICA,SERVICIO,10,LOW,2,0.00,0.00,0.00,-43,3,1,"","url:adimarships.com"
en_pa_us,"more shipping",OTRO,GENERICA,REVISAR,10,LOW,3,0.00,0.00,0.00,33,7,1,"","url:adimarships.com url:orcashipsagents.com"
en_pa_us,"ships waiting",OTRO,GENERICA,REVISAR,10,LOW,0,0.00,0.00,0.00,38,4,1,"","url:adimarships.com"
en_pa_us,"all about ship",OTRO,GENERICA,REVISAR,10,UNKNOWN,0,0.00,0.00,0.00,2,1,1,"","url:adimarships.com url:panamashipservice.com url:orcashipsagents.com"
en_pa_us,"panama canal transit live",INFO_CANAL,INFORMACIONAL,BLOG_GENERAL,10,LOW,0,0.00,0.00,0.00,-15,1,1,"","url:adimarships.com"
en_pa_us,"about shipping industry",OTRO,GENERICA,REVISAR,10,UNKNOWN,0,0.00,0.00,0.00,-85,9,1,"","url:adimarships.com url:panamashipservice.com url:lethagencies.com"
en_pa_us,"commercial shipping services",OTRO,COMERCIAL,EXCLUIR,10,HIGH,86,0.00,0.00,0.00,25,9,1,"","url:panamashipservice.com"
en_pa_us,"ship shipping companies",OTRO,GENERICA,REVISAR,10,MEDIUM,49,21740.96,8831.21,24495.54,-42,3,1,"","url:panamashipservice.com url:gac.com"
en_pa_us,"marine ship service",OTRO,COMERCIAL,REVISAR,10,LOW,0,0.00,0.00,0.00,-95,6,1,"","url:panamashipservice.com"
en_pa_us,"vessel shipping company",CONSULT,COMERCIAL,SERVICIO,10,MEDIUM,49,21740.96,8831.21,24495.54,-42,3,1,"","url:panamashipservice.com url:gac.com"
en_pa_us,"repair vessel",OTRO,GENERICA,REVISAR,10,LOW,0,0.00,0.00,0.00,0,1,1,"","url:panamashipservice.com"
en_pa_us,"ship condition survey",SURVEY,GENERICA,SERVICIO,10,LOW,0,0.00,0.00,0.00,1,5,2,"condition survey of ship","url:panamashipservice.com"
en_pa_us,"underwater survey of ship",SURVEY,INFORMACIONAL,BLOG_CORE,10,UNKNOWN,0,0.00,0.00,0.00,-51,3,1,"","url:panamashipservice.com"
en_pa_us,"panama ship supply",OTRO,COMERCIAL,REVISAR,10,LOW,2,0.00,0.00,0.00,-14,7,1,"","url:panamashipservice.com url:gac.com url:orcashipsagents.com"
en_pa_us,"marine ship repair",OTRO,GENERICA,REVISAR,10,LOW,4,0.00,0.00,0.00,8,3,1,"","url:panamashipservice.com"
en_pa_us,"panama suppliers",OTRO,COMERCIAL,REVISAR,10,LOW,0,0.00,0.00,0.00,10,1,1,"","url:panamashipservice.com url:orcashipsagents.com"
en_pa_us,"shipping service providers",OTRO,COMERCIAL,REVISAR,10,LOW,15,0.00,17782.44,114193.29,-50,9,1,"","url:panamashipservice.com"
en_pa_us,"ship surveys and inspections",SURVEY,GENERICA,SERVICIO,10,UNKNOWN,0,0.00,0.00,0.00,-63,3,1,"","url:panamashipservice.com"
en_pa_us,"vessel condition survey",SURVEY,GENERICA,SERVICIO,10,LOW,0,0.00,0.00,0.00,1,5,1,"","url:panamashipservice.com url:24marine.com"
en_pa_us,"ship transportation cost",OTRO,INFORMACIONAL,REVISAR,10,UNKNOWN,0,0.00,0.00,0.00,-36,1,1,"","url:panamashipservice.com"
en_pa_us,"ship propeller repair",OTRO,GENERICA,REVISAR,10,LOW,0,0.00,0.00,0.00,-43,3,1,"","url:panamashipservice.com"
en_pa_us,"panama canal maintenance",INFO_CANAL,INFORMACIONAL,BLOG_GENERAL,10,LOW,0,0.00,0.00,0.00,-48,1,1,"","url:panamashipservice.com"
en_pa_us,"industrial shipping companies",OTRO,GENERICA,REVISAR,10,HIGH,68,49429.25,0.00,0.00,-8,4,1,"","url:panamashipservice.com"
en_pa_us,"ship garbage disposal",OTRO,GENERICA,REVISAR,10,UNKNOWN,0,0.00,0.00,0.00,15,2,2,"garbage disposal in ship","url:panamashipservice.com"
en_pa_us,"marine ship repair company",OTRO,COMERCIAL,REVISAR,10,UNKNOWN,0,0.00,0.00,0.00,-56,3,1,"","url:panamashipservice.com"
en_pa_us,"technical ship supply",OTRO,GENERICA,REVISAR,10,LOW,0,0.00,0.00,0.00,-8,1,2,"technical ship supplies","url:orcashipsagents.com"
en_pa_us,"ship garbage",OTRO,GENERICA,REVISAR,10,LOW,0,0.00,0.00,0.00,12,1,1,"","url:panamashipservice.com"
en_pa_us,"ship supply services",OTRO,COMERCIAL,REVISAR,10,LOW,5,0.00,0.00,0.00,-48,2,1,"","url:panamashipservice.com url:gac.com url:lethagencies.com"
en_pa_us,"marine supply & ship services",OTRO,COMERCIAL,EXCLUIR,10,UNKNOWN,0,0.00,0.00,0.00,-59,3,1,"","url:panamashipservice.com url:gac.com"
en_pa_us,"ship survey and vetting inspection",SURVEY,GENERICA,SERVICIO,10,UNKNOWN,0,0.00,0.00,0.00,38,2,1,"","url:panamashipservice.com"
en_pa_us,"marine shipping services",OTRO,COMERCIAL,EXCLUIR,10,LOW,0,0.00,0.00,0.00,-95,6,2,"shipping marine services","url:gac.com"
en_pa_us,"excellent ship",OTRO,GENERICA,REVISAR,10,LOW,5,0.00,0.00,0.00,30,4,1,"","url:panamashipservice.com"
en_pa_us,"marine service as",OTRO,COMERCIAL,REVISAR,10,UNKNOWN,0,0.00,0.00,0.00,-63,1,2,"as marine services","url:panamashipservice.com url:24marine.com"
en_pa_us,"the company ship",OTRO,COMERCIAL,REVISAR,10,LOW,0,0.00,0.00,0.00,0,1,1,"","url:panamashipservice.com url:lethagencies.com"
en_pa_us,"www shipping company",CONSULT,COMERCIAL,SERVICIO,10,HIGH,86,0.00,0.00,0.00,-1,11,1,"","url:panamashipservice.com"
en_pa_us,"marine transportation industry",OTRO,GENERICA,REVISAR,10,LOW,0,0.00,0.00,0.00,-47,11,1,"","url:panamashipservice.com"
en_pa_us,"maritime fleet management",OTRO,INFORMACIONAL,REVISAR,10,LOW,0,0.00,0.00,0.00,-68,3,1,"","url:panamashipservice.com"
en_pa_us,"shipping industry report",OTRO,GENERICA,REVISAR,10,LOW,25,0.00,0.00,0.00,-43,6,1,"","url:panamashipservice.com"
en_pa_us,"vessel fleet management",OTRO,GENERICA,REVISAR,10,LOW,0,0.00,0.00,0.00,-28,3,2,"fleet management vessels","url:panamashipservice.com"
en_pa_us,"underwater service",OTRO,COMERCIAL,REVISAR,10,LOW,0,0.00,0.00,0.00,-1,7,1,"","url:panamashipservice.com"
en_pa_us,"vessel marine services",OTRO,COMERCIAL,REVISAR,10,LOW,1,0.00,0.00,0.00,-33,1,1,"","url:panamashipservice.com url:gac.com url:24marine.com"
en_pa_us,"supply vessel ship",OTRO,GENERICA,REVISAR,10,LOW,0,0.00,0.00,0.00,-17,1,1,"","url:panamashipservice.com"
en_pa_us,"find your vessel",OTRO,GENERICA,REVISAR,10,LOW,0,0.00,0.00,0.00,12,2,1,"","url:panamashipservice.com url:gac.com url:24marine.com"
en_pa_us,"marine survey vessel",SURVEY,GENERICA,SERVICIO,10,UNKNOWN,0,0.00,0.00,0.00,-25,1,1,"","url:panamashipservice.com url:24marine.com"
en_pa_us,"marine and services",OTRO,COMERCIAL,REVISAR,10,UNKNOWN,0,0.00,0.00,0.00,-54,3,1,"","url:panamashipservice.com url:24marine.com"
en_pa_us,"panama class ship",OTRO,COMERCIAL,REVISAR,10,LOW,0,0.00,0.00,0.00,0,1,1,"","url:panamashipservice.com"
en_pa_us,"ship class survey",SURVEY,GENERICA,SERVICIO,10,UNKNOWN,0,0.00,0.00,0.00,-27,5,2,"class survey on ship","url:panamashipservice.com"
en_pa_us,"the marine shipping",OTRO,GENERICA,REVISAR,10,LOW,0,0.00,0.00,0.00,38,4,1,"","url:panamashipservice.com"
en_pa_us,"nautical industry",OTRO,GENERICA,REVISAR,10,LOW,29,12196.86,0.00,0.00,-13,1,1,"","url:panamashipservice.com"
en_pa_us,"shipment and shipping",OTRO,GENERICA,REVISAR,10,LOW,7,0.00,0.00,0.00,-8,1,2,"shipping and shipment","url:panamashipservice.com"
en_pa_us,"vessel in transit",OTRO,GENERICA,REVISAR,10,LOW,0,0.00,0.00,0.00,8,4,1,"","url:panamashipservice.com"
en_pa_us,"underwater inspection of ships",SURVEY,INFORMACIONAL,BLOG_CORE,10,LOW,0,0.00,0.00,0.00,-37,4,1,"","url:panamashipservice.com"
en_pa_us,"bunker cost shipping",BUNKER,INFORMACIONAL,BLOG_CORE,10,LOW,0,0.00,0.00,0.00,8,3,2,"bunker cost in shipping","url:panamashipservice.com"
en_pa_us,"seafaring industry",OTRO,GENERICA,REVISAR,10,LOW,0,0.00,0.00,0.00,2,1,1,"","url:panamashipservice.com"
en_pa_us,"marine service and repair",OTRO,COMERCIAL,REVISAR,10,LOW,31,0.00,0.00,0.00,-27,9,1,"","url:panamashipservice.com"
en_pa_us,"vessel rates",OTRO,INFORMACIONAL,REVISAR,10,LOW,0,0.00,0.00,0.00,-17,1,1,"","url:panamashipservice.com"
en_pa_us,"about shipping company",CONSULT,COMERCIAL,SERVICIO,10,UNKNOWN,0,0.00,0.00,0.00,-43,1,1,"","url:panamashipservice.com url:lethagencies.com url:orcashipsagents.com"
en_pa_us,"cost of one ship",OTRO,INFORMACIONAL,REVISAR,10,UNKNOWN,0,0.00,0.00,0.00,-45,3,1,"","url:panamashipservice.com"
en_pa_us,"panama canal shipping supply",INFO_CANAL,INFORMACIONAL,BLOG_GENERAL,10,LOW,18,0.00,0.00,0.00,-1,6,1,"","url:panamashipservice.com url:orcashipsagents.com"
en_pa_us,"marine garbage disposal",OTRO,GENERICA,REVISAR,10,LOW,19,0.00,0.00,0.00,-8,11,1,"","url:panamashipservice.com"
en_pa_us,"vessel requirements",OTRO,INFORMACIONAL,REVISAR,10,LOW,3,3413.07,0.00,0.00,-15,2,1,"","url:panamashipservice.com"
en_pa_us,"rudder marine services & ship repairs",OTRO,COMERCIAL,REVISAR,10,LOW,0,0.00,0.00,0.00,-18,1,1,"","url:panamashipservice.com"
en_pa_us,"industry marine",OTRO,GENERICA,REVISAR,10,LOW,0,0.00,0.00,0.00,-28,4,2,"the marine industry","url:panamashipservice.com"
en_pa_us,"pricing in shipping industry",OTRO,GENERICA,REVISAR,10,UNKNOWN,0,0.00,0.00,0.00,-54,2,1,"","url:panamashipservice.com"
en_pa_us,"bonded stores ship",OTRO,GENERICA,REVISAR,10,LOW,14,0.00,0.00,0.00,-54,1,1,"","url:panamashipservice.com"
en_pa_us,"fleet support ship",OTRO,GENERICA,REVISAR,10,LOW,0,0.00,0.00,0.00,-8,10,1,"","url:panamashipservice.com"
en_pa_us,"supply vessel shipping company",CONSULT,COMERCIAL,SERVICIO,10,UNKNOWN,0,0.00,0.00,0.00,-8,2,1,"","url:panamashipservice.com"
en_pa_us,"at shipping company",CONSULT,COMERCIAL,SERVICIO,10,LOW,14,0.00,0.00,0.00,31,1,2,"shipping companies in","url:panamashipservice.com url:gac.com url:lethagencies.com"
en_pa_us,"find shipping vessel",OTRO,GENERICA,EXCLUIR,10,LOW,20,1789.80,0.00,0.00,0,11,1,"","url:panamashipservice.com url:gac.com"
en_pa_us,"marine management shipping",OTRO,GENERICA,REVISAR,10,UNKNOWN,0,0.00,0.00,0.00,-42,2,1,"","url:panamashipservice.com url:gac.com"
en_pa_us,"shipping sector",OTRO,GENERICA,REVISAR,10,LOW,0,0.00,0.00,0.00,-21,2,1,"","url:panamashipservice.com"
en_pa_us,"marine ship engine",OTRO,GENERICA,REVISAR,10,LOW,3,21632.04,0.00,0.00,-15,4,1,"","url:panamashipservice.com"
en_pa_us,"ship steel",OTRO,GENERICA,REVISAR,10,LOW,0,0.00,0.00,0.00,-8,4,1,"","url:panamashipservice.com"
en_pa_us,"ship from top",OTRO,GENERICA,REVISAR,10,LOW,0,0.00,0.00,0.00,10,1,1,"","url:panamashipservice.com"
en_pa_us,"management ship",OTRO,GENERICA,REVISAR,10,LOW,1,0.00,0.00,0.00,11,7,2,"a ship management","url:panamashipservice.com"
en_pa_us,"technical ship management companies",CONSULT,GENERICA,SERVICIO,10,UNKNOWN,0,0.00,0.00,0.00,-45,5,1,"","url:panamashipservice.com"
en_pa_us,"shipping agent singapore",AGENCIA,COMERCIAL,SERVICIO,10,MEDIUM,43,0.00,0.00,0.00,-21,2,1,"","url:gac.com"
en_pa_us,"shipping agent dubai",AGENCIA,COMERCIAL,SERVICIO,10,LOW,16,0.00,0.00,0.00,-48,7,1,"","url:gac.com"
en_pa_us,"business of shipping",OTRO,GENERICA,REVISAR,10,UNKNOWN,0,0.00,0.00,0.00,-16,5,2,"the business of shipping","url:gac.com"
en_pa_us,"shipping services dubai",OTRO,COMERCIAL,EXCLUIR,10,LOW,29,0.00,0.00,0.00,65,3,1,"","url:gac.com"
en_pa_us,"shipping lines in south africa",OTRO,GENERICA,REVISAR,10,LOW,0,0.00,0.00,0.00,-48,2,1,"","url:gac.com"
en_pa_us,"shipping from usa to saudi arabia by sea",OTRO,GENERICA,EXCLUIR,10,UNKNOWN,0,0.00,0.00,0.00,-54,4,1,"","url:gac.com"
en_pa_us,"shipping company in abu dhabi",CONSULT,COMERCIAL,SERVICIO,10,LOW,14,0.00,0.00,0.00,-21,3,1,"","url:gac.com"
en_pa_us,"ship agency in sri lanka",AGENCIA,COMERCIAL,SERVICIO,10,LOW,0,0.00,0.00,0.00,0,1,1,"","url:gac.com"
en_pa_us,"gac logistics dubai",CONQUEST,NAVEGACIONAL,CONQUEST,10,LOW,7,0.00,0.00,0.00,-62,9,1,"","url:gac.com"
en_pa_us,"hong kong shipping agent",AGENCIA,COMERCIAL,SERVICIO,10,MEDIUM,61,0.00,0.00,0.00,-8,1,1,"","url:gac.com"
en_pa_us,"gac europe",CONQUEST,NAVEGACIONAL,CONQUEST,10,LOW,0,0.00,0.00,0.00,0,9,1,"","url:gac.com"
en_pa_us,"gac south africa",CONQUEST,NAVEGACIONAL,CONQUEST,10,LOW,0,0.00,0.00,0.00,0,1,1,"","url:gac.com"
en_pa_us,"shipping agency in sri lanka",AGENCIA,COMERCIAL,SERVICIO,10,LOW,0,0.00,0.00,0.00,0,1,1,"","url:gac.com"
en_pa_us,"united arab agency",FUERA,COMERCIAL,EXCLUIR,10,UNKNOWN,0,0.00,0.00,0.00,-41,10,1,"","url:gac.com"
en_pa_us,"gac shipping and logistics",CONQUEST,NAVEGACIONAL,CONQUEST,10,LOW,24,0.00,0.00,0.00,-43,6,1,"","url:gac.com"
en_pa_us,"shipping company office",CONSULT,COMERCIAL,SERVICIO,10,LOW,0,0.00,0.00,0.00,12,1,1,"","url:gac.com url:lethagencies.com"
en_pa_us,"gac freight",CONQUEST,NAVEGACIONAL,CONQUEST,10,LOW,0,0.00,0.00,0.00,83,2,1,"","url:gac.com"
en_pa_us,"gac company saudi arabia",CONQUEST,NAVEGACIONAL,CONQUEST,10,LOW,0,0.00,0.00,0.00,-8,3,1,"","url:gac.com"
en_pa_us,"gac shipping dubai",CONQUEST,NAVEGACIONAL,CONQUEST,10,UNKNOWN,0,0.00,0.00,0.00,83,9,1,"","url:gac.com"
en_pa_us,"gac middle east",CONQUEST,NAVEGACIONAL,CONQUEST,10,LOW,0,0.00,0.00,0.00,15,1,1,"","url:gac.com"
en_pa_us,"gac contact number",CONQUEST,NAVEGACIONAL,CONQUEST,10,LOW,0,0.00,0.00,0.00,53,3,1,"","url:gac.com"
en_pa_us,"gac world",CONQUEST,NAVEGACIONAL,CONQUEST,10,LOW,0,0.00,0.00,0.00,0,1,1,"","url:gac.com"
en_pa_us,"shipping agency in saudi arabia",AGENCIA,COMERCIAL,SERVICIO,10,LOW,0,0.00,0.00,0.00,-69,7,1,"","url:gac.com"
en_pa_us,"find your ship",OTRO,GENERICA,REVISAR,10,LOW,6,3452.01,0.00,0.00,0,1,1,"","url:gac.com"
en_pa_us,"integrated shipping",OTRO,INFORMACIONAL,REVISAR,10,LOW,7,0.00,0.00,0.00,-14,12,1,"","url:gac.com"
en_pa_us,"gac dubai office",CONQUEST,NAVEGACIONAL,CONQUEST,10,UNKNOWN,0,0.00,0.00,0.00,-45,2,1,"","url:gac.com"
en_pa_us,"maritime ship cleaning",OTRO,INFORMACIONAL,REVISAR,10,UNKNOWN,0,0.00,0.00,0.00,-8,5,1,"","url:gac.com"
en_pa_us,"gac group dubai",CONQUEST,NAVEGACIONAL,CONQUEST,10,LOW,7,0.00,0.00,0.00,-62,9,1,"","url:gac.com"
en_pa_us,"european shipping services",OTRO,COMERCIAL,EXCLUIR,10,HIGH,71,31090.14,4262.41,17419.47,0,1,1,"","url:gac.com"
en_pa_us,"shipping company logistics",CONSULT,COMERCIAL,SERVICIO,10,MEDIUM,33,0.00,0.00,0.00,-27,12,1,"","url:gac.com"
en_pa_us,"shipping agency in germany",AGENCIA,COMERCIAL,SERVICIO,10,UNKNOWN,0,0.00,0.00,0.00,,11,1,"","url:gac.com"
en_pa_us,"supply chain management in shipping industry",OTRO,GENERICA,REVISAR,10,MEDIUM,57,0.00,0.00,0.00,-35,3,1,"","url:gac.com"
en_pa_us,"gac shipping singapore",CONQUEST,NAVEGACIONAL,CONQUEST,10,UNKNOWN,0,0.00,0.00,0.00,,10,1,"","url:gac.com"
en_pa_us,"ship use",OTRO,GENERICA,REVISAR,10,LOW,1,0.00,0.00,0.00,-1,3,1,"","url:gac.com"
en_pa_us,"shipping sa",OTRO,GENERICA,REVISAR,10,LOW,5,0.00,0.00,0.00,-15,2,1,"","url:gac.com"
en_pa_us,"vessel tracing",OTRO,GENERICA,REVISAR,10,LOW,0,0.00,0.00,0.00,-63,9,1,"","url:gac.com"
en_pa_us,"gac contact",CONQUEST,NAVEGACIONAL,CONQUEST,10,UNKNOWN,0,0.00,0.00,0.00,3,1,1,"","url:gac.com"
en_pa_us,"global shipping contact number",OTRO,GENERICA,REVISAR,10,HIGH,86,0.00,0.00,0.00,-18,1,1,"","url:gac.com"
en_pa_us,"gac marine logistics",CONQUEST,NAVEGACIONAL,CONQUEST,10,LOW,0,0.00,0.00,0.00,12,1,1,"","url:gac.com"
en_pa_us,"marine firms",OTRO,COMERCIAL,REVISAR,10,UNKNOWN,0,0.00,0.00,0.00,-63,6,1,"","url:gac.com url:24marine.com"
en_pa_us,"australia shipping agent",AGENCIA,COMERCIAL,SERVICIO,10,MEDIUM,34,0.00,7840.79,26991.99,-8,6,1,"","url:gac.com"
en_pa_us,"management shipping",OTRO,GENERICA,REVISAR,10,LOW,1,0.00,0.00,0.00,11,7,1,"","url:gac.com"
en_pa_us,"ship to port",OTRO,GENERICA,REVISAR,10,LOW,3,0.00,0.00,0.00,0,1,2,"ships in the port","url:gac.com"
en_pa_us,"shipping services in sri lanka",OTRO,COMERCIAL,EXCLUIR,10,UNKNOWN,0,0.00,0.00,0.00,-77,1,1,"","url:gac.com"
en_pa_us,"ship in abu dhabi",OTRO,GENERICA,REVISAR,10,UNKNOWN,0,0.00,0.00,0.00,-45,3,1,"","url:gac.com"
en_pa_us,"shipping agent philippines",AGENCIA,COMERCIAL,SERVICIO,10,UNKNOWN,0,0.00,0.00,0.00,-36,10,1,"","url:gac.com"
en_pa_us,"gac dubai contact number",CONQUEST,NAVEGACIONAL,CONQUEST,10,UNKNOWN,0,0.00,0.00,0.00,-39,10,1,"","url:gac.com"
en_pa_us,"worldwide marine services",OTRO,COMERCIAL,REVISAR,10,LOW,0,0.00,0.00,0.00,10,1,1,"","url:gac.com url:24marine.com"
en_pa_us,"shipping operations management",OTRO,GENERICA,REVISAR,10,LOW,0,0.00,0.00,0.00,-14,3,1,"","url:gac.com"
en_pa_us,"service offshore vessel",STS_OFFSHORE,COMERCIAL,SERVICIO,10,UNKNOWN,0,0.00,0.00,0.00,-50,1,1,"","url:gac.com"
en_pa_us,"ship operations management",OTRO,GENERICA,REVISAR,10,LOW,0,0.00,0.00,0.00,-14,3,1,"","url:gac.com"
en_pa_us,"safe shipping services",OTRO,COMERCIAL,EXCLUIR,10,MEDIUM,40,46906.26,21690.13,2602510.04,0,1,1,"","url:gac.com"
en_pa_us,"shipping agency malaysia",AGENCIA,COMERCIAL,SERVICIO,10,UNKNOWN,0,0.00,0.00,0.00,-8,1,1,"","url:gac.com"
en_pa_us,"bangladesh shipping agency",AGENCIA,COMERCIAL,SERVICIO,10,UNKNOWN,0,0.00,0.00,0.00,-54,3,1,"","url:gac.com"
en_pa_us,"dubai by ship",OTRO,GENERICA,REVISAR,10,UNKNOWN,0,0.00,0.00,0.00,-24,1,1,"","url:gac.com"
en_pa_us,"find shipping company",CONSULT,COMERCIAL,EXCLUIR,10,LOW,29,0.00,0.00,0.00,10,1,1,"","url:gac.com"
en_pa_us,"gac delivering your strategy",CONQUEST,NAVEGACIONAL,CONQUEST,10,LOW,0,0.00,0.00,0.00,129,3,1,"","url:gac.com"
en_pa_us,"gac jordan",CONQUEST,NAVEGACIONAL,CONQUEST,10,LOW,0,0.00,0.00,0.00,10,2,1,"","url:gac.com"
en_pa_us,"gac logistics bahrain",CONQUEST,NAVEGACIONAL,CONQUEST,10,UNKNOWN,0,0.00,0.00,0.00,-8,6,1,"","url:gac.com"
en_pa_us,"gac logistics park dubai",CONQUEST,NAVEGACIONAL,CONQUEST,10,UNKNOWN,0,0.00,0.00,0.00,83,6,1,"","url:gac.com"
en_pa_us,"gac marine llc abu dhabi",CONQUEST,NAVEGACIONAL,CONQUEST,10,LOW,0,0.00,0.00,0.00,53,3,1,"","url:gac.com"
en_pa_us,"gac shipping greece",CONQUEST,NAVEGACIONAL,CONQUEST,10,UNKNOWN,0,0.00,0.00,0.00,-8,6,1,"","url:gac.com"
en_pa_us,"gac shipping india",CONQUEST,NAVEGACIONAL,CONQUEST,10,UNKNOWN,0,0.00,0.00,0.00,-39,9,1,"","url:gac.com"
en_pa_us,"gac shipping qatar",CONQUEST,NAVEGACIONAL,CONQUEST,10,UNKNOWN,0,0.00,0.00,0.00,-8,5,1,"","url:gac.com"
en_pa_us,"gac support",CONQUEST,NAVEGACIONAL,CONQUEST,10,LOW,0,0.00,0.00,0.00,10,1,1,"","url:gac.com"
en_pa_us,"indonesia shipping agency",AGENCIA,COMERCIAL,SERVICIO,10,UNKNOWN,0,0.00,0.00,0.00,-25,1,1,"","url:gac.com"
en_pa_us,"marine logistics services",OTRO,COMERCIAL,REVISAR,10,LOW,0,0.00,0.00,0.00,0,1,1,"","url:gac.com"
en_pa_us,"marine services abu dhabi",OTRO,COMERCIAL,REVISAR,10,UNKNOWN,0,0.00,0.00,0.00,-8,3,1,"","url:gac.com"
en_pa_us,"marine services saudi arabia",OTRO,COMERCIAL,REVISAR,10,UNKNOWN,0,0.00,0.00,0.00,-8,3,1,"","url:gac.com"
en_pa_us,"marine ship supply",OTRO,GENERICA,REVISAR,10,UNKNOWN,0,0.00,0.00,0.00,-16,12,1,"","url:gac.com url:orcashipsagents.com"
en_pa_us,"maritime services company",CONSULT,COMERCIAL,SERVICIO,10,LOW,0,0.00,0.00,0.00,5,5,1,"","url:gac.com url:24marine.com"
en_pa_us,"panama singapore",OTRO,COMERCIAL,REVISAR,10,LOW,21,367.49,181.15,1121.08,-8,1,2,"singapore panama","url:gac.com"
en_pa_us,"requirements for international shipping",OTRO,INFORMACIONAL,REVISAR,10,LOW,17,1107.35,0.00,0.00,0,1,1,"","url:gac.com"
en_pa_us,"ship crewing agencies",AGENCIA,GENERICA,SERVICIO,10,LOW,0,0.00,0.00,0.00,83,5,1,"","url:gac.com"
en_pa_us,"ship pacific",OTRO,GENERICA,REVISAR,10,LOW,0,0.00,0.00,0.00,8,10,1,"","url:gac.com"
en_pa_us,"shipbuilding solutions",OTRO,GENERICA,REVISAR,10,LOW,0,0.00,0.00,0.00,-1,4,1,"","url:gac.com"
en_pa_us,"shipping agencies in kenya",AGENCIA,GENERICA,SERVICIO,10,LOW,23,0.00,27620.13,45878.45,-13,5,1,"","url:gac.com"
en_pa_us,"shipping agency in egypt",AGENCIA,COMERCIAL,EXCLUIR,10,HIGH,86,0.00,0.00,0.00,22,10,1,"","url:gac.com url:lethagencies.com"
en_pa_us,"shipping agency in nigeria",AGENCIA,COMERCIAL,SERVICIO,10,LOW,8,12614.86,0.00,0.00,0,7,1,"","url:gac.com"
en_pa_us,"shipping agency in qatar",AGENCIA,COMERCIAL,SERVICIO,10,UNKNOWN,0,0.00,0.00,0.00,-69,1,1,"","url:gac.com"
en_pa_us,"shipping agency malta",AGENCIA,COMERCIAL,SERVICIO,10,UNKNOWN,0,0.00,0.00,0.00,267,1,1,"","url:gac.com"
en_pa_us,"shipping companies global",OTRO,GENERICA,REVISAR,10,MEDIUM,50,0.00,0.00,0.00,-8,4,1,"","url:gac.com"
en_pa_us,"sri lanka shipping companies",OTRO,GENERICA,REVISAR,10,LOW,0,0.00,0.00,0.00,10,1,2,"shipping company in sri lanka","url:gac.com"
en_pa_us,"shipping from south korea",OTRO,GENERICA,EXCLUIR,10,LOW,29,0.00,0.00,0.00,-8,4,1,"","url:gac.com"
en_pa_us,"through the panama canal",INFO_CANAL,INFORMACIONAL,BLOG_GENERAL,10,LOW,20,12807.23,0.00,0.00,-21,2,1,"","url:gac.com url:orcashipsagents.com"
en_pa_us,"world marine shipping",OTRO,GENERICA,REVISAR,10,LOW,14,0.00,0.00,0.00,-8,1,1,"","url:gac.com"
en_pa_us,"world wide shipping group",OTRO,GENERICA,REVISAR,10,LOW,14,0.00,0.00,0.00,-1,7,1,"","url:gac.com"
en_pa_us,"panama authority",INFO_CANAL,INFORMACIONAL,BLOG_CORE,10,LOW,0,0.00,0.00,0.00,-8,1,1,"","url:lethagencies.com url:orcashipsagents.com"
en_pa_us,"panama canal calculator",INFO_CANAL,INFORMACIONAL,BLOG_GENERAL,10,LOW,0,0.00,0.00,0.00,-8,1,1,"","url:lethagencies.com"
en_pa_us,"inchcape service",CONQUEST,NAVEGACIONAL,CONQUEST,10,LOW,0,0.00,0.00,0.00,10,1,1,"","url:lethagencies.com"
en_pa_us,"full service shipping",OTRO,COMERCIAL,REVISAR,10,MEDIUM,59,0.00,9005.90,61795.53,-15,6,1,"","url:lethagencies.com"
en_pa_us,"inchcape shipping company",CONQUEST,NAVEGACIONAL,CONQUEST,10,LOW,0,0.00,0.00,0.00,10,1,1,"","url:lethagencies.com"
en_pa_us,"port shipping company",CONSULT,COMERCIAL,SERVICIO,10,MEDIUM,57,0.00,8181.95,49907.07,-32,10,1,"","url:lethagencies.com"
en_pa_us,"transit suez canal",INFO_CANAL,INFORMACIONAL,EXCLUIR,10,LOW,0,0.00,0.00,0.00,-50,1,1,"","url:lethagencies.com"
en_pa_us,"inchcape shipping services contact",CONQUEST,NAVEGACIONAL,EXCLUIR,10,LOW,0,0.00,0.00,0.00,-8,1,1,"","url:lethagencies.com"
en_pa_us,"panama toll calculator",INFO_CANAL,INFORMACIONAL,BLOG_CORE,10,LOW,0,0.00,0.00,0.00,-17,12,1,"","url:lethagencies.com"
en_pa_us,"as shipping company",CONSULT,COMERCIAL,SERVICIO,10,UNKNOWN,0,0.00,0.00,0.00,-24,2,1,"","url:lethagencies.com url:orcashipsagents.com"
en_pa_us,"inchcape shipping services owner",CONQUEST,NAVEGACIONAL,EXCLUIR,10,LOW,0,0.00,0.00,0.00,-21,2,1,"","url:lethagencies.com"
en_pa_us,"shipping company from",CONSULT,COMERCIAL,SERVICIO,10,MEDIUM,43,0.00,0.00,0.00,-15,2,1,"","url:lethagencies.com"
en_pa_us,"canal calculator",INFO_CANAL,INFORMACIONAL,BLOG_GENERAL,10,LOW,0,0.00,0.00,0.00,68,1,1,"","url:lethagencies.com"
en_pa_us,"the shipping line",OTRO,GENERICA,REVISAR,10,LOW,0,0.00,0.00,0.00,-18,2,1,"","url:lethagencies.com"
en_pa_us,"inchcape shipping services address",CONQUEST,NAVEGACIONAL,EXCLUIR,10,UNKNOWN,0,0.00,0.00,0.00,-8,1,1,"","url:lethagencies.com"
en_pa_us,"shipping line agency",AGENCIA,COMERCIAL,SERVICIO,10,HIGH,86,8279.09,0.00,0.00,-48,7,1,"","url:lethagencies.com"
en_pa_us,"panama circulars",OTRO,COMERCIAL,REVISAR,10,LOW,0,0.00,0.00,0.00,-15,1,1,"","url:lethagencies.com"
en_pa_us,"suez canal calculator",INFO_CANAL,INFORMACIONAL,EXCLUIR,10,LOW,0,0.00,0.00,0.00,1,3,1,"","url:lethagencies.com"
en_pa_us,"inchcape shipping services head office",CONQUEST,NAVEGACIONAL,EXCLUIR,10,UNKNOWN,0,0.00,0.00,0.00,-8,2,1,"","url:lethagencies.com"
en_pa_us,"suez toll calculator",INFO_CANAL,INFORMACIONAL,EXCLUIR,10,UNKNOWN,0,0.00,0.00,0.00,-39,3,1,"","url:lethagencies.com"
en_pa_us,"cash to master",OTRO,GENERICA,REVISAR,10,LOW,0,0.00,0.00,0.00,-3,4,1,"","url:lethagencies.com"
en_pa_us,"local shipping lines",OTRO,GENERICA,REVISAR,10,UNKNOWN,0,0.00,0.00,0.00,175,1,1,"","url:lethagencies.com"
en_pa_us,"shipmanagement company",OTRO,COMERCIAL,REVISAR,10,LOW,29,0.00,0.00,0.00,26,3,1,"","url:lethagencies.com"
en_pa_us,"shipping conglomerate",OTRO,INFORMACIONAL,REVISAR,10,LOW,6,0.00,0.00,0.00,-15,3,1,"","url:lethagencies.com"
en_pa_us,"shipping line in egypt",OTRO,GENERICA,EXCLUIR,10,UNKNOWN,0,0.00,0.00,0.00,-8,5,1,"","url:lethagencies.com"
en_pa_us,"inchcape shipping services korea",CONQUEST,NAVEGACIONAL,EXCLUIR,10,LOW,0,0.00,0.00,0.00,83,1,1,"","url:lethagencies.com"
en_pa_us,"inchcape shipping services job vacancies",CONQUEST,NAVEGACIONAL,EXCLUIR,10,UNKNOWN,0,0.00,0.00,0.00,-39,12,1,"","url:lethagencies.com"
en_pa_us,"vessel eta",OTRO,GENERICA,REVISAR,10,LOW,0,0.00,0.00,0.00,-56,1,1,"","url:lethagencies.com"
en_pa_us,"all about suez canal",INFO_CANAL,INFORMACIONAL,EXCLUIR,10,LOW,0,0.00,0.00,0.00,175,2,1,"","url:lethagencies.com"
en_pa_us,"inchcape shipping services egypt",CONQUEST,NAVEGACIONAL,EXCLUIR,10,LOW,0,0.00,0.00,0.00,,1,1,"","url:lethagencies.com"
en_pa_us,"port handling services",OTRO,COMERCIAL,REVISAR,10,UNKNOWN,0,0.00,0.00,0.00,-54,1,1,"","url:lethagencies.com"
en_pa_us,"panama canal process",INFO_CANAL,INFORMACIONAL,BLOG_GENERAL,10,LOW,4,0.00,0.00,0.00,24,3,1,"","url:lethagencies.com"
en_pa_us,"port & authority",INFO_CANAL,INFORMACIONAL,BLOG_CORE,10,HIGH,100,15774.20,1617.18,5578.48,-8,3,1,"","url:lethagencies.com"
en_pa_us,"ship chandelling services",OTRO,COMERCIAL,REVISAR,10,LOW,0,0.00,0.00,0.00,60,2,1,"","url:lethagencies.com url:orcashipsagents.com"
en_pa_us,"shipbroking company",OTRO,COMERCIAL,REVISAR,10,LOW,12,0.00,0.00,0.00,30,3,2,"shipbroking companies","url:orcashipsagents.com"
en_pa_us,"shipping line career",OTRO,GENERICA,EXCLUIR,10,LOW,0,0.00,0.00,0.00,-17,1,1,"","url:lethagencies.com"
en_pa_us,"shipping line work",OTRO,GENERICA,REVISAR,10,LOW,0,0.00,0.00,0.00,-45,5,1,"","url:lethagencies.com"
en_pa_us,"shipping services in egypt",OTRO,COMERCIAL,EXCLUIR,10,UNKNOWN,0,0.00,0.00,0.00,-54,1,1,"","url:lethagencies.com"
en_pa_us,"spare ship",OTRO,GENERICA,REVISAR,10,LOW,0,0.00,0.00,0.00,8,3,1,"","url:lethagencies.com"
en_pa_us,"suez canal schedule",INFO_CANAL,INFORMACIONAL,EXCLUIR,10,LOW,0,0.00,0.00,0.00,-8,2,1,"","url:lethagencies.com"
en_pa_us,"vessel suez canal",INFO_CANAL,INFORMACIONAL,EXCLUIR,10,UNKNOWN,0,0.00,0.00,0.00,-65,3,1,"","url:lethagencies.com"
en_pa_us,"vessel chartering companies",CONSULT,GENERICA,SERVICIO,10,LOW,5,0.00,0.00,0.00,-46,10,1,"","url:orcashipsagents.com"
en_pa_us,"charter vessel shipping company",CONSULT,COMERCIAL,SERVICIO,10,UNKNOWN,0,0.00,0.00,0.00,-74,3,1,"","url:orcashipsagents.com"
en_pa_us,"steamship agent",AGENCIA,COMERCIAL,SERVICIO,10,LOW,2,0.00,0.00,0.00,0,1,1,"","url:orcashipsagents.com"
en_pa_us,"365 shipping",OTRO,GENERICA,REVISAR,10,LOW,0,0.00,0.00,0.00,2,1,1,"","url:orcashipsagents.com"
en_pa_us,"cruise port agent",AGENCIA,COMERCIAL,EXCLUIR,10,LOW,0,0.00,0.00,0.00,-60,4,1,"","url:orcashipsagents.com"
en_pa_us,"panama cargo ship",OTRO,COMERCIAL,EXCLUIR,10,LOW,0,0.00,0.00,0.00,-24,3,1,"","url:orcashipsagents.com"
en_pa_us,"panama canal cost to go through",INFO_CANAL,INFORMACIONAL,BLOG_CORE,10,LOW,0,0.00,0.00,0.00,-63,1,1,"","url:orcashipsagents.com"
en_pa_us,"fuerte amador port",OTRO,GENERICA,REVISAR,10,LOW,5,0.00,0.00,0.00,-15,11,1,"","url:orcashipsagents.com"
en_pa_us,"panama marine authority",INFO_CANAL,INFORMACIONAL,BLOG_CORE,10,LOW,0,0.00,0.00,0.00,-8,1,1,"","url:orcashipsagents.com"
en_pa_us,"cruise ship terminal panama city",OTRO,COMERCIAL,EXCLUIR,10,UNKNOWN,0,0.00,0.00,0.00,-31,1,1,"","url:orcashipsagents.com"
en_pa_us,"panama authority maritime",INFO_CANAL,INFORMACIONAL,BLOG_CORE,10,LOW,0,0.00,0.00,0.00,31,2,1,"","url:orcashipsagents.com"
en_pa_us,"panama canal official website",INFO_CANAL,INFORMACIONAL,BLOG_GENERAL,10,LOW,9,0.00,0.00,0.00,4,2,1,"","url:orcashipsagents.com"
en_pa_us,"cruise ships in panama canal today",INFO_CANAL,INFORMACIONAL,EXCLUIR,10,LOW,5,0.00,0.00,0.00,33,1,1,"","url:orcashipsagents.com"
en_pa_us,"access shipping",OTRO,GENERICA,REVISAR,10,LOW,0,0.00,0.00,0.00,-15,1,1,"","url:orcashipsagents.com"
en_pa_us,"panama canal regulations latest edition",INFO_CANAL,INFORMACIONAL,BLOG_CORE,10,LOW,0,0.00,0.00,0.00,-1,3,1,"","url:orcashipsagents.com"
en_pa_us,"difference between shipping agent and freight forwarder",AGENCIA,COMERCIAL,EXCLUIR,10,LOW,0,0.00,0.00,0.00,3,2,1,"","url:orcashipsagents.com"
en_pa_us,"panama canal c",INFO_CANAL,INFORMACIONAL,BLOG_GENERAL,10,LOW,0,0.00,0.00,0.00,-16,1,1,"","url:orcashipsagents.com"
en_pa_us,"view of panama canal",INFO_CANAL,INFORMACIONAL,BLOG_GENERAL,10,LOW,0,0.00,0.00,0.00,-31,1,1,"","url:orcashipsagents.com"
en_pa_us,"panama canal management",INFO_CANAL,INFORMACIONAL,BLOG_GENERAL,10,LOW,0,0.00,0.00,0.00,-69,1,1,"","url:orcashipsagents.com"
en_pa_us,"panama canal entry fee",INFO_CANAL,INFORMACIONAL,BLOG_CORE,10,MEDIUM,39,1462.85,572.39,6305.82,-15,2,1,"","url:orcashipsagents.com"
en_pa_us,"panama canal cruise season",INFO_CANAL,INFORMACIONAL,EXCLUIR,10,LOW,29,0.00,0.00,0.00,0,1,1,"","url:orcashipsagents.com"
en_pa_us,"port authority panama city",INFO_CANAL,INFORMACIONAL,BLOG_CORE,10,LOW,0,0.00,0.00,0.00,-39,1,1,"","url:orcashipsagents.com"
en_pa_us,"more shipping company",CONSULT,COMERCIAL,SERVICIO,10,LOW,0,0.00,0.00,0.00,-27,1,1,"","url:orcashipsagents.com"
en_pa_us,"ship chandler company",CONSULT,COMERCIAL,SERVICIO,10,LOW,14,0.00,0.00,0.00,-17,3,1,"","url:orcashipsagents.com"
en_pa_us,"kinds of ship vessel",OTRO,GENERICA,REVISAR,10,LOW,0,0.00,0.00,0.00,-54,4,1,"","url:orcashipsagents.com"
en_pa_us,"ship owner companies",OTRO,GENERICA,REVISAR,10,MEDIUM,36,0.00,0.00,0.00,-15,10,1,"","url:orcashipsagents.com"
en_pa_us,"ocean liner services",OTRO,COMERCIAL,REVISAR,10,LOW,0,0.00,0.00,0.00,2,2,1,"","url:orcashipsagents.com"
en_pa_us,"cargo ship ship",OTRO,GENERICA,EXCLUIR,10,LOW,0,0.00,0.00,0.00,0,1,1,"","url:orcashipsagents.com"
en_pa_us,"the ship supplier",OTRO,COMERCIAL,REVISAR,10,UNKNOWN,0,0.00,0.00,0.00,-82,3,1,"","url:orcashipsagents.com"
en_pa_us,"vessel broker",CONSULT,COMERCIAL,SERVICIO,10,LOW,8,0.00,0.00,0.00,-8,3,1,"","url:orcashipsagents.com"
en_pa_us,"about cargo ship",OTRO,GENERICA,EXCLUIR,10,UNKNOWN,0,0.00,0.00,0.00,65,1,1,"","url:orcashipsagents.com"
en_pa_us,"shipping matters",OTRO,GENERICA,REVISAR,10,LOW,0,0.00,0.00,0.00,0,1,1,"","url:orcashipsagents.com"
en_pa_us,"cruise ship and cargo ship",OTRO,GENERICA,EXCLUIR,10,LOW,0,0.00,0.00,0.00,3,1,1,"","url:orcashipsagents.com"
en_pa_us,"maritime stores suppliers",OTRO,COMERCIAL,REVISAR,10,HIGH,67,17685.18,0.00,0.00,10,1,1,"","url:orcashipsagents.com"
en_pa_us,"marine cargo ship",OTRO,GENERICA,EXCLUIR,10,LOW,3,0.00,0.00,0.00,0,1,1,"","url:orcashipsagents.com"
en_pa_us,"vessel in logistics",OTRO,GENERICA,REVISAR,10,UNKNOWN,0,0.00,0.00,0.00,-27,1,1,"","url:orcashipsagents.com"
en_pa_us,"cargo ship details",OTRO,GENERICA,EXCLUIR,10,LOW,0,0.00,0.00,0.00,10,1,1,"","url:orcashipsagents.com"
en_pa_us,"ship chandelling",OTRO,GENERICA,REVISAR,10,LOW,0,0.00,0.00,0.00,10,9,1,"","url:orcashipsagents.com"
en_pa_us,"cargo ship for cargo ships",OTRO,GENERICA,EXCLUIR,10,LOW,0,0.00,0.00,0.00,-15,2,1,"","url:orcashipsagents.com"
en_pa_us,"maritime shipbrokers",CONSULT,COMERCIAL,SERVICIO,10,LOW,0,0.00,0.00,0.00,-29,1,1,"","url:orcashipsagents.com"
en_pa_us,"ship brokering and chartering",CONSULT,COMERCIAL,SERVICIO,10,LOW,14,15960.17,0.00,0.00,12,2,2,"ship chartering and brokering","url:orcashipsagents.com"
en_pa_us,"maritime inc",OTRO,INFORMACIONAL,REVISAR,10,LOW,0,0.00,0.00,0.00,-15,3,1,"","url:orcashipsagents.com"
en_pa_us,"container ship purpose",OTRO,GENERICA,EXCLUIR,10,UNKNOWN,0,0.00,0.00,0.00,-35,3,1,"","url:orcashipsagents.com"
en_pa_us,"difference between shipping line and freight forwarder",OTRO,GENERICA,EXCLUIR,10,LOW,0,0.00,0.00,0.00,-8,3,1,"","url:orcashipsagents.com"
en_pa_us,"chartering and brokering",CONSULT,COMERCIAL,SERVICIO,10,UNKNOWN,0,0.00,0.00,0.00,-17,1,1,"","url:orcashipsagents.com"
en_pa_us,"cargo ship owners",OTRO,GENERICA,EXCLUIR,10,LOW,0,0.00,0.00,0.00,-1,10,1,"","url:orcashipsagents.com"
en_pa_us,"marine ship chandlers",CONSULT,COMERCIAL,SERVICIO,10,LOW,9,3560.58,0.00,0.00,26,5,1,"","url:orcashipsagents.com"
en_pa_us,"ship chartering company",CONSULT,COMERCIAL,SERVICIO,10,MEDIUM,50,0.00,0.00,0.00,-18,10,1,"","url:orcashipsagents.com"
en_pa_us,"ship chartering services",CONSULT,COMERCIAL,SERVICIO,10,LOW,2,0.00,0.00,0.00,-49,3,1,"","url:orcashipsagents.com"
en_pa_us,"commercial ship brokers",CONSULT,COMERCIAL,SERVICIO,10,LOW,31,0.00,0.00,0.00,-8,1,1,"","url:orcashipsagents.com"
en_pa_us,"container ship description",OTRO,GENERICA,EXCLUIR,10,UNKNOWN,0,0.00,0.00,0.00,-24,9,1,"","url:orcashipsagents.com"
en_pa_us,"domestic shipping lines",OTRO,GENERICA,REVISAR,10,UNKNOWN,0,0.00,0.00,0.00,-69,3,1,"","url:orcashipsagents.com"
en_pa_us,"shipowning company",OTRO,COMERCIAL,REVISAR,10,LOW,0,0.00,0.00,0.00,-24,7,1,"","url:orcashipsagents.com"
en_pa_us,"container ship ship",OTRO,GENERICA,EXCLUIR,10,HIGH,95,63874.88,13125.44,37620.69,-31,1,1,"","url:orcashipsagents.com"
en_pa_us,"ship brokering services",CONSULT,COMERCIAL,SERVICIO,10,MEDIUM,55,95658.66,24744.02,145582.45,-28,9,1,"","url:orcashipsagents.com"
en_pa_us,"maritime shipments",OTRO,INFORMACIONAL,REVISAR,10,LOW,0,0.00,0.00,0.00,-8,1,1,"","url:orcashipsagents.com"
en_pa_us,"shipping and maritime",OTRO,INFORMACIONAL,REVISAR,10,LOW,0,0.00,0.00,0.00,0,1,1,"","url:orcashipsagents.com"
en_pa_us,"vessel chartering services",CONSULT,COMERCIAL,SERVICIO,10,LOW,2,0.00,0.00,0.00,-49,3,1,"","url:orcashipsagents.com"
en_pa_us,"quality ship suppliers",OTRO,COMERCIAL,REVISAR,10,LOW,7,0.00,0.00,0.00,8,4,1,"","url:orcashipsagents.com"
en_pa_us,"the container ship",OTRO,GENERICA,EXCLUIR,10,LOW,0,0.00,0.00,0.00,8,9,1,"","url:orcashipsagents.com"
en_pa_us,"freight marine",OTRO,GENERICA,REVISAR,10,LOW,0,0.00,0.00,0.00,7,4,1,"","url:orcashipsagents.com"
en_pa_us,"panama maritime authority contact details",INFO_CANAL,INFORMACIONAL,BLOG_CORE,10,LOW,0,0.00,0.00,0.00,-24,7,1,"","url:orcashipsagents.com"
en_pa_us,"cargo operations in shipping",OTRO,GENERICA,REVISAR,10,LOW,0,0.00,0.00,0.00,-8,1,1,"","url:orcashipsagents.com"
en_pa_us,"local manning agency",FUERA,COMERCIAL,EXCLUIR,10,UNKNOWN,0,0.00,0.00,0.00,,3,1,"","url:orcashipsagents.com"
en_pa_us,"container ship shipping ship",OTRO,GENERICA,EXCLUIR,10,LOW,0,0.00,0.00,0.00,-15,9,1,"","url:orcashipsagents.com"
en_pa_us,"all manning agency",FUERA,COMERCIAL,EXCLUIR,10,UNKNOWN,0,0.00,0.00,0.00,-45,9,1,"","url:orcashipsagents.com"
en_pa_us,"all ship company name",OTRO,COMERCIAL,REVISAR,10,UNKNOWN,0,0.00,0.00,0.00,-21,3,1,"","url:orcashipsagents.com"
en_pa_us,"maritime management services",OTRO,COMERCIAL,REVISAR,10,LOW,14,0.00,0.00,0.00,-8,1,1,"","url:orcashipsagents.com"
en_pa_us,"container ship carrying container ships",OTRO,GENERICA,EXCLUIR,10,LOW,0,0.00,0.00,0.00,19,2,1,"","url:orcashipsagents.com"
en_pa_us,"my ship group sa",OTRO,GENERICA,REVISAR,10,UNKNOWN,0,0.00,0.00,0.00,-77,2,1,"","url:orcashipsagents.com"
en_pa_us,"local vessel",OTRO,GENERICA,REVISAR,10,LOW,0,0.00,0.00,0.00,-18,1,1,"","url:orcashipsagents.com"
en_pa_us,"freight marine ship supply",OTRO,GENERICA,REVISAR,10,LOW,0,0.00,0.00,0.00,47,2,1,"","url:orcashipsagents.com"
en_pa_us,"cargo ship charter",CONSULT,GENERICA,EXCLUIR,10,LOW,0,0.00,0.00,0.00,-70,1,1,"","url:orcashipsagents.com"
en_pa_us,"about container ship",OTRO,GENERICA,EXCLUIR,10,UNKNOWN,0,0.00,0.00,0.00,-39,3,1,"","url:orcashipsagents.com"
en_pa_us,"cargo ship across atlantic",OTRO,GENERICA,EXCLUIR,10,LOW,6,0.00,0.00,0.00,1,2,1,"","url:orcashipsagents.com"
en_pa_us,"best ownership shipping companies",OTRO,GENERICA,REVISAR,10,UNKNOWN,0,0.00,0.00,0.00,47,2,1,"","url:orcashipsagents.com"
en_pa_us,"provision in ship",OTRO,GENERICA,REVISAR,10,UNKNOWN,0,0.00,0.00,0.00,-54,3,1,"","url:orcashipsagents.com"
en_pa_us,"vessel management companies",OTRO,GENERICA,REVISAR,10,LOW,0,0.00,0.00,0.00,-26,1,1,"","url:orcashipsagents.com"
en_pa_us,"atlantic shipbroker",CONSULT,COMERCIAL,SERVICIO,10,LOW,7,0.00,0.00,0.00,10,1,1,"","url:orcashipsagents.com"
en_pa_us,"transportation in sea",OTRO,GENERICA,REVISAR,10,LOW,11,0.00,0.00,0.00,-8,5,2,"transportation for the sea","url:orcashipsagents.com"
en_pa_us,"container ship owners",OTRO,GENERICA,EXCLUIR,10,LOW,0,0.00,0.00,0.00,-18,2,1,"","url:orcashipsagents.com"
en_pa_us,"cargo trip",OTRO,GENERICA,REVISAR,10,LOW,0,0.00,0.00,0.00,7,5,1,"","url:orcashipsagents.com"
en_pa_us,"vessel lines",OTRO,GENERICA,REVISAR,10,LOW,0,0.00,0.00,0.00,-35,3,1,"","url:orcashipsagents.com"
en_pa_us,"ship details website",OTRO,GENERICA,REVISAR,10,UNKNOWN,0,0.00,0.00,0.00,-85,12,1,"","url:orcashipsagents.com"
en_pa_us,"container vessel details",OTRO,GENERICA,REVISAR,10,UNKNOWN,0,0.00,0.00,0.00,-49,2,1,"","url:orcashipsagents.com"
en_pa_us,"de maritime",OTRO,INFORMACIONAL,REVISAR,10,LOW,0,0.00,0.00,0.00,31,1,1,"","url:orcashipsagents.com"
en_pa_us,"marine chartering services",CONSULT,COMERCIAL,SERVICIO,10,LOW,0,0.00,0.00,0.00,-62,3,1,"","url:orcashipsagents.com"
en_pa_us,"marine surveyor certification courses",SURVEY,COMERCIAL,EXCLUIR,10,LOW,16,1575.40,1798.39,58135.01,-18,3,1,"","url:24marine.com"
en_pa_us,"marine surveyor insurance",SURVEY,COMERCIAL,SERVICIO,10,HIGH,67,82388.57,24155.14,117868.27,20,9,1,"","url:24marine.com"
en_pa_us,"marine surveyor sydney",SURVEY,COMERCIAL,SERVICIO,10,UNKNOWN,0,0.00,0.00,0.00,22,3,1,"","url:24marine.com"
en_pa_us,"survey maritime",SURVEY,INFORMACIONAL,BLOG_CORE,10,UNKNOWN,0,0.00,0.00,0.00,38,1,1,"","url:24marine.com"
en_pa_us,"maritime 24",OTRO,INFORMACIONAL,REVISAR,10,LOW,0,0.00,0.00,0.00,19,3,1,"","url:24marine.com"
en_pa_us,"cargo marine surveyor",SURVEY,COMERCIAL,SERVICIO,10,UNKNOWN,0,0.00,0.00,0.00,-33,1,2,"marine and cargo surveyor","url:24marine.com"
en_pa_us,"marine surveyor requirements",SURVEY,COMERCIAL,SERVICIO,10,LOW,6,0.00,0.00,0.00,0,1,1,"","url:24marine.com"
en_pa_us,"marine company in usa",OTRO,COMERCIAL,REVISAR,10,UNKNOWN,0,0.00,0.00,0.00,-28,6,1,"","url:24marine.com"
en_pa_us,"marine auditor",SURVEY,GENERICA,SERVICIO,10,LOW,0,0.00,0.00,0.00,-36,2,1,"","url:24marine.com"
en_pa_us,"marin vessel",OTRO,GENERICA,REVISAR,10,LOW,0,0.00,0.00,0.00,-8,1,1,"","url:24marine.com"
en_pa_us,"independent survey company",FUERA,COMERCIAL,EXCLUIR,10,MEDIUM,64,0.00,0.00,0.00,0,1,1,"","url:24marine.com"
en_pa_us,"vessel 24",OTRO,GENERICA,REVISAR,10,UNKNOWN,0,0.00,0.00,0.00,31,1,1,"","url:24marine.com"
en_pa_us,"maritime inspection services",SURVEY,COMERCIAL,SERVICIO,10,LOW,0,0.00,0.00,0.00,17,1,1,"","url:24marine.com"
en_pa_us,"expert maritime services",CONSULT,COMERCIAL,SERVICIO,10,UNKNOWN,0,0.00,0.00,0.00,-48,2,1,"","url:24marine.com"
en_pa_us,"naval surveyor",SURVEY,COMERCIAL,SERVICIO,10,LOW,0,0.00,0.00,0.00,18,1,1,"","url:24marine.com"
en_pa_us,"lpg gas vessel",OTRO,GENERICA,REVISAR,10,LOW,0,0.00,0.00,0.00,22,2,1,"","url:24marine.com"
en_pa_us,"vancouver marine surveyors",SURVEY,COMERCIAL,SERVICIO,10,LOW,14,0.00,0.00,0.00,38,5,1,"","url:24marine.com"
en_pa_us,"marine engineering and services",OTRO,COMERCIAL,REVISAR,10,LOW,25,0.00,0.00,0.00,10,3,1,"","url:24marine.com"
en_pa_us,"naval engineering services",OTRO,COMERCIAL,REVISAR,10,LOW,0,0.00,0.00,0.00,0,1,1,"","url:24marine.com"
en_pa_us,"sea marine inspection services",SURVEY,COMERCIAL,SERVICIO,10,LOW,0,0.00,0.00,0.00,-8,2,1,"","url:24marine.com"
en_pa_us,"all marine surveying",SURVEY,GENERICA,SERVICIO,10,LOW,17,19780.47,10871.08,32895.19,-22,3,1,"","url:24marine.com"
en_pa_us,"maritime engineering services",OTRO,COMERCIAL,REVISAR,10,UNKNOWN,0,0.00,0.00,0.00,60,9,1,"","url:24marine.com"
en_pa_us,"out of water marine survey",SURVEY,INFORMACIONAL,BLOG_CORE,10,UNKNOWN,0,0.00,0.00,0.00,-8,3,1,"","url:24marine.com"
en_pa_us,"ihm survey",FUERA,GENERICA,EXCLUIR,10,LOW,0,0.00,0.00,0.00,-15,5,1,"","url:24marine.com"
en_pa_us,"sea marine surveyors",SURVEY,COMERCIAL,SERVICIO,10,UNKNOWN,0,0.00,0.00,0.00,-85,2,1,"","url:24marine.com"
en_pa_us,"nautical surveyor",FUERA,COMERCIAL,EXCLUIR,10,UNKNOWN,0,0.00,0.00,0.00,-25,1,1,"","url:24marine.com"
en_pa_us,"mca surveyor",FUERA,COMERCIAL,EXCLUIR,10,LOW,0,0.00,0.00,0.00,0,1,1,"","url:24marine.com"
en_pa_us,"marine surveyor hong kong",SURVEY,COMERCIAL,SERVICIO,10,UNKNOWN,0,0.00,0.00,0.00,-8,4,1,"","url:24marine.com"
en_pa_us,"lpg marine",OTRO,GENERICA,REVISAR,10,UNKNOWN,0,0.00,0.00,0.00,-36,1,1,"","url:24marine.com"
en_pa_us,"vessel survey requirements",SURVEY,INFORMACIONAL,BLOG_CORE,10,HIGH,71,40550.12,0.00,0.00,-29,5,1,"","url:24marine.com"
en_pa_us,"marine survey canada",SURVEY,GENERICA,SERVICIO,10,LOW,0,0.00,0.00,0.00,2,1,1,"","url:24marine.com"
en_pa_us,"marine 3d",OTRO,GENERICA,REVISAR,10,LOW,0,0.00,0.00,0.00,-8,5,1,"","url:24marine.com"
en_pa_us,"bulk marine",OTRO,GENERICA,REVISAR,10,LOW,0,0.00,0.00,0.00,0,1,2,"marine bulk","url:24marine.com"
en_pa_us,"imo inspection",FUERA,GENERICA,EXCLUIR,10,LOW,14,0.00,0.00,0.00,-19,2,1,"","url:24marine.com"
en_pa_us,"imo survey",FUERA,GENERICA,EXCLUIR,10,UNKNOWN,0,0.00,0.00,0.00,3,1,1,"","url:24marine.com"
en_pa_us,"close marine",OTRO,GENERICA,REVISAR,10,LOW,29,0.00,0.00,0.00,0,1,1,"","url:24marine.com"
en_pa_us,"apa itu bulk carrier",OTRO,GENERICA,REVISAR,10,UNKNOWN,0,0.00,0.00,0.00,-8,3,1,"","url:24marine.com"
en_pa_us,"bulk cargo handling",OTRO,GENERICA,REVISAR,10,LOW,0,0.00,0.00,0.00,-82,6,1,"","url:24marine.com"
en_pa_us,"cargo survey report",SURVEY,GENERICA,SERVICIO,10,UNKNOWN,0,0.00,0.00,0.00,-73,2,1,"","url:24marine.com"
en_pa_us,"east coast marine surveying",SURVEY,GENERICA,SERVICIO,10,LOW,7,0.00,0.00,0.00,-8,3,1,"","url:24marine.com"
en_pa_us,"find a marine surveyor",SURVEY,COMERCIAL,SERVICIO,10,LOW,27,15830.57,5325.89,14691.78,33,4,1,"","url:24marine.com"
en_pa_us,"ihm vessel",OTRO,GENERICA,REVISAR,10,LOW,0,0.00,0.00,0.00,31,1,1,"","url:24marine.com"
en_pa_us,"imo ll",OTRO,GENERICA,REVISAR,10,UNKNOWN,0,0.00,0.00,0.00,47,1,1,"","url:24marine.com"
en_pa_us,"inspector marine",SURVEY,COMERCIAL,SERVICIO,10,LOW,0,0.00,0.00,0.00,2,1,1,"","url:24marine.com"
en_pa_us,"international marine surveyors",SURVEY,COMERCIAL,SERVICIO,10,LOW,14,0.00,0.00,0.00,-8,3,1,"","url:24marine.com"
en_pa_us,"junior marine surveyor",SURVEY,COMERCIAL,SERVICIO,10,UNKNOWN,0,0.00,0.00,0.00,-39,1,1,"","url:24marine.com"
en_pa_us,"loading survey",FUERA,GENERICA,EXCLUIR,10,UNKNOWN,0,0.00,0.00,0.00,1,1,1,"","url:24marine.com"
en_pa_us,"marine and mechanical engineering",OTRO,GENERICA,REVISAR,10,LOW,29,0.00,0.00,0.00,-20,1,1,"","url:24marine.com"
en_pa_us,"marine companies in vancouver",OTRO,GENERICA,REVISAR,10,UNKNOWN,0,0.00,0.00,0.00,-39,3,1,"","url:24marine.com"
en_pa_us,"marine global",OTRO,GENERICA,REVISAR,10,LOW,3,0.00,0.00,0.00,-1,6,1,"","url:24marine.com"
en_pa_us,"marine imo",OTRO,GENERICA,REVISAR,10,LOW,0,0.00,0.00,0.00,22,1,1,"","url:24marine.com"
en_pa_us,"marine retrofit",OTRO,GENERICA,REVISAR,10,LOW,0,0.00,0.00,0.00,136,9,1,"","url:24marine.com"
en_pa_us,"marine survey equipment",SURVEY,GENERICA,SERVICIO,10,LOW,0,0.00,0.00,0.00,7,2,1,"","url:24marine.com"
en_pa_us,"marine survey office",SURVEY,GENERICA,SERVICIO,10,UNKNOWN,0,0.00,0.00,0.00,-54,2,1,"","url:24marine.com"
en_pa_us,"maritime offshore",STS_OFFSHORE,INFORMACIONAL,BLOG_CORE,10,LOW,9,0.00,0.00,0.00,-2,2,1,"","url:24marine.com"
en_pa_us,"maritime search",OTRO,INFORMACIONAL,REVISAR,10,LOW,0,0.00,0.00,0.00,17,3,1,"","url:24marine.com"
en_pa_us,"maritime test",OTRO,INFORMACIONAL,REVISAR,10,LOW,0,0.00,0.00,0.00,-39,3,1,"","url:24marine.com"
en_pa_us,"operation maritime",OTRO,INFORMACIONAL,REVISAR,10,LOW,0,0.00,0.00,0.00,-8,1,1,"","url:24marine.com"
en_pa_us,"retrofit vessel",OTRO,GENERICA,REVISAR,10,LOW,0,0.00,0.00,0.00,-89,3,1,"","url:24marine.com"
en_pa_us,"safety in maritime",OTRO,INFORMACIONAL,REVISAR,10,UNKNOWN,0,0.00,0.00,0.00,-54,9,1,"","url:24marine.com"
en_pa_us,"senior marine surveyor",SURVEY,COMERCIAL,SERVICIO,10,LOW,0,0.00,0.00,0.00,-8,3,1,"","url:24marine.com"
en_pa_us,"smart maritime",OTRO,INFORMACIONAL,REVISAR,10,LOW,0,0.00,0.00,0.00,-25,5,1,"","url:24marine.com"
en_pa_us,"surveyor cargo",SURVEY,COMERCIAL,SERVICIO,10,LOW,0,0.00,0.00,0.00,-24,2,1,"","url:24marine.com"
en_pa_us,"sydney maritime",OTRO,INFORMACIONAL,REVISAR,10,MEDIUM,43,0.00,0.00,0.00,12,1,1,"","url:24marine.com"
en_pa_us,"vessel categories",OTRO,GENERICA,REVISAR,10,UNKNOWN,0,0.00,0.00,0.00,-17,1,1,"","url:24marine.com"
en_pa_us,"vessel condition report",OTRO,GENERICA,REVISAR,10,UNKNOWN,0,0.00,0.00,0.00,-36,2,1,"","url:24marine.com"
en_pa_us,"vessel found",OTRO,GENERICA,REVISAR,10,LOW,0,0.00,0.00,0.00,-42,2,1,"","url:24marine.com"
en_pa_us,"vessel ism",SURVEY,GENERICA,SERVICIO,10,LOW,0,0.00,0.00,0.00,0,1,1,"","url:24marine.com"
en_pa_us,"with marine vessel",OTRO,GENERICA,REVISAR,10,LOW,0,0.00,0.00,0.00,-54,3,1,"","url:24marine.com"
en_pa_us,"home marketing agency",FUERA,COMERCIAL,EXCLUIR,10,MEDIUM,57,0.00,0.00,0.00,22,1,1,"","url:crossworldagency.com"
en_pa_us,"with us agency",FUERA,COMERCIAL,EXCLUIR,10,UNKNOWN,0,0.00,0.00,0.00,60,1,1,"","url:crossworldagency.com"
en_pa_us,"inc agency",FUERA,COMERCIAL,EXCLUIR,10,LOW,3,0.00,0.00,0.00,-8,2,1,"","url:crossworldagency.com"
en_pa_us,"agency in marketing",FUERA,COMERCIAL,EXCLUIR,10,LOW,29,0.00,0.00,0.00,-54,1,4,"agency of marketing | in marketing agency | marketing agency for","url:crossworldagency.com"
en_pa_us,"agency we",FUERA,COMERCIAL,EXCLUIR,10,LOW,0,0.00,0.00,0.00,0,1,1,"","url:crossworldagency.com"
en_pa_us,"marketing for you",OTRO,GENERICA,EXCLUIR,10,LOW,10,85503.36,0.00,0.00,3,4,1,"","url:crossworldagency.com"
en_pa_us,"agency of company",FUERA,COMERCIAL,EXCLUIR,10,UNKNOWN,0,0.00,0.00,0.00,-41,3,1,"","url:crossworldagency.com"
en_pa_us,"learn more about our services",OTRO,COMERCIAL,REVISAR,10,LOW,14,108112.01,0.00,0.00,-8,3,1,"","url:crossworldagency.com"
en_pa_us,"agencia company",FUERA,COMERCIAL,EXCLUIR,10,LOW,0,0.00,0.00,0.00,-15,4,1,"","url:crossworldagency.com"
en_pa_us,"about you agency",FUERA,COMERCIAL,EXCLUIR,10,LOW,24,0.00,0.00,0.00,-8,3,1,"","url:crossworldagency.com"
en_pa_us,"a marketing company",OTRO,COMERCIAL,EXCLUIR,10,LOW,17,0.00,35689.00,108588.58,-47,3,3,"the company marketing | marketing companies in","url:crossworldagency.com"
en_pa_us,"they agency",FUERA,COMERCIAL,EXCLUIR,10,LOW,0,0.00,0.00,0.00,-39,12,1,"","url:crossworldagency.com"
en_pa_us,"also agency",FUERA,COMERCIAL,EXCLUIR,10,LOW,0,0.00,0.00,0.00,0,1,1,"","url:crossworldagency.com"
en_pa_us,"media agency companies",FUERA,COMERCIAL,EXCLUIR,10,HIGH,79,0.00,8991.35,100252.00,-35,3,1,"","url:crossworldagency.com"
en_pa_us,"it agency company",FUERA,COMERCIAL,EXCLUIR,10,UNKNOWN,0,0.00,0.00,0.00,0,9,1,"","url:crossworldagency.com"
en_pa_us,"agencies in sa",FUERA,GENERICA,EXCLUIR,10,LOW,0,0.00,0.00,0.00,-28,3,1,"","url:crossworldagency.com"
en_pa_us,"marketing agency operations",FUERA,COMERCIAL,EXCLUIR,10,HIGH,100,24333.17,0.00,0.00,-28,1,1,"","url:crossworldagency.com"
en_pa_us,"marketing agency in the world",FUERA,COMERCIAL,EXCLUIR,10,HIGH,86,62137.94,0.00,0.00,-8,1,1,"","url:crossworldagency.com"
en_pa_us,"this is your business",OTRO,GENERICA,REVISAR,10,LOW,0,0.00,0.00,0.00,-28,6,1,"","url:crossworldagency.com"
en_pa_us,"contact us marketing",OTRO,GENERICA,EXCLUIR,10,HIGH,86,0.00,0.00,0.00,-17,1,1,"","url:crossworldagency.com"
en_pa_us,"marketing agency contact us",FUERA,COMERCIAL,EXCLUIR,10,HIGH,93,268707.63,52788.94,132564.84,-8,3,1,"","url:crossworldagency.com"
en_pa_us,"about marketing company",OTRO,COMERCIAL,EXCLUIR,10,UNKNOWN,0,0.00,0.00,0.00,-76,11,1,"","url:crossworldagency.com"
en_pa_us,"as marketing agency",FUERA,COMERCIAL,EXCLUIR,10,LOW,0,0.00,0.00,0.00,102,1,1,"","url:crossworldagency.com"
en_pa_us,"marketing cross",OTRO,GENERICA,EXCLUIR,10,LOW,0,0.00,0.00,0.00,-8,2,1,"","url:crossworldagency.com"
en_pa_us,"business by you",OTRO,GENERICA,REVISAR,10,LOW,0,0.00,0.00,0.00,-29,1,2,"business for you","url:crossworldagency.com"
en_pa_us,"be marketing agency",FUERA,COMERCIAL,EXCLUIR,10,UNKNOWN,0,0.00,0.00,0.00,-17,1,1,"","url:crossworldagency.com"
en_pa_us,"inc marketing",OTRO,GENERICA,EXCLUIR,10,LOW,0,0.00,0.00,0.00,-56,2,1,"","url:crossworldagency.com"
en_pa_us,"take a business",OTRO,GENERICA,REVISAR,10,LOW,12,0.00,0.00,0.00,-30,1,1,"","url:crossworldagency.com"
en_pa_us,"about your company",OTRO,COMERCIAL,REVISAR,10,LOW,0,0.00,0.00,0.00,-8,1,1,"","url:crossworldagency.com"
en_pa_us,"about marketing agency",FUERA,COMERCIAL,EXCLUIR,10,UNKNOWN,0,0.00,0.00,0.00,-69,11,1,"","url:crossworldagency.com"
en_pa_us,"action marketing agency",FUERA,COMERCIAL,EXCLUIR,10,UNKNOWN,0,0.00,0.00,0.00,-54,1,1,"","url:crossworldagency.com"
en_pa_us,"that marketing agency",FUERA,COMERCIAL,EXCLUIR,10,LOW,3,0.00,0.00,0.00,17,4,1,"","url:crossworldagency.com"
en_pa_us,"agency for you",FUERA,COMERCIAL,EXCLUIR,10,LOW,0,0.00,0.00,0.00,-27,3,1,"","url:crossworldagency.com"
en_pa_us,"here agency",FUERA,COMERCIAL,EXCLUIR,10,LOW,0,0.00,0.00,0.00,-8,7,1,"","url:crossworldagency.com"
en_pa_us,"marketing agencies worldwide",FUERA,GENERICA,EXCLUIR,10,LOW,14,0.00,0.00,0.00,-8,1,1,"","url:crossworldagency.com"
en_pa_us,"for your agency",FUERA,COMERCIAL,EXCLUIR,10,LOW,6,0.00,0.00,0.00,-8,1,1,"","url:crossworldagency.com"
en_pa_us,"you are a business",OTRO,GENERICA,REVISAR,10,LOW,0,0.00,0.00,0.00,-8,1,1,"","url:crossworldagency.com"
en_pa_us,"business more",OTRO,GENERICA,REVISAR,10,LOW,18,0.00,0.00,0.00,0,1,1,"","url:crossworldagency.com"
en_pa_us,"co marketing agency",FUERA,COMERCIAL,EXCLUIR,10,UNKNOWN,0,0.00,0.00,0.00,-36,2,1,"","url:crossworldagency.com"
en_pa_us,"marketing is a business",OTRO,GENERICA,EXCLUIR,10,UNKNOWN,0,0.00,0.00,0.00,-66,4,1,"","url:crossworldagency.com"
en_pa_us,"marketing agency what is it",FUERA,COMERCIAL,EXCLUIR,10,LOW,0,0.00,0.00,0.00,-21,3,1,"","url:crossworldagency.com"
en_pa_us,"our agencies",FUERA,GENERICA,EXCLUIR,10,LOW,3,0.00,0.00,0.00,10,1,1,"","url:crossworldagency.com"
en_pa_us,"tell us more about your business",OTRO,GENERICA,REVISAR,10,LOW,3,0.00,0.00,0.00,0,1,1,"","url:crossworldagency.com"
en_pa_us,"holding marketing",OTRO,GENERICA,EXCLUIR,10,LOW,0,0.00,0.00,0.00,-1,1,2,"marketing holding","url:crossworldagency.com"
en_pa_us,"home of marketing",OTRO,GENERICA,EXCLUIR,10,UNKNOWN,0,0.00,0.00,0.00,-33,3,1,"","url:crossworldagency.com"
en_pa_us,"world of marketing",OTRO,GENERICA,EXCLUIR,10,LOW,0,0.00,0.00,0.00,-14,2,2,"marketing to the world","url:crossworldagency.com"
en_pa_us,"a media agency",FUERA,COMERCIAL,EXCLUIR,10,LOW,0,0.00,0.00,0.00,0,1,1,"","url:crossworldagency.com"
en_pa_us,"contact us to",OTRO,GENERICA,REVISAR,10,LOW,0,0.00,0.00,0.00,-14,9,1,"","url:crossworldagency.com"
en_pa_us,"corporate about you",OTRO,INFORMACIONAL,REVISAR,10,UNKNOWN,0,0.00,0.00,0.00,-8,4,1,"","url:crossworldagency.com"
en_pa_us,"march agency",FUERA,COMERCIAL,EXCLUIR,10,LOW,0,0.00,0.00,0.00,0,1,1,"","url:crossworldagency.com"
en_pa_us,"marketing al",OTRO,GENERICA,EXCLUIR,10,UNKNOWN,0,0.00,0.00,0.00,-17,1,1,"","url:crossworldagency.com"
en_pa_us,"marketing sos",OTRO,GENERICA,EXCLUIR,10,LOW,7,0.00,0.00,0.00,-8,1,1,"","url:crossworldagency.com"
en_pa_us,"take marketing",OTRO,GENERICA,EXCLUIR,10,LOW,0,0.00,0.00,0.00,-68,3,1,"","url:crossworldagency.com"
en_pa_us,"the marketing services",OTRO,COMERCIAL,EXCLUIR,10,UNKNOWN,0,0.00,0.00,0.00,-73,10,1,"","url:crossworldagency.com"
es_latam,"puerto de balboa",INFO_CANAL,INFORMACIONAL,BLOG_CORE,2900,LOW,2,1272.94,0.00,0.00,7,3,1,"","info"
es_latam,"puerto de balboa panama",INFO_CANAL,INFORMACIONAL,BLOG_CORE,2900,LOW,2,1272.94,0.00,0.00,7,3,1,"","info"
es_latam,"balboa en panama",INFO_CANAL,INFORMACIONAL,BLOG_CORE,1600,LOW,3,3223.13,936.61,6033.25,1,3,1,"","info"
es_latam,"puerto balboa",INFO_CANAL,INFORMACIONAL,BLOG_CORE,1300,LOW,2,33.77,0.00,0.00,3,3,1,"","info"
es_latam,"autoridad marítima de panamá",INFO_CANAL,INFORMACIONAL,BLOG_CORE,1000,LOW,3,191.80,0.00,0.00,98,4,1,"","info"
es_latam,"canal de panama como funciona",INFO_CANAL,INFORMACIONAL,BLOG_GENERAL,880,LOW,1,1568.95,324.94,1446.04,-16,1,1,"","info"
es_latam,"esclusa del canal de panama",INFO_CANAL,INFORMACIONAL,BLOG_GENERAL,880,LOW,3,1598.23,313.29,1137.13,25,8,1,"","info"
es_latam,"puerto de panama",INFO_CANAL,INFORMACIONAL,BLOG_CORE,880,LOW,1,1701.00,0.00,0.00,-20,10,1,"","info"
es_latam,"cómo funciona el canal de panamá",INFO_CANAL,INFORMACIONAL,BLOG_GENERAL,720,LOW,0,44.80,0.00,0.00,-15,8,1,"","info"
es_latam,"balboa panamá",INFO_CANAL,INFORMACIONAL,BLOG_CORE,590,LOW,2,0.00,1133.04,9231.91,6,10,1,"","info"
es_latam,"esclusa de miraflores panama",INFO_CANAL,INFORMACIONAL,BLOG_GENERAL,590,LOW,3,2139.82,169.01,4253.08,25,4,2,"esclusas de miraflores panamá","info"
es_latam,"colon container terminal panama",INFO_CANAL,INFORMACIONAL,BLOG_GENERAL,480,LOW,0,0.00,0.00,0.00,-9,3,1,"","info"
es_latam,"colón 2000",OTRO,COMERCIAL,REVISAR,480,LOW,1,1322.13,0.00,0.00,56,7,1,"","info"
es_latam,"esclusas de gatun",INFO_CANAL,INFORMACIONAL,BLOG_GENERAL,480,LOW,1,0.00,0.00,0.00,9,3,1,"","info"
es_latam,"panama puerto",INFO_CANAL,INFORMACIONAL,BLOG_CORE,480,LOW,1,2499.35,0.00,0.00,-20,3,3,"panama puertos | puerto en panama","info"
es_latam,"puerto manzanillo panama",INFO_CANAL,INFORMACIONAL,BLOG_CORE,320,LOW,1,1637.87,0.00,0.00,-22,5,1,"","info"
es_latam,"canal panama esclusas",INFO_CANAL,INFORMACIONAL,BLOG_GENERAL,260,LOW,5,3581.08,547.61,1902.15,17,5,1,"","info"
es_latam,"panama puerto colon",INFO_CANAL,INFORMACIONAL,BLOG_CORE,260,LOW,5,4957.43,917.15,3603.25,5,4,2,"puerto colon panama","info"
es_latam,"puerto de manzanillo panama",INFO_CANAL,INFORMACIONAL,BLOG_CORE,260,LOW,2,840.04,0.00,0.00,-24,3,1,"","info"
es_latam,"agente naviero",AGENCIA,COMERCIAL,SERVICIO,210,LOW,2,0.00,1472.45,8775.40,-21,9,1,"","agencia"
es_latam,"trasiego de combustible",BUNKER,GENERICA,SERVICIO,210,LOW,1,0.00,0.00,0.00,-11,9,1,"","consultoria"
es_latam,"plataformas offshore",STS_OFFSHORE,GENERICA,SERVICIO,210,LOW,0,0.00,0.00,0.00,-1,10,1,"","consultoria"
es_latam,"esclusas del canal de panamá",INFO_CANAL,INFORMACIONAL,BLOG_GENERAL,210,LOW,0,0.00,0.00,0.00,36,8,1,"","info"
es_latam,"agencia naviera",AGENCIA,COMERCIAL,SERVICIO,170,LOW,10,4436.50,1556.46,5595.58,-22,9,1,"","agencia"
es_latam,"combustible de barco",BUNKER,GENERICA,SERVICIO,170,LOW,4,10169.63,5997.82,7167.00,137,5,1,"","bunker"
es_latam,"esclusa de panama",INFO_CANAL,INFORMACIONAL,BLOG_GENERAL,170,LOW,3,576.72,120.98,842.97,25,8,1,"","info"
es_latam,"puerto balboa panama",INFO_CANAL,INFORMACIONAL,BLOG_CORE,170,LOW,1,1273.95,0.00,0.00,-13,9,1,"","info"
es_latam,"puerto colon 2000",INFO_CANAL,INFORMACIONAL,BLOG_CORE,170,LOW,0,0.00,0.00,0.00,7,1,1,"","info"
es_latam,"puerto de colon panama",INFO_CANAL,INFORMACIONAL,BLOG_CORE,170,LOW,2,0.00,789.35,4243.30,21,9,1,"","info"
es_latam,"contratos de fletamento",CONSULT,GENERICA,SERVICIO,140,LOW,0,0.00,0.00,0.00,-41,10,1,"","consultoria"
es_latam,"puertos de panamá",INFO_CANAL,INFORMACIONAL,BLOG_CORE,140,LOW,0,0.00,0.00,0.00,5,7,1,"","info"
es_latam,"canal de panamá miraflores",INFO_CANAL,INFORMACIONAL,BLOG_GENERAL,140,LOW,9,4311.15,396.02,1431.75,87,7,1,"","info"
es_latam,"esclusas pedro miguel",INFO_CANAL,INFORMACIONAL,BLOG_GENERAL,140,LOW,0,0.00,0.00,0.00,23,8,1,"","info"
es_latam,"las esclusas del canal de panamá",INFO_CANAL,INFORMACIONAL,BLOG_GENERAL,140,LOW,2,1583.63,0.00,0.00,76,8,1,"","info"
es_latam,"nombre de las esclusas del canal de panamá",INFO_CANAL,INFORMACIONAL,BLOG_GENERAL,140,LOW,0,0.00,0.00,0.00,76,8,1,"","info"
es_latam,"combustible para barcos",BUNKER,GENERICA,SERVICIO,110,LOW,3,0.00,4693.85,7165.36,98,7,1,"","bunker"
es_latam,"esclusas panama",INFO_CANAL,INFORMACIONAL,BLOG_GENERAL,110,LOW,11,4503.97,374.14,1870.03,18,5,3,"panama esclusas | esclusas en panama","info"
es_latam,"puerto balboa panamá",INFO_CANAL,INFORMACIONAL,BLOG_CORE,110,LOW,3,0.00,0.00,0.00,-13,7,2,"puerto balboa en panama","info"
es_latam,"puerto baru chiriqui",INFO_CANAL,INFORMACIONAL,BLOG_CORE,110,LOW,5,5938.34,3132.88,4448.68,-3,1,1,"","info"
es_latam,"draft survey",SURVEY,GENERICA,SERVICIO,90,LOW,0,0.00,0.00,0.00,-10,10,1,"","inspeccion"
es_latam,"inspección de contenedores",FUERA,GENERICA,EXCLUIR,90,LOW,3,0.00,0.00,0.00,-32,2,1,"","inspeccion"
es_latam,"manzanillo panamá",INFO_CANAL,INFORMACIONAL,BLOG_CORE,90,LOW,0,0.00,0.00,0.00,-31,3,1,"","info"
es_latam,"puerto de crucero colon 2000",INFO_CANAL,INFORMACIONAL,EXCLUIR,90,LOW,0,0.00,0.00,0.00,36,1,1,"","info"
es_latam,"puerto rodman panama",INFO_CANAL,INFORMACIONAL,BLOG_CORE,90,LOW,3,1308.11,0.00,0.00,-7,4,1,"","info"
es_latam,"adriatic agencia naviera",AGENCIA,COMERCIAL,SERVICIO,70,LOW,1,0.00,0.00,0.00,-4,1,1,"","agencia"
es_latam,"bomba de trasiego de combustible",BUNKER,GENERICA,SERVICIO,70,MEDIUM,64,3187.67,1452.07,23261.91,13,2,1,"","consultoria"
es_latam,"canal de panama horarios de visita",INFO_CANAL,INFORMACIONAL,BLOG_GENERAL,70,LOW,22,1665.06,563.22,2273.36,19,1,1,"","info"
es_latam,"como funcionan las esclusas del canal de panamá",INFO_CANAL,INFORMACIONAL,BLOG_GENERAL,70,LOW,1,152.31,0.00,0.00,-5,8,1,"","info"
es_latam,"puerto baru panama",INFO_CANAL,INFORMACIONAL,BLOG_CORE,70,LOW,9,4987.82,3132.88,4198.05,-26,1,1,"","info"
es_latam,"puerto de cruceros colon",INFO_CANAL,INFORMACIONAL,EXCLUIR,70,LOW,7,0.00,0.00,0.00,71,1,1,"","info"
es_latam,"terminal de cruceros amador",OTRO,GENERICA,EXCLUIR,70,LOW,2,0.00,0.00,0.00,-10,5,1,"","info"
es_latam,"agencia maritima",AGENCIA,COMERCIAL,SERVICIO,50,LOW,12,3422.11,971.19,3549.21,-32,9,1,"","agencia"
es_latam,"combustible de los barcos",BUNKER,GENERICA,SERVICIO,50,LOW,5,0.00,0.00,0.00,73,3,1,"","bunker"
es_latam,"astillero balboa",INFO_CANAL,INFORMACIONAL,BLOG_CORE,50,LOW,1,0.00,0.00,0.00,28,1,1,"","info"
es_latam,"cuanto cuesta cruzar el canal de panama",INFO_CANAL,INFORMACIONAL,BLOG_CORE,50,LOW,4,5996.06,0.00,0.00,-46,1,1,"","info"
es_latam,"nuevas esclusas del canal de panamá",INFO_CANAL,INFORMACIONAL,BLOG_GENERAL,50,LOW,0,0.00,0.00,0.00,-7,8,1,"","info"
es_latam,"principales puertos de panamá",INFO_CANAL,INFORMACIONAL,BLOG_CORE,50,LOW,0,0.00,0.00,0.00,-5,7,1,"","info"
es_latam,"puerto obaldia panama",INFO_CANAL,INFORMACIONAL,BLOG_CORE,50,LOW,0,0.00,0.00,0.00,-20,2,1,"","info"
es_latam,"agente marítimo",AGENCIA,COMERCIAL,SERVICIO,40,LOW,3,0.00,0.00,0.00,-35,3,1,"","agencia"
es_latam,"canal de panama agua clara",INFO_CANAL,INFORMACIONAL,BLOG_GENERAL,40,LOW,2,0.00,0.00,0.00,-12,7,1,"","info"
es_latam,"cma cgm balboa",INFO_CANAL,INFORMACIONAL,BLOG_CORE,40,LOW,0,0.00,0.00,0.00,-78,1,1,"","info"
es_latam,"colon panama puerto",INFO_CANAL,INFORMACIONAL,BLOG_CORE,40,LOW,1,0.00,0.00,0.00,62,10,1,"","info"
es_latam,"obaldia panama",OTRO,COMERCIAL,REVISAR,40,LOW,0,0.00,0.00,0.00,-16,10,1,"","info"
es_latam,"puerto caimito panama",INFO_CANAL,INFORMACIONAL,BLOG_CORE,40,LOW,0,0.00,0.00,0.00,1,5,1,"","info"
es_latam,"puerto de cristóbal",INFO_CANAL,INFORMACIONAL,BLOG_CORE,40,LOW,0,0.00,0.00,0.00,49,7,1,"","info"
es_latam,"agencias navieras en panamá",AGENCIA,COMERCIAL,SERVICIO_PANAMA,30,LOW,23,1858.36,779.51,2505.15,-30,9,1,"","agencia"
es_latam,"combustible barco",BUNKER,GENERICA,SERVICIO,30,LOW,4,0.00,0.00,0.00,119,3,1,"","bunker"
es_latam,"los barcos usan gasolina",OTRO,GENERICA,EXCLUIR,30,LOW,0,0.00,0.00,0.00,27,1,1,"","bunker"
es_latam,"bomba para trasiego de combustible",BUNKER,GENERICA,SERVICIO,30,MEDIUM,51,3173.60,187.97,3226.86,-14,2,1,"","consultoria"
es_latam,"agua clara canal de panama",INFO_CANAL,INFORMACIONAL,BLOG_GENERAL,30,LOW,4,0.00,0.00,0.00,15,7,1,"","info"
es_latam,"canal de panama esclusas de miraflores",INFO_CANAL,INFORMACIONAL,BLOG_GENERAL,30,LOW,10,0.00,468.27,750.08,-24,11,2,"esclusas de miraflores canal de panama","info"
es_latam,"esclusa miraflores panama",INFO_CANAL,INFORMACIONAL,BLOG_GENERAL,30,LOW,15,1665.79,969.07,2612.30,-22,1,2,"esclusas de miraflores panama","info"
es_latam,"puerto colon en panama",INFO_CANAL,INFORMACIONAL,BLOG_CORE,30,LOW,2,0.00,0.00,0.00,-23,2,2,"puerto de colón panamá","info"
es_latam,"tercer juego de esclusas del canal de panamá",INFO_CANAL,INFORMACIONAL,EXCLUIR,30,LOW,0,0.00,0.00,0.00,-44,11,1,"","info"
es_latam,"agenciamiento marítimo",AGENCIA,COMERCIAL,SERVICIO,20,LOW,0,0.00,0.00,0.00,-33,3,1,"","agencia"
es_latam,"agente de carga maritimo",AGENCIA,COMERCIAL,SERVICIO,20,MEDIUM,56,14836.94,4399.31,16135.40,-13,9,1,"","agencia"
es_latam,"navieras en panamá",AGENCIA,COMERCIAL,SERVICIO_PANAMA,20,MEDIUM,55,2741.72,867.44,3258.19,-27,10,1,"","agencia"
es_latam,"agencia maritima altamar ltda",AGENCIA,COMERCIAL,SERVICIO,20,LOW,2,0.00,0.00,0.00,-28,2,1,"","agencia"
es_latam,"agencia naviera venezolana",AGENCIA,COMERCIAL,SERVICIO,20,LOW,6,6271.54,0.00,0.00,-12,7,1,"","agencia"
es_latam,"agente naviero general",AGENCIA,COMERCIAL,SERVICIO,20,LOW,0,0.00,0.00,0.00,-35,3,1,"","agencia"
es_latam,"broker maritimo",CONSULT,COMERCIAL,SERVICIO,20,LOW,9,18700.15,0.00,0.00,-30,9,2,"broker marítimo","agencia"
es_latam,"navegacion del pacifico agencia maritima",AGENCIA,COMERCIAL,SERVICIO,20,LOW,11,3148.01,731.32,1993.36,24,7,1,"","agencia"
es_latam,"navieras en colon",AGENCIA,COMERCIAL,SERVICIO_PANAMA,20,LOW,31,3111.38,0.00,0.00,-45,12,1,"","agencia"
es_latam,"barco de gasolina",OTRO,GENERICA,EXCLUIR,20,LOW,0,0.00,0.00,0.00,2,3,2,"gasolina de barcos","bunker"
es_latam,"combustible de buques",BUNKER,GENERICA,SERVICIO,20,LOW,3,0.00,0.00,0.00,92,1,1,"","bunker"
es_latam,"combustible para barcos de carga",BUNKER,GENERICA,SERVICIO,20,LOW,5,0.00,0.00,0.00,133,12,1,"","bunker"
es_latam,"perito naval",SURVEY,GENERICA,SERVICIO,20,LOW,1,0.00,0.00,0.00,-13,11,1,"","inspeccion"
es_latam,"inspección de buques",SURVEY,GENERICA,SERVICIO,20,LOW,3,0.00,0.00,0.00,-4,7,1,"","inspeccion"
es_latam,"inspección de carga",SURVEY,GENERICA,SERVICIO,20,LOW,6,0.00,0.00,0.00,-28,4,1,"","inspeccion"
es_latam,"inspección de contenedores pdf",FUERA,GENERICA,EXCLUIR,20,LOW,1,0.00,0.00,0.00,-39,9,1,"","inspeccion"
es_latam,"inspector maritimo",SURVEY,COMERCIAL,SERVICIO,20,LOW,0,0.00,0.00,0.00,-17,3,1,"","inspeccion"
es_latam,"corredor marítimo",CONSULT,COMERCIAL,SERVICIO,20,LOW,0,0.00,0.00,0.00,8,3,1,"","consultoria"
es_latam,"fletamento por tiempo",CONSULT,INFORMACIONAL,BLOG_CORE,20,LOW,0,0.00,0.00,0.00,-51,10,1,"","consultoria"
es_latam,"cuánto cuesta cruzar el canal de panamá",INFO_CANAL,INFORMACIONAL,BLOG_CORE,20,LOW,0,0.00,0.00,0.00,-8,12,1,"","info"
es_latam,"canal de panama esclusa miraflores",INFO_CANAL,INFORMACIONAL,BLOG_GENERAL,20,LOW,27,2748.00,699.87,2309.42,19,10,2,"canal de panama esclusas miraflores","info"
es_latam,"como funcionan las esclusas del canal de panama",INFO_CANAL,INFORMACIONAL,BLOG_GENERAL,20,LOW,0,0.00,0.00,0.00,19,8,1,"","info"
es_latam,"compuertas canal de panama",INFO_CANAL,INFORMACIONAL,BLOG_GENERAL,20,LOW,2,0.00,0.00,0.00,24,5,1,"","info"
es_latam,"esclusas del canal de panamá ampliado",INFO_CANAL,INFORMACIONAL,BLOG_GENERAL,20,LOW,0,0.00,0.00,0.00,19,8,1,"","info"
es_latam,"esclusas nuevas del canal de panama",INFO_CANAL,INFORMACIONAL,BLOG_GENERAL,20,LOW,1,0.00,0.00,0.00,-8,9,2,"las nuevas esclusas del canal de panama","info"
es_latam,"funcionamiento de las esclusas del canal de panamá",INFO_CANAL,INFORMACIONAL,BLOG_GENERAL,20,LOW,0,0.00,0.00,0.00,45,8,1,"","info"
es_latam,"las esclusas de panamá",INFO_CANAL,INFORMACIONAL,BLOG_GENERAL,20,LOW,0,0.00,0.00,0.00,76,8,1,"","info"
es_latam,"puerto maritimo de panama",INFO_CANAL,INFORMACIONAL,BLOG_CORE,20,LOW,1,3869.10,0.00,0.00,-29,2,1,"","info"
es_latam,"puertos del canal de panama",INFO_CANAL,INFORMACIONAL,BLOG_CORE,20,LOW,0,0.00,0.00,0.00,-42,3,1,"","info"
es_latam,"que es el canal de panama y como funciona",INFO_CANAL,INFORMACIONAL,BLOG_GENERAL,20,LOW,1,0.00,0.00,0.00,-56,1,1,"","info"
es_latam,"agencia de carga maritima",AGENCIA,COMERCIAL,SERVICIO,10,UNKNOWN,0,0.00,0.00,0.00,0,1,1,"","agencia"
es_latam,"agencias navieras en república dominicana",AGENCIA,COMERCIAL,SERVICIO,10,UNKNOWN,0,0.00,0.00,0.00,-54,10,1,"","agencia"
es_latam,"adriatic agencia naviera sa",AGENCIA,COMERCIAL,SERVICIO,10,UNKNOWN,0,0.00,0.00,0.00,-63,3,1,"","agencia"
es_latam,"agencia internacional maritima",AGENCIA,COMERCIAL,SERVICIO,10,LOW,0,0.00,0.00,0.00,-18,2,1,"","agencia"
es_latam,"agencia internacional maritima sa",AGENCIA,COMERCIAL,SERVICIO,10,UNKNOWN,0,0.00,0.00,0.00,-54,1,2,"agencia maritima internacional sa","agencia"
es_latam,"agencia maritima agunsa",AGENCIA,COMERCIAL,SERVICIO,10,LOW,0,0.00,0.00,0.00,15,5,1,"","agencia"
es_latam,"agencia maritima christophersen",AGENCIA,COMERCIAL,SERVICIO,10,UNKNOWN,0,0.00,0.00,0.00,,10,1,"","agencia"
es_latam,"agencia maritima funciones",AGENCIA,COMERCIAL,SERVICIO,10,UNKNOWN,0,0.00,0.00,0.00,-54,4,1,"","agencia"
es_latam,"agencia maritima global",AGENCIA,COMERCIAL,SERVICIO,10,UNKNOWN,0,0.00,0.00,0.00,358,6,1,"","agencia"
es_latam,"agencia maritima global sa",AGENCIA,COMERCIAL,SERVICIO,10,UNKNOWN,0,0.00,0.00,0.00,,1,1,"","agencia"
es_latam,"agencia maritima internacional sas",AGENCIA,COMERCIAL,SERVICIO,10,UNKNOWN,0,0.00,0.00,0.00,-69,5,1,"","agencia"
es_latam,"agencia maritima navegacion del pacifico",AGENCIA,COMERCIAL,SERVICIO,10,LOW,0,0.00,0.00,0.00,-45,1,1,"","agencia"
es_latam,"agencia maritima one",AGENCIA,COMERCIAL,SERVICIO,10,UNKNOWN,0,0.00,0.00,0.00,-8,2,2,"one agencia maritima","agencia"
es_latam,"agencia maritima san lorenzo",AGENCIA,COMERCIAL,SERVICIO,10,LOW,0,0.00,0.00,0.00,,6,1,"","agencia"
es_latam,"agencia maritima ultramar",AGENCIA,COMERCIAL,SERVICIO,10,LOW,19,0.00,0.00,0.00,-2,2,1,"","agencia"
es_latam,"agencia naviera funciones",AGENCIA,COMERCIAL,SERVICIO,10,UNKNOWN,0,0.00,0.00,0.00,-43,3,1,"","agencia"
es_latam,"agencia naviera latinoamericana",AGENCIA,COMERCIAL,SERVICIO,10,MEDIUM,50,11642.96,0.00,0.00,-8,1,1,"","agencia"
es_latam,"agencia naviera que es",AGENCIA,COMERCIAL,SERVICIO,10,LOW,0,0.00,0.00,0.00,-21,2,1,"","agencia"
es_latam,"agencia naviera zanders",AGENCIA,COMERCIAL,SERVICIO,10,UNKNOWN,0,0.00,0.00,0.00,,10,1,"","agencia"
es_latam,"agenciamiento portuario",AGENCIA,COMERCIAL,SERVICIO,10,LOW,0,0.00,0.00,0.00,-17,2,1,"","agencia"
es_latam,"agencias maritimas en panama",AGENCIA,COMERCIAL,SERVICIO_PANAMA,10,MEDIUM,50,4941.05,999.24,3258.19,-1,2,1,"","agencia"
es_latam,"agencias navieras panamá",AGENCIA,COMERCIAL,SERVICIO_PANAMA,10,UNKNOWN,0,0.00,0.00,0.00,175,3,2,"agencias navieras de panama","agencia"
es_latam,"agencias navieras en punto fijo",AGENCIA,COMERCIAL,SERVICIO,10,LOW,0,0.00,0.00,0.00,-40,9,1,"","agencia"
es_latam,"agente aduanero maritimo",AGENCIA,COMERCIAL,SERVICIO,10,HIGH,68,24629.37,1501.01,11309.41,-39,10,1,"","agencia"
es_latam,"agente de aduanas maritimo",AGENCIA,COMERCIAL,SERVICIO,10,LOW,0,0.00,0.00,0.00,38,4,1,"","agencia"
es_latam,"agente de carga maritima y terrestre",AGENCIA,COMERCIAL,SERVICIO,10,MEDIUM,43,0.00,0.00,0.00,-35,3,1,"","agencia"
es_latam,"agente de carga terrestre",AGENCIA,COMERCIAL,SERVICIO,10,MEDIUM,57,6998.19,0.00,0.00,-8,9,1,"","agencia"
es_latam,"agente maritimo definicion",AGENCIA,COMERCIAL,SERVICIO,10,LOW,0,0.00,0.00,0.00,-59,2,1,"","agencia"
es_latam,"agente maritimo que es",AGENCIA,COMERCIAL,SERVICIO,10,LOW,0,0.00,0.00,0.00,1,2,1,"","agencia"
es_latam,"agente marítimo funciones",AGENCIA,COMERCIAL,SERVICIO,10,LOW,0,0.00,0.00,0.00,-31,1,1,"","agencia"
es_latam,"agentes del transporte maritimo",AGENCIA,COMERCIAL,SERVICIO,10,UNKNOWN,0,0.00,0.00,0.00,-54,2,1,"","agencia"
es_latam,"ami agencia maritima internacional",AGENCIA,COMERCIAL,SERVICIO,10,UNKNOWN,0,0.00,0.00,0.00,-49,3,1,"","agencia"
es_latam,"canopus agencia maritima",AGENCIA,COMERCIAL,SERVICIO,10,UNKNOWN,0,0.00,0.00,0.00,-8,2,1,"","agencia"
es_latam,"columbus agencia maritima",AGENCIA,COMERCIAL,SERVICIO,10,UNKNOWN,0,0.00,0.00,0.00,-8,2,1,"","agencia"
es_latam,"consignatario de buque",AGENCIA,GENERICA,SERVICIO,10,LOW,0,0.00,0.00,0.00,2,1,1,"","agencia"
es_latam,"empresa maritima sa",CONSULT,COMERCIAL,SERVICIO,10,UNKNOWN,0,0.00,0.00,0.00,-8,4,1,"","agencia"
es_latam,"frontier agencia maritima sa",AGENCIA,COMERCIAL,SERVICIO,10,UNKNOWN,0,0.00,0.00,0.00,-45,1,1,"","agencia"
es_latam,"ibernor agencia maritima",AGENCIA,COMERCIAL,SERVICIO,10,LOW,0,0.00,0.00,0.00,-27,3,1,"","agencia"
es_latam,"kenrick agencia maritima",AGENCIA,COMERCIAL,SERVICIO,10,LOW,0,0.00,0.00,0.00,-8,7,1,"","agencia"
es_latam,"navegacion del pacifico agencia maritima ltda",AGENCIA,COMERCIAL,SERVICIO,10,UNKNOWN,0,0.00,0.00,0.00,-63,1,1,"","agencia"
es_latam,"naviera agunsa",AGENCIA,GENERICA,SERVICIO,10,LOW,4,0.00,0.00,0.00,-8,2,1,"","agencia"
es_latam,"navieras br",AGENCIA,GENERICA,SERVICIO,10,UNKNOWN,0,0.00,0.00,0.00,,9,1,"","agencia"
es_latam,"sea cargo sa agentes de seaboard marine ltd",AGENCIA,COMERCIAL,SERVICIO,10,UNKNOWN,0,0.00,0.00,0.00,,8,1,"","agencia"
es_latam,"servicio logistico del puerto de balboa",INFO_CANAL,COMERCIAL,SERVICIO_PANAMA,10,UNKNOWN,0,0.00,0.00,0.00,-54,9,1,"","agencia"
es_latam,"servicios portuarios panama",AGENCIA,COMERCIAL,SERVICIO_PANAMA,10,LOW,0,0.00,0.00,0.00,-8,6,2,"servicios portuarios en panamá","agencia"
es_latam,"transmares agencia maritima",AGENCIA,COMERCIAL,SERVICIO,10,LOW,4,0.00,0.00,0.00,-22,1,1,"","agencia"
es_latam,"ultramar agencia maritima limitada",AGENCIA,COMERCIAL,SERVICIO,10,LOW,0,0.00,0.00,0.00,0,1,1,"","agencia"
es_latam,"ultramar agencia maritima ltda",AGENCIA,COMERCIAL,SERVICIO,10,LOW,0,0.00,0.00,0.00,0,1,1,"","agencia"
es_latam,"suministro de combustible a buques",BUNKER,GENERICA,SERVICIO,10,UNKNOWN,0,0.00,0.00,0.00,-39,1,1,"","bunker"
es_latam,"gasoil marino",BUNKER,GENERICA,SERVICIO,10,LOW,0,0.00,0.00,0.00,-8,1,1,"","bunker"
es_latam,"barco combustible",BUNKER,GENERICA,SERVICIO,10,LOW,0,0.00,0.00,0.00,-8,4,1,"","bunker"
es_latam,"gasolina barco",OTRO,GENERICA,EXCLUIR,10,LOW,0,0.00,0.00,0.00,10,1,3,"barcos gasolina | gasolina para barcos","bunker"
es_latam,"bunker survey",BUNKER,GENERICA,SERVICIO,10,LOW,6,1776.37,0.00,0.00,-3,2,1,"","bunker"
es_latam,"combustible barcos grandes",BUNKER,GENERICA,SERVICIO,10,LOW,10,0.00,0.00,0.00,26,1,1,"","bunker"
es_latam,"combustible para buques",BUNKER,GENERICA,SERVICIO,10,LOW,6,0.00,0.00,0.00,22,10,1,"","bunker"
es_latam,"combustible para yates",BUNKER,GENERICA,SERVICIO,10,LOW,6,0.00,0.00,0.00,13,3,1,"","bunker"
es_latam,"diesel para barcos",BUNKER,GENERICA,SERVICIO,10,LOW,14,0.00,0.00,0.00,0,1,1,"","bunker"
es_latam,"gasoil marino precio",BUNKER,INFORMACIONAL,BLOG_CORE,10,UNKNOWN,0,0.00,0.00,0.00,22,2,2,"precio gasoil marino","bunker"
es_latam,"motor barca gasolina",OTRO,GENERICA,EXCLUIR,10,UNKNOWN,0,0.00,0.00,0.00,-8,2,1,"","bunker"
es_latam,"motor barco diesel",BUNKER,GENERICA,SERVICIO,10,LOW,0,0.00,0.00,0.00,-26,9,1,"","bunker"
es_latam,"motores de barcos diesel",BUNKER,GENERICA,SERVICIO,10,LOW,0,0.00,0.00,0.00,-22,2,3,"motores diesel de barcos | motores diesel para barcos","bunker"
es_latam,"motores diesel para embarcaciones de recreo",BUNKER,GENERICA,SERVICIO,10,UNKNOWN,0,0.00,0.00,0.00,,3,1,"","bunker"
es_latam,"peritaje naval",SURVEY,GENERICA,SERVICIO,10,LOW,0,0.00,0.00,0.00,10,1,1,"","inspeccion"
es_latam,"reclamaciones de carga",CLAIMS,GENERICA,SERVICIO,10,UNKNOWN,0,0.00,0.00,0.00,-8,3,1,"","inspeccion"
es_latam,"inspector de carga",SURVEY,COMERCIAL,SERVICIO,10,LOW,4,0.00,0.00,0.00,15,1,1,"","inspeccion"
es_latam,"surveyor marítimo",SURVEY,COMERCIAL,SERVICIO,10,LOW,4,0.00,0.00,0.00,-43,3,1,"","inspeccion"
es_latam,"aerovaradero reclamaciones",FUERA,GENERICA,EXCLUIR,10,UNKNOWN,0,0.00,0.00,0.00,0,11,1,"","inspeccion"
es_latam,"inspeccion contenedores",FUERA,GENERICA,EXCLUIR,10,LOW,4,0.00,0.00,0.00,-8,1,1,"","inspeccion"
es_latam,"inspeccion de contenedores basc",FUERA,GENERICA,EXCLUIR,10,LOW,6,0.00,0.00,0.00,-39,1,1,"","inspeccion"
es_latam,"inspeccion de contenedores maritimos",SURVEY,GENERICA,SERVICIO,10,LOW,3,0.00,0.00,0.00,1,1,1,"","inspeccion"
es_latam,"inspeccion fisico mecanica transporte de carga",SURVEY,GENERICA,SERVICIO,10,UNKNOWN,0,0.00,0.00,0.00,-8,9,1,"","inspeccion"
es_latam,"inspeccion tecnica de buques",SURVEY,GENERICA,SERVICIO,10,UNKNOWN,0,0.00,0.00,0.00,,1,1,"","inspeccion"
es_latam,"inspecciones de buques",SURVEY,GENERICA,SERVICIO,10,LOW,0,0.00,0.00,0.00,-8,1,1,"","inspeccion"
es_latam,"procedimiento de inspeccion de contenedores",FUERA,GENERICA,EXCLUIR,10,UNKNOWN,0,0.00,0.00,0.00,-43,3,1,"","inspeccion"
es_latam,"revision de contenedores",OTRO,GENERICA,REVISAR,10,LOW,0,0.00,0.00,0.00,-8,3,1,"","inspeccion"
es_latam,"verificacion de contenedores",OTRO,GENERICA,REVISAR,10,LOW,0,0.00,0.00,0.00,42,4,1,"","inspeccion"
es_latam,"fletamento de buques",CONSULT,GENERICA,SERVICIO,10,LOW,0,0.00,0.00,0.00,-31,1,1,"","consultoria"
es_latam,"bomba trasiego gasoil",BUNKER,GENERICA,SERVICIO,10,MEDIUM,54,1647.84,0.00,0.00,94,3,6,"bombas trasiego gasoil | bomba de trasiego gasoil | bomba de trasiego de gasoil","consultoria"
es_latam,"bomba trasiego diesel",BUNKER,GENERICA,SERVICIO,10,MEDIUM,40,0.00,0.00,0.00,-1,5,2,"bomba de trasiego diesel","consultoria"
es_latam,"bomba trasiego combustible",BUNKER,GENERICA,SERVICIO,10,MEDIUM,63,29799.54,0.00,0.00,10,2,1,"","consultoria"
es_latam,"contrato de fletamento de buques",CONSULT,GENERICA,SERVICIO,10,UNKNOWN,0,0.00,0.00,0.00,-77,3,1,"","consultoria"
es_latam,"contrato de fletamento por tiempo",CONSULT,INFORMACIONAL,BLOG_CORE,10,LOW,0,0.00,0.00,0.00,-13,6,1,"","consultoria"
es_latam,"fletamento a tiempo",CONSULT,INFORMACIONAL,BLOG_CORE,10,UNKNOWN,0,0.00,0.00,0.00,-49,2,1,"","consultoria"
es_latam,"air panama puerto obaldia",INFO_CANAL,INFORMACIONAL,BLOG_CORE,10,UNKNOWN,0,0.00,0.00,0.00,-17,1,1,"","info"
es_latam,"astillero balboa panama",INFO_CANAL,INFORMACIONAL,BLOG_CORE,10,LOW,4,0.00,0.00,0.00,0,1,3,"astillero balboa panamá | astillero de balboa panama","info"
es_latam,"balboa panamá puerto",INFO_CANAL,INFORMACIONAL,BLOG_CORE,10,LOW,0,0.00,0.00,0.00,83,6,3,"balboa puerto panama | puerto de panama balboa","info"
es_latam,"canal de panama aguas claras",INFO_CANAL,INFORMACIONAL,BLOG_GENERAL,10,LOW,7,0.00,0.00,0.00,20,5,1,"","info"
es_latam,"canal de panama compuertas",INFO_CANAL,INFORMACIONAL,BLOG_GENERAL,10,LOW,0,0.00,0.00,0.00,-8,9,1,"","info"
es_latam,"canal de panama cuanto cuesta cruzar",INFO_CANAL,INFORMACIONAL,BLOG_CORE,10,LOW,0,0.00,0.00,0.00,0,1,1,"","info"
es_latam,"canal de panama historia y como funciona",INFO_CANAL,INFORMACIONAL,EXCLUIR,10,UNKNOWN,0,0.00,0.00,0.00,-39,1,1,"","info"
es_latam,"canal de panama miraflores precios",INFO_CANAL,INFORMACIONAL,BLOG_CORE,10,MEDIUM,57,0.00,0.00,0.00,0,1,1,"","info"
es_latam,"canal de panama nuevas esclusas",INFO_CANAL,INFORMACIONAL,BLOG_GENERAL,10,LOW,0,0.00,0.00,0.00,7,2,1,"","info"
es_latam,"castillo san cristóbal san juan",INFO_CANAL,INFORMACIONAL,BLOG_CORE,10,LOW,0,0.00,0.00,0.00,18,1,2,"castillo de san cristóbal san juan","info"
es_latam,"colon 2000 terminal de cruceros",OTRO,COMERCIAL,EXCLUIR,10,LOW,0,0.00,0.00,0.00,-29,6,1,"","info"
es_latam,"colon container terminal almacenaje",INFO_CANAL,INFORMACIONAL,BLOG_GENERAL,10,LOW,14,0.00,0.00,0.00,0,1,1,"","info"
es_latam,"colon container terminal telefonos",INFO_CANAL,INFORMACIONAL,BLOG_GENERAL,10,LOW,0,0.00,0.00,0.00,33,1,1,"","info"
es_latam,"como funciona canal de panama",INFO_CANAL,INFORMACIONAL,BLOG_GENERAL,10,LOW,0,0.00,0.00,0.00,-2,4,1,"","info"
es_latam,"como funciona el canal de panamá cuando pasan los barcos",INFO_CANAL,INFORMACIONAL,BLOG_GENERAL,10,LOW,1,0.00,0.00,0.00,-35,1,1,"","info"
es_latam,"como funciona el canal de panamá resumen",INFO_CANAL,INFORMACIONAL,BLOG_GENERAL,10,LOW,0,0.00,0.00,0.00,-29,3,1,"","info"
es_latam,"como funciona el sistema de esclusas del canal de panama",INFO_CANAL,INFORMACIONAL,BLOG_GENERAL,10,LOW,0,0.00,0.00,0.00,-1,7,1,"","info"
es_latam,"cuanto cuesta cruzar el canal de panamá en auto",INFO_CANAL,INFORMACIONAL,BLOG_CORE,10,UNKNOWN,0,0.00,0.00,0.00,-90,3,1,"","info"
es_latam,"cuanto cuesta cruzar el canal de panamá en velero",INFO_CANAL,INFORMACIONAL,BLOG_CORE,10,LOW,0,0.00,0.00,0.00,-17,1,1,"","info"
es_latam,"cuanto cuesta cruzar un barco por el canal de panama",INFO_CANAL,INFORMACIONAL,BLOG_CORE,10,LOW,0,0.00,0.00,0.00,-31,1,1,"","info"
es_latam,"dimensiones de las esclusas del canal de panama",INFO_CANAL,INFORMACIONAL,BLOG_GENERAL,10,LOW,0,0.00,0.00,0.00,-8,4,1,"","info"
es_latam,"esclusa miraflores canal de panama panama city",INFO_CANAL,INFORMACIONAL,BLOG_GENERAL,10,UNKNOWN,0,0.00,0.00,0.00,-80,10,1,"","info"
es_latam,"esclusas canal panama",INFO_CANAL,INFORMACIONAL,BLOG_GENERAL,10,LOW,10,0.00,0.00,0.00,-8,5,2,"esclusas canal de panamá","info"
es_latam,"esclusas de panama nuevas",INFO_CANAL,INFORMACIONAL,BLOG_GENERAL,10,UNKNOWN,0,0.00,0.00,0.00,-67,1,1,"","info"
es_latam,"esclusas del canal de panama horarios",INFO_CANAL,INFORMACIONAL,BLOG_GENERAL,10,LOW,29,900.61,0.00,0.00,-16,1,1,"","info"
es_latam,"estatua de colon viejo san juan",OTRO,COMERCIAL,EXCLUIR,10,LOW,0,0.00,0.00,0.00,-69,2,1,"","info"
es_latam,"funcionamiento esclusas canal de panama",INFO_CANAL,INFORMACIONAL,BLOG_GENERAL,10,LOW,0,0.00,0.00,0.00,50,5,1,"","info"
es_latam,"la marina mercante de panamá",OTRO,COMERCIAL,REVISAR,10,LOW,0,0.00,0.00,0.00,22,5,1,"","info"
es_latam,"museo de miraflores panama",OTRO,COMERCIAL,EXCLUIR,10,LOW,0,0.00,0.00,0.00,-15,9,1,"","info"
es_latam,"museo del canal de panama miraflores",INFO_CANAL,INFORMACIONAL,EXCLUIR,10,LOW,4,0.00,0.00,0.00,-21,2,1,"","info"
es_latam,"puerto maritimo panama",INFO_CANAL,INFORMACIONAL,BLOG_CORE,10,LOW,0,2826.93,0.00,0.00,-24,2,4,"panama puertos maritimos | puertos marítimos de panamá | puertos maritimos en panama","info"
es_latam,"para que sirven las esclusas del canal de panama",INFO_CANAL,INFORMACIONAL,BLOG_GENERAL,10,LOW,0,0.00,0.00,0.00,-8,6,1,"","info"
es_latam,"puerto almirante panama",INFO_CANAL,INFORMACIONAL,BLOG_CORE,10,LOW,0,0.00,0.00,0.00,-13,5,1,"","info"
es_latam,"puerto colon container terminal",INFO_CANAL,INFORMACIONAL,BLOG_CORE,10,LOW,0,0.00,0.00,0.00,-32,9,1,"","info"
es_latam,"puerto de balboa almacenaje",INFO_CANAL,INFORMACIONAL,BLOG_CORE,10,LOW,0,0.00,0.00,0.00,0,1,1,"","info"
es_latam,"puerto de contenedores en colón",INFO_CANAL,INFORMACIONAL,BLOG_CORE,10,LOW,0,0.00,0.00,0.00,-8,1,1,"","info"
es_latam,"puerto obaldia panamá",INFO_CANAL,INFORMACIONAL,BLOG_CORE,10,LOW,0,0.00,0.00,0.00,26,1,2,"puerto de obaldia panama","info"
es_latam,"puerto panama pacifico",INFO_CANAL,INFORMACIONAL,BLOG_CORE,10,LOW,0,0.00,0.00,0.00,-22,4,1,"","info"
es_latam,"puertos de contenedores en panama",INFO_CANAL,INFORMACIONAL,BLOG_CORE,10,LOW,0,0.00,0.00,0.00,-16,7,1,"","info"
es_latam,"puertos en colon panama",INFO_CANAL,INFORMACIONAL,BLOG_CORE,10,LOW,2,0.00,0.00,0.00,-18,2,1,"","info"
es_latam,"puertos internacionales de panama",INFO_CANAL,INFORMACIONAL,BLOG_CORE,10,LOW,0,0.00,0.00,0.00,1,4,1,"","info"
es_latam,"sistema de esclusas canal de panama",INFO_CANAL,INFORMACIONAL,BLOG_GENERAL,10,LOW,0,0.00,0.00,0.00,8,4,1,"","info"
es_latam,"sistema portuario de panama",OTRO,COMERCIAL,REVISAR,10,LOW,0,0.00,0.00,0.00,-32,6,1,"","info"
es_latam,"tarifas portuarias en panamá",OTRO,INFORMACIONAL,REVISAR,10,LOW,9,8069.66,0.00,0.00,-31,1,1,"","info"
es_latam,"terminal de cruceros amador panama",OTRO,COMERCIAL,EXCLUIR,10,UNKNOWN,0,0.00,0.00,0.00,5,1,1,"","info"
es_latam,"terminal de cruceros de panamá",OTRO,COMERCIAL,EXCLUIR,10,LOW,0,0.00,0.00,0.00,-8,7,1,"","info"